GAME_ID,TEAM_ABBREVIATION,PF
0021700002,HOU,16
0021700001,BOS,24
0021700001,CLE,25
0021700002,GSW,25
0021700013,HOU,14
0021700005,MIA,20
0021700007,MIL,22
0021700011,MIN,16
0021700004,BKN,25
0021700005,ORL,18
0021700004,IND,25
0021700006,PHI,28
0021700009,ATL,18
0021700007,BOS,27
0021700008,NOP,31
0021700009,DAL,19
0021700010,DEN,18
0021700012,PHX,22
0021700012,POR,20
0021700013,SAC,20
0021700011,SAS,18
0021700010,UTA,18
0021700008,MEM,29
0021700006,WAS,20
0021700003,DET,21
0021700003,CHA,15
0021700016,LAC,20
0021700016,LAL,15
0021700015,NYK,23
0021700014,CHI,23
0021700015,OKC,22
0021700014,TOR,19
0021700026,LAL,31
0021700021,MIL,17
0021700023,MIN,17
0021700022,BKN,17
0021700022,ORL,27
0021700018,IND,17
0021700019,PHI,30
0021700017,ATL,29
0021700019,BOS,24
0021700021,CLE,11
0021700025,NOP,19
0021700024,DAL,13
0021700025,GSW,23
0021700026,PHX,25
0021700018,POR,26
0021700024,SAC,18
0021700023,UTA,21
0021700020,WAS,18
0021700020,DET,32
0021700017,CHA,18
0021700032,HOU,24
0021700037,LAC,32
0021700029,MIA,19
0021700034,MIL,23
0021700030,NYK,21
0021700028,ORL,28
0021700029,IND,18
0021700027,PHI,26
0021700028,CLE,14
0021700031,CHI,15
0021700032,DAL,19
0021700035,DEN,19
0021700033,GSW,28
0021700037,PHX,27
0021700034,POR,22
0021700035,SAC,21
0021700031,SAS,14
0021700036,OKC,16
0021700027,TOR,29
0021700036,UTA,21
0021700033,MEM,25
0021700030,DET,25
0021700040,LAL,24
0021700039,MIN,17
0021700038,BKN,27
0021700038,ATL,25
0021700040,NOP,20
0021700039,OKC,22
0021700043,HOU,31
0021700042,MIA,19
0021700044,MIL,27
0021700041,PHI,24
0021700042,ATL,17
0021700045,DAL,20
0021700047,DEN,22
0021700045,GSW,23
0021700048,PHX,25
0021700048,SAC,25
0021700046,SAS,22
0021700046,TOR,30
0021700043,MEM,21
0021700047,WAS,24
0021700041,DET,21
0021700044,CHA,21
0021700054,LAC,16
0021700052,MIN,14
0021700050,BKN,27
0021700051,NYK,17
0021700050,ORL,23
0021700052,IND,21
0021700051,BOS,24
0021700049,CLE,14
0021700053,NOP,26
0021700049,CHI,20
0021700053,POR,22
0021700054,UTA,23
0021700057,HOU,13
0021700064,LAL,26
0021700059,MIA,25
0021700056,MIN,19
0021700058,BKN,22
0021700060,IND,23
0021700057,PHI,19
0021700058,CLE,17
0021700061,DAL,20
0021700055,DEN,23
0021700063,GSW,15
0021700062,PHX,25
0021700059,SAS,20
0021700060,OKC,27
0021700063,TOR,16
0021700062,UTA,19
0021700061,MEM,22
0021700064,WAS,19
0021700056,DET,22
0021700055,CHA,16
0021700068,LAC,19
0021700067,MIL,20
0021700065,ATL,23
0021700067,BOS,14
0021700069,NOP,24
0021700065,CHI,15
0021700066,DAL,22
0021700068,POR,26
0021700069,SAC,17
0021700066,MEM,23
0021700070,HOU,26
0021700076,LAL,22
0021700074,MIN,21
0021700073,BKN,20
0021700073,NYK,19
0021700071,ORL,24
0021700072,ATL,21
0021700072,DEN,12
0021700075,GSW,20
0021700071,SAS,15
0021700074,OKC,29
0021700076,TOR,24
0021700075,WAS,21
0021700070,CHA,14
0021700080,HOU,23
0021700084,LAC,18
0021700082,LAL,20
0021700078,MIA,23
0021700081,PHI,21
0021700078,BOS,14
0021700077,CLE,19
0021700077,NOP,20
0021700079,CHI,16
0021700081,DAL,15
0021700083,PHX,23
0021700083,POR,26
0021700079,OKC,17
0021700082,UTA,20
0021700080,MEM,20
0021700084,DET,20
0021700085,MIL,27
0021700087,BKN,18
0021700090,NYK,26
0021700088,ORL,20
0021700086,IND,20
0021700085,ATL,21
0021700090,CLE,23
0021700087,DEN,22
0021700091,GSW,14
0021700089,SAC,20
0021700086,SAS,11
0021700089,WAS,18
0021700091,DET,9
0021700088,CHA,24
0021700095,HOU,23
0021700100,LAC,20
0021700093,MIA,28
0021700093,MIN,25
0021700094,NYK,27
0021700097,ORL,19
0021700095,PHI,31
0021700092,BOS,22
0021700097,NOP,22
0021700098,DAL,16
0021700094,DEN,22
0021700100,GSW,23
0021700099,POR,15
0021700092,SAS,14
0021700099,TOR,14
0021700098,UTA,17
0021700096,MEM,22
0021700096,CHA,22
0021700104,LAL,14
0021700103,MIL,22
0021700102,BKN,22
0021700101,IND,17
0021700102,PHX,26
0021700101,SAC,18
0021700103,OKC,20
0021700104,DET,11
0021700111,HOU,20
0021700116,LAC,20
0021700110,MIA,19
0021700105,MIL,25
0021700113,MIN,21
0021700111,NYK,18
0021700112,ORL,22
0021700106,IND,23
0021700107,PHI,26
0021700107,ATL,28
0021700109,BOS,19
0021700106,CLE,19
0021700113,NOP,24
0021700110,CHI,19
0021700116,DAL,22
0021700114,DEN,20
0021700108,PHX,24
0021700115,POR,25
0021700109,SAC,18
0021700114,TOR,25
0021700115,UTA,21
0021700112,MEM,16
0021700108,WAS,28
0021700105,CHA,18
0021700118,LAL,20
0021700117,GSW,20
0021700118,POR,21
0021700117,SAS,10
0021700123,HOU,16
0021700130,LAL,29
0021700127,MIA,24
0021700119,MIL,24
0021700130,BKN,22
0021700124,NYK,24
0021700120,ORL,11
0021700121,IND,18
0021700121,PHI,20
0021700123,ATL,16
0021700129,BOS,14
0021700122,CLE,27
0021700125,NOP,22
0021700120,CHI,13
0021700125,DAL,24
0021700127,DEN,16
0021700124,PHX,25
0021700126,SAS,26
0021700129,OKC,18
0021700128,TOR,27
0021700128,UTA,25
0021700122,WAS,24
0021700119,DET,11
0021700126,CHA,20
0021700131,LAC,22
0021700134,MIN,20
0021700133,NOP,9
0021700133,CHI,19
0021700134,DAL,19
0021700135,DEN,18
0021700135,GSW,23
0021700132,SAC,23
0021700131,MEM,28
0021700132,DET,19
0021700140,HOU,24
0021700137,LAC,22
0021700145,LAL,16
0021700137,MIA,26
0021700143,MIN,19
0021700142,NYK,21
0021700138,ORL,19
0021700142,IND,17
0021700136,ATL,20
0021700138,BOS,21
0021700136,CLE,29
0021700141,PHX,16
0021700144,POR,20
0021700141,SAS,19
0021700144,OKC,27
0021700139,TOR,24
0021700140,UTA,18
0021700145,MEM,22
0021700139,WAS,26
0021700143,CHA,24
0021700148,MIA,20
0021700147,BKN,30
0021700146,ATL,22
0021700146,BOS,21
0021700148,GSW,21
0021700147,PHX,29
0021700154,LAC,19
0021700149,MIL,31
0021700155,BKN,16
0021700152,NYK,19
0021700150,IND,21
0021700156,PHI,34
0021700149,CLE,16
0021700150,NOP,18
0021700153,CHI,23
0021700151,DAL,23
0021700155,DEN,21
0021700157,POR,18
0021700158,SAC,24
0021700154,SAS,21
0021700158,OKC,17
0021700153,TOR,22
0021700156,UTA,23
0021700157,MEM,21
0021700151,WAS,19
0021700152,CHA,22
0021700161,LAL,30
0021700162,MIA,25
0021700163,MIN,14
0021700160,NYK,21
0021700160,ORL,15
0021700159,IND,24
0021700161,BOS,20
0021700163,GSW,23
0021700162,PHX,29
0021700159,DET,22
0021700166,HOU,27
0021700164,LAL,19
0021700167,PHI,28
0021700166,CLE,30
0021700165,NOP,20
0021700168,DEN,15
0021700167,SAC,19
0021700168,OKC,23
0021700165,TOR,24
0021700164,WAS,31
0021700172,LAC,30
0021700175,MIA,20
0021700173,MIL,13
0021700176,BKN,13
0021700174,ORL,20
0021700171,IND,17
0021700169,ATL,21
0021700170,BOS,26
0021700171,CHI,13
0021700174,PHX,29
0021700176,POR,17
0021700173,SAS,15
0021700172,OKC,29
0021700175,UTA,20
0021700169,DET,18
0021700170,CHA,21
0021700180,HOU,19
0021700178,LAC,24
0021700182,LAL,22
0021700182,MIL,27
0021700186,MIN,21
0021700187,BKN,22
0021700179,NYK,22
0021700185,ORL,19
0021700184,PHI,19
0021700177,ATL,23
0021700181,CLE,18
0021700178,NOP,19
0021700183,CHI,15
0021700181,DAL,26
0021700185,DEN,16
0021700184,GSW,23
0021700186,PHX,25
0021700179,SAC,18
0021700183,SAS,16
0021700187,UTA,29
0021700180,MEM,20
0021700177,WAS,22
0021700190,HOU,20
0021700189,MIA,22
0021700190,IND,15
0021700188,BOS,18
0021700191,DAL,20
0021700191,OKC,23
0021700188,TOR,20
0021700189,DET,17
0021700200,LAC,26
0021700196,LAL,20
0021700194,MIL,19
0021700197,MIN,13
0021700193,NYK,21
0021700199,ORL,18
0021700200,PHI,26
0021700195,ATL,18
0021700193,CLE,21
0021700195,NOP,13
0021700198,DEN,16
0021700199,GSW,21
0021700196,PHX,17
0021700198,POR,18
0021700192,SAC,15
0021700197,UTA,23
0021700194,MEM,25
0021700192,WAS,21
0021700202,HOU,27
0021700201,BKN,24
0021700201,BOS,14
0021700203,DAL,23
0021700203,SAS,16
0021700202,TOR,30
0021700214,LAL,23
0021700205,MIA,20
0021700209,MIL,19
0021700210,MIN,16
0021700206,NYK,19
0021700213,ORL,16
0021700208,IND,17
0021700214,PHI,19
0021700204,ATL,23
0021700207,CLE,24
0021700211,NOP,21
0021700212,CHI,27
0021700213,POR,10
0021700204,SAC,19
0021700210,SAS,18
0021700212,OKC,19
0021700211,TOR,20
0021700206,UTA,23
0021700208,MEM,19
0021700205,WAS,19
0021700209,DET,20
0021700207,CHA,19
0021700216,HOU,20
0021700215,BOS,15
0021700215,GSW,24
0021700216,PHX,22
0021700220,LAC,26
0021700227,LAL,20
0021700218,MIA,19
0021700224,MIN,18
0021700219,BKN,21
0021700221,NYK,12
0021700217,IND,13
0021700220,CLE,20
0021700226,NOP,19
0021700222,CHI,23
0021700224,DAL,20
0021700226,DEN,15
0021700227,PHX,22
0021700225,POR,20
0021700225,SAC,22
0021700223,SAS,18
0021700223,OKC,22
0021700221,TOR,19
0021700219,UTA,19
0021700218,WAS,17
0021700217,DET,18
0021700222,CHA,15
0021700232,HOU,24
0021700228,LAC,22
0021700233,MIL,25
0021700229,ORL,20
0021700231,PHI,22
0021700230,ATL,19
0021700230,BOS,22
0021700233,DAL,26
0021700231,GSW,18
0021700234,POR,22
0021700234,SAC,24
0021700229,UTA,19
0021700232,MEM,18
0021700228,CHA,16
0021700240,LAL,27
0021700235,MIA,11
0021700238,MIN,20
0021700236,BKN,21
0021700235,IND,14
0021700239,CHI,21
0021700240,DEN,15
0021700236,GSW,27
0021700239,PHX,16
0021700237,TOR,19
0021700237,WAS,12
0021700238,DET,21
0021700245,LAC,23
0021700247,MIL,19
0021700241,MIN,21
0021700245,NYK,26
0021700243,ORL,20
0021700243,IND,25
0021700244,PHI,18
0021700250,ATL,15
0021700249,BOS,24
0021700242,CLE,14
0021700248,NOP,22
0021700249,DAL,22
0021700251,DEN,13
0021700246,POR,23
0021700251,SAC,19
0021700250,SAS,17
0021700248,OKC,25
0021700244,UTA,19
0021700246,MEM,26
0021700247,WAS,18
0021700242,DET,19
0021700241,CHA,18
0021700252,LAL,16
0021700252,CHI,19
0021700259,HOU,22
0021700256,LAC,15
0021700266,LAL,19
0021700257,MIA,22
0021700264,MIL,30
0021700261,MIN,17
0021700254,BKN,21
0021700258,NYK,19
0021700261,ORL,31
0021700255,PHI,21
0021700256,ATL,20
0021700257,BOS,19
0021700254,CLE,19
0021700262,NOP,18
0021700265,CHI,21
0021700260,DAL,14
0021700259,DEN,14
0021700263,GSW,20
0021700264,PHX,26
0021700255,POR,17
0021700266,SAC,20
0021700262,SAS,23
0021700263,OKC,21
0021700258,TOR,23
0021700265,UTA,15
0021700260,MEM,25
0021700253,WAS,29
0021700253,CHA,20
0021700272,MIA,24
0021700272,MIN,16
0021700267,BKN,22
0021700268,NYK,19
0021700269,ORL,16
0021700271,IND,18
0021700268,ATL,16
0021700269,BOS,20
0021700270,CLE,24
0021700275,NOP,18
0021700276,CHI,17
0021700274,DEN,18
0021700276,GSW,15
0021700275,PHX,18
0021700267,POR,16
0021700273,OKC,12
0021700271,TOR,20
0021700274,MEM,21
0021700273,DET,17
0021700270,CHA,17
0021700282,HOU,15
0021700286,LAC,13
0021700285,MIL,21
0021700282,NYK,20
0021700278,ORL,17
0021700281,IND,14
0021700278,PHI,22
0021700280,ATL,15
0021700281,BOS,13
0021700284,NOP,24
0021700283,DAL,18
0021700284,GSW,24
0021700279,POR,16
0021700286,SAC,17
0021700277,SAS,19
0021700283,OKC,15
0021700280,TOR,22
0021700285,UTA,19
0021700279,WAS,17
0021700277,CHA,19
0021700287,MIA,14
0021700288,MIN,14
0021700289,BKN,22
0021700287,CHI,18
0021700288,PHX,20
0021700289,MEM,24
0021700294,HOU,19
0021700297,LAC,22
0021700297,LAL,29
0021700294,BKN,19
0021700293,NYK,20
0021700290,ORL,23
0021700290,IND,18
0021700291,PHI,18
0021700292,BOS,23
0021700291,CLE,21
0021700295,DAL,19
0021700296,GSW,15
0021700293,POR,22
0021700296,SAC,15
0021700295,SAS,16
0021700292,DET,19
0021700298,MIA,19
0021700302,MIL,22
0021700300,MIN,17
0021700298,CLE,17
0021700299,CHI,20
0021700301,DEN,13
0021700299,PHX,12
0021700302,SAC,21
0021700301,UTA,20
0021700300,WAS,16
0021700308,HOU,10
0021700312,LAL,23
0021700306,MIA,20
0021700309,MIN,14
0021700310,BKN,21
0021700306,NYK,20
0021700304,ORL,22
0021700308,IND,17
0021700305,PHI,27
0021700309,NOP,17
0021700310,DAL,23
0021700312,GSW,19
0021700303,PHX,19
0021700311,SAS,17
0021700304,OKC,20
0021700307,TOR,23
0021700311,MEM,19
0021700305,WAS,42
0021700303,DET,22
0021700307,CHA,17
0021700317,LAC,16
0021700316,MIL,20
0021700314,PHI,22
0021700313,ATL,20
0021700314,BOS,20
0021700313,CLE,20
0021700315,CHI,27
0021700315,DEN,19
0021700316,POR,14
0021700317,UTA,20
0021700321,MIA,24
0021700324,MIN,20
0021700318,ORL,15
0021700319,IND,17
0021700325,NOP,20
0021700322,CHI,16
0021700318,GSW,16
0021700322,SAC,15
0021700323,SAS,18
0021700324,OKC,24
0021700319,TOR,18
0021700325,UTA,15
0021700323,MEM,26
0021700320,WAS,20
0021700320,DET,21
0021700321,CHA,24
0021700327,LAC,20
0021700332,LAL,24
0021700331,MIL,18
0021700328,BKN,18
0021700330,PHI,24
0021700328,ATL,19
0021700326,BOS,16
0021700329,CLE,14
0021700333,NOP,16
0021700327,DAL,20
0021700332,DEN,19
0021700326,PHX,19
0021700333,POR,17
0021700331,SAC,28
0021700329,MEM,19
0021700330,DET,27
0021700338,HOU,23
0021700336,LAC,26
0021700338,LAL,22
0021700335,MIA,15
0021700336,MIN,16
0021700334,NYK,24
0021700334,ORL,11
0021700335,GSW,14
0021700337,SAS,24
0021700337,OKC,19
0021700343,MIL,17
0021700345,MIN,16
0021700342,BKN,28
0021700340,NYK,15
0021700339,ORL,30
0021700340,IND,20
0021700341,PHI,22
0021700342,ATL,19
0021700343,BOS,20
0021700344,CLE,13
0021700346,NOP,26
0021700344,CHI,16
0021700347,DAL,18
0021700347,DEN,19
0021700346,GSW,17
0021700341,PHX,14
0021700348,SAS,20
0021700349,UTA,20
0021700345,MEM,22
0021700349,WAS,21
0021700348,DET,22
0021700339,CHA,18
0021700350,PHX,24
0021700352,POR,20
0021700351,OKC,18
0021700350,TOR,28
0021700351,UTA,21
0021700352,WAS,22
0021700362,LAC,17
0021700361,MIA,16
0021700359,MIL,21
0021700362,MIN,17
0021700357,NYK,21
0021700355,ORL,23
0021700354,IND,14
0021700355,ATL,16
0021700356,BOS,15
0021700353,CLE,10
0021700360,NOP,19
0021700354,CHI,15
0021700356,DAL,12
0021700360,DEN,21
0021700358,GSW,20
0021700353,SAC,20
0021700361,SAS,13
0021700357,MEM,24
0021700359,DET,20
0021700358,CHA,13
0021700366,HOU,25
0021700363,LAL,23
0021700365,BKN,21
0021700363,PHI,26
0021700364,PHX,21
0021700365,OKC,25
0021700366,UTA,21
0021700364,WAS,23
0021700372,MIL,24
0021700370,ORL,17
0021700369,IND,19
0021700374,BOS,22
0021700369,CLE,23
0021700373,NOP,14
0021700367,CHI,28
0021700372,DAL,22
0021700370,DEN,20
0021700368,GSW,19
0021700373,SAC,21
0021700374,SAS,14
0021700371,TOR,23
0021700371,MEM,25
0021700368,DET,17
0021700367,CHA,20
0021700384,HOU,17
0021700375,LAC,19
0021700377,LAL,21
0021700376,MIA,17
0021700381,MIL,29
0021700376,BKN,17
0021700380,NYK,17
0021700378,ORL,24
0021700379,PHI,21
0021700378,ATL,13
0021700379,CLE,16
0021700380,CHI,19
0021700383,PHX,21
0021700384,POR,28
0021700383,SAS,23
0021700382,OKC,21
0021700381,UTA,23
0021700382,MEM,30
0021700375,WAS,18
0021700377,CHA,21
0021700388,MIN,19
0021700390,NYK,30
0021700387,IND,17
0021700389,PHI,29
0021700390,ATL,28
0021700386,BOS,18
0021700389,NOP,21
0021700388,DAL,22
0021700387,DEN,20
0021700385,SAC,17
0021700385,TOR,17
0021700386,DET,16
0021700392,HOU,15
0021700396,LAC,20
0021700393,MIA,22
0021700391,BOS,19
0021700392,NOP,19
0021700391,CHI,18
0021700395,GSW,16
0021700395,POR,18
0021700394,OKC,19
0021700396,TOR,22
0021700393,MEM,22
0021700394,CHA,20
0021700399,LAL,19
0021700401,MIN,21
0021700400,BKN,21
0021700399,NYK,16
0021700401,PHI,18
0021700397,ATL,17
0021700397,CLE,18
0021700402,DAL,19
0021700398,DEN,15
0021700403,PHX,18
0021700403,SAC,18
0021700402,SAS,11
0021700400,WAS,26
0021700398,DET,16
0021700412,HOU,18
0021700405,LAC,19
0021700408,MIA,21
0021700410,MIL,13
0021700405,ORL,13
0021700404,IND,21
0021700407,BOS,20
0021700410,NOP,16
0021700409,CHI,14
0021700407,DEN,20
0021700411,PHX,24
0021700408,POR,21
0021700404,OKC,12
0021700411,TOR,25
0021700409,UTA,19
0021700406,MEM,23
0021700406,WAS,22
0021700412,CHA,15
0021700415,LAL,20
0021700416,MIN,19
0021700414,BKN,21
0021700414,NYK,23
0021700413,ATL,12
0021700415,CLE,16
0021700417,DAL,16
0021700417,GSW,22
0021700416,SAC,21
0021700413,DET,23
0021700428,HOU,16
0021700422,LAC,20
0021700418,MIA,23
0021700426,MIL,24
0021700424,BKN,14
0021700420,ORL,18
0021700419,IND,15
0021700421,PHI,20
0021700425,ATL,19
0021700423,BOS,18
0021700427,NOP,15
0021700426,CHI,26
0021700427,DEN,17
0021700420,POR,20
0021700428,SAS,17
0021700421,OKC,21
0021700424,TOR,16
0021700423,UTA,20
0021700425,MEM,24
0021700422,WAS,26
0021700419,DET,22
0021700418,CHA,14
0021700433,HOU,23
0021700432,LAC,22
0021700432,MIA,15
0021700433,MIL,34
0021700434,MIN,19
0021700431,NYK,22
0021700436,BOS,19
0021700430,CLE,15
0021700435,DAL,16
0021700434,PHX,21
0021700429,POR,21
0021700435,SAS,14
0021700431,OKC,22
0021700430,UTA,14
0021700436,MEM,19
0021700429,CHA,21
0021700439,BKN,17
0021700438,ORL,16
0021700439,IND,20
0021700440,CLE,16
0021700437,SAC,19
0021700437,TOR,13
0021700440,WAS,18
0021700438,DET,17
0021700445,HOU,13
0021700449,LAC,23
0021700450,LAL,26
0021700443,MIA,28
0021700446,MIN,14
0021700441,NYK,16
0021700442,IND,16
0021700444,PHI,23
0021700443,ATL,23
0021700442,BOS,31
0021700444,CHI,16
0021700448,DAL,18
0021700447,DEN,18
0021700450,GSW,26
0021700448,PHX,25
0021700446,POR,19
0021700449,SAS,19
0021700447,OKC,13
0021700445,UTA,22
0021700441,CHA,16
0021700453,MIL,18
0021700451,PHI,19
0021700453,CLE,20
0021700452,NOP,16
0021700451,SAC,20
0021700452,WAS,31
0021700459,HOU,30
0021700465,LAC,19
0021700459,LAL,25
0021700456,MIA,16
0021700462,MIN,20
0021700457,BKN,19
0021700458,ORL,15
0021700455,IND,18
0021700455,ATL,17
0021700456,BOS,22
0021700458,CHI,23
0021700461,DAL,17
0021700462,DEN,18
0021700464,GSW,19
0021700465,PHX,25
0021700463,POR,14
0021700457,SAC,19
0021700463,SAS,16
0021700460,OKC,26
0021700454,TOR,27
0021700460,UTA,15
0021700464,MEM,23
0021700461,DET,19
0021700454,CHA,18
0021700468,NYK,20
0021700467,PHI,27
0021700468,BOS,20
0021700466,CLE,14
0021700466,CHI,19
0021700469,PHX,17
0021700470,SAS,21
0021700467,TOR,19
0021700470,UTA,18
0021700469,MEM,22
0021700475,HOU,26
0021700475,LAC,25
0021700479,LAL,23
0021700474,MIA,15
0021700476,MIL,16
0021700473,BKN,17
0021700471,NYK,20
0021700472,ORL,19
0021700477,ATL,24
0021700472,NOP,25
0021700474,DAL,12
0021700478,DEN,13
0021700479,GSW,17
0021700478,POR,19
0021700477,OKC,18
0021700473,WAS,18
0021700471,DET,11
0021700476,CHA,18
0021700487,LAC,22
0021700491,LAL,22
0021700486,MIA,19
0021700481,MIL,32
0021700490,MIN,21
0021700482,BKN,20
0021700483,ORL,22
0021700482,IND,25
0021700480,PHI,23
0021700484,ATL,19
0021700485,BOS,18
0021700486,NOP,20
0021700485,CHI,16
0021700484,DAL,17
0021700489,DEN,14
0021700489,GSW,14
0021700490,PHX,22
0021700491,POR,15
0021700492,SAC,17
0021700492,SAS,11
0021700488,OKC,16
0021700480,TOR,20
0021700488,UTA,13
0021700487,MEM,26
0021700483,WAS,18
0021700481,CHA,20
0021700496,HOU,20
0021700497,LAL,16
0021700497,MIN,13
0021700493,NYK,21
0021700493,PHI,22
0021700495,BOS,23
0021700494,CLE,19
0021700494,GSW,18
0021700496,OKC,20
0021700495,WAS,17
0021700505,LAC,13
0021700500,MIA,20
0021700501,MIL,21
0021700502,BKN,18
0021700500,ORL,20
0021700498,IND,19
0021700501,CHI,19
0021700499,DAL,24
0021700503,DEN,21
0021700504,PHX,29
0021700505,SAC,19
0021700502,SAS,14
0021700499,TOR,24
0021700503,UTA,22
0021700504,MEM,28
0021700498,DET,17
0021700515,LAL,26
0021700510,MIN,26
0021700511,BKN,18
0021700509,NYK,17
0021700507,IND,17
0021700508,ATL,21
0021700506,BOS,20
0021700513,CLE,15
0021700511,NOP,15
0021700509,CHI,15
0021700507,DAL,12
0021700510,DEN,24
0021700514,GSW,18
0021700513,SAC,19
0021700512,OKC,26
0021700512,TOR,29
0021700514,UTA,22
0021700515,MEM,20
0021700508,WAS,24
0021700506,CHA,11
0021700517,HOU,23
0021700518,MIL,18
0021700518,MIN,14
0021700519,NYK,26
0021700516,ORL,17
0021700520,PHI,26
0021700517,BOS,22
0021700520,POR,18
0021700519,SAS,18
0021700516,DET,17
0021700521,HOU,13
0021700529,LAC,21
0021700529,LAL,22
0021700523,MIA,18
0021700526,MIL,23
0021700523,BKN,23
0021700524,IND,15
0021700522,ATL,15
0021700525,NOP,19
0021700524,CHI,20
0021700525,DAL,23
0021700528,GSW,25
0021700527,PHX,19
0021700527,SAC,23
0021700526,OKC,19
0021700522,TOR,22
0021700521,WAS,15
0021700528,CHA,10
0021700531,MIA,17
0021700532,NYK,24
0021700531,ORL,20
0021700536,PHI,25
0021700533,ATL,16
0021700534,CLE,19
0021700532,NOP,19
0021700536,DEN,12
0021700535,GSW,17
0021700533,POR,18
0021700530,SAS,13
0021700534,UTA,24
0021700535,MEM,22
0021700530,DET,11
0021700540,HOU,33
0021700542,LAC,21
0021700540,LAL,32
0021700538,MIN,20
0021700539,BKN,19
0021700538,IND,18
0021700544,PHI,32
0021700539,BOS,22
0021700537,CHI,22
0021700541,DAL,18
0021700544,PHX,29
0021700543,SAC,21
0021700541,OKC,20
0021700543,MEM,21
0021700537,WAS,24
0021700542,CHA,21
0021700548,LAL,25
0021700546,MIL,23
0021700548,MIN,24
0021700545,BKN,22
0021700545,ORL,18
0021700547,CHI,21
0021700547,POR,16
0021700546,TOR,20
0021700553,LAC,24
0021700550,NYK,23
0021700551,ATL,22
0021700549,CLE,17
0021700551,PHX,22
0021700549,POR,29
0021700552,SAC,19
0021700550,SAS,17
0021700553,MEM,29
0021700552,CHA,14
0021700554,HOU,19
0021700565,LAL,10
0021700558,MIA,16
0021700561,MIL,23
0021700557,MIN,12
0021700557,BKN,23
0021700556,NYK,20
0021700554,ORL,19
0021700561,IND,20
0021700555,PHI,21
0021700559,BOS,20
0021700559,CLE,17
0021700564,NOP,18
0021700560,CHI,20
0021700562,DAL,17
0021700563,DEN,16
0021700562,GSW,21
0021700563,PHX,18
0021700555,SAS,25
0021700565,OKC,17
0021700560,TOR,20
0021700564,UTA,21
0021700556,WAS,21
0021700558,DET,14
0021700566,HOU,17
0021700567,LAC,15
0021700566,GSW,18
0021700567,OKC,23
0021700577,LAL,19
0021700568,MIA,19
0021700571,MIL,23
0021700570,MIN,15
0021700568,NYK,26
0021700569,PHI,17
0021700576,ATL,16
0021700570,BOS,22
0021700572,CHI,19
0021700572,DAL,24
0021700574,DEN,11
0021700573,PHX,23
0021700576,POR,20
0021700573,SAS,16
0021700571,TOR,22
0021700574,UTA,16
0021700575,MEM,25
0021700575,WAS,23
0021700569,DET,14
0021700577,CHA,17
0021700580,HOU,20
0021700578,LAC,25
0021700583,MIL,26
0021700584,MIN,20
0021700579,BKN,14
0021700582,ORL,28
0021700581,IND,19
0021700579,BOS,17
0021700582,CLE,26
0021700584,NOP,19
0021700581,CHI,15
0021700585,DEN,17
0021700578,GSW,25
0021700585,SAC,22
0021700583,WAS,22
0021700580,DET,15
0021700590,LAL,25
0021700586,MIA,16
0021700587,NYK,23
0021700590,ATL,16
0021700587,DAL,20
0021700588,PHX,19
0021700589,POR,24
0021700589,SAS,16
0021700588,OKC,17
0021700586,UTA,18
0021700593,HOU,14
0021700598,LAC,25
0021700591,MIL,24
0021700594,MIN,17
0021700592,BKN,27
0021700591,IND,23
0021700598,ATL,26
0021700594,CLE,15
0021700595,NOP,18
0021700593,CHI,17
0021700597,DEN,16
0021700597,GSW,15
0021700596,SAC,14
0021700596,SAS,12
0021700592,TOR,27
0021700595,DET,18
0021700602,LAL,23
0021700599,MIA,19
0021700601,ORL,23
0021700601,DAL,22
0021700600,POR,20
0021700602,SAC,19
0021700600,OKC,17
0021700599,TOR,16
0021700608,HOU,30
0021700613,LAC,19
0021700604,MIA,25
0021700610,MIL,21
0021700611,MIN,22
0021700606,BKN,11
0021700607,NYK,20
0021700610,ORL,21
0021700604,IND,23
0021700612,ATL,23
0021700609,NOP,26
0021700607,CHI,19
0021700603,DAL,22
0021700612,DEN,18
0021700613,GSW,21
0021700608,POR,26
0021700611,OKC,22
0021700605,UTA,17
0021700609,MEM,26
0021700605,WAS,17
0021700606,DET,14
0021700603,CHA,22
0021700616,LAC,19
0021700617,LAL,17
0021700614,PHI,19
0021700614,BOS,18
0021700615,CLE,16
0021700616,SAC,25
0021700617,SAS,15
0021700615,TOR,25
0021700626,HOU,14
0021700622,MIL,20
0021700623,MIN,12
0021700621,BKN,24
0021700623,NYK,17
0021700620,ORL,21
0021700619,IND,18
0021700621,ATL,25
0021700619,CLE,15
0021700624,NOP,16
0021700625,DEN,18
0021700622,GSW,13
0021700626,PHX,19
0021700624,POR,22
0021700618,UTA,26
0021700625,MEM,28
0021700620,WAS,22
0021700618,CHA,19
0021700628,LAC,22
0021700627,LAL,31
0021700630,BKN,22
0021700632,CHI,11
0021700627,DAL,17
0021700633,DEN,16
0021700631,GSW,20
0021700628,SAC,24
0021700633,SAS,17
0021700629,OKC,22
0021700631,TOR,23
0021700630,WAS,19
0021700632,DET,11
0021700629,CHA,15
0021700634,MIA,18
0021700634,MIL,23
0021700637,MIN,17
0021700635,NYK,27
0021700636,IND,22
0021700635,NOP,17
0021700636,PHX,16
0021700637,POR,27
0021700648,HOU,21
0021700648,LAC,17
0021700645,LAL,23
0021700644,MIA,19
0021700640,MIL,25
0021700642,BKN,23
0021700642,NYK,24
0021700647,IND,18
0021700639,PHI,28
0021700641,ATL,23
0021700646,CLE,22
0021700644,CHI,23
0021700646,GSW,23
0021700643,SAC,28
0021700641,SAS,13
0021700643,OKC,19
0021700639,TOR,31
0021700647,UTA,12
0021700645,MEM,26
0021700640,WAS,22
0021700638,DET,24
0021700638,CHA,11
0021700649,MIN,21
0021700649,ORL,15
0021700650,BOS,24
0021700650,NOP,14
0021700651,DAL,24
0021700651,DEN,23
0021700652,PHX,15
0021700652,POR,16
0021700662,LAC,16
0021700660,LAL,15
0021700659,MIA,28
0021700659,MIL,25
0021700655,BKN,28
0021700658,NYK,15
0021700654,ATL,22
0021700654,NOP,20
0021700657,CHI,19
0021700662,DEN,25
0021700657,GSW,16
0021700661,SAC,21
0021700655,SAS,20
0021700660,OKC,14
0021700656,TOR,20
0021700661,UTA,20
0021700658,MEM,19
0021700653,WAS,23
0021700656,DET,20
0021700653,CHA,18
0021700665,HOU,15
0021700665,MIN,16
0021700664,ORL,22
0021700666,IND,16
0021700663,PHI,20
0021700663,BOS,20
0021700664,CLE,21
0021700666,POR,11
0021700673,LAL,17
0021700668,MIA,22
0021700668,BKN,18
0021700672,NYK,26
0021700673,IND,18
0021700671,DEN,20
0021700671,PHX,21
0021700670,SAC,20
0021700667,SAS,13
0021700667,TOR,19
0021700672,UTA,20
0021700670,MEM,17
0021700669,WAS,20
0021700669,DET,22
0021700679,HOU,18
0021700681,LAC,24
0021700676,MIA,17
0021700678,MIL,20
0021700680,MIN,20
0021700678,PHI,18
0021700675,ATL,21
0021700674,CLE,18
0021700677,NOP,15
0021700675,CHI,23
0021700682,DAL,21
0021700679,GSW,24
0021700682,POR,23
0021700674,OKC,23
0021700680,TOR,30
0021700681,UTA,29
0021700677,MEM,29
0021700676,CHA,12
0021700684,LAL,18
0021700685,BKN,18
0021700684,NYK,20
0021700683,ORL,19
0021700686,IND,15
0021700683,BOS,18
0021700686,SAS,14
0021700685,DET,19
0021700689,HOU,15
0021700695,LAC,27
0021700689,MIA,18
0021700691,MIL,22
0021700695,MIN,22
0021700690,PHI,28
0021700688,ATL,24
0021700692,NOP,28
0021700692,CHI,32
0021700693,DAL,21
0021700694,DEN,20
0021700691,PHX,26
0021700694,POR,22
0021700687,SAC,22
0021700688,UTA,15
0021700690,MEM,26
0021700693,WAS,18
0021700687,CHA,14
0021700700,LAL,16
0021700697,BKN,25
0021700699,NYK,20
0021700696,ORL,17
0021700700,BOS,25
0021700698,CLE,14
0021700699,GSW,16
0021700696,SAC,15
0021700698,SAS,19
0021700697,OKC,18
0021700706,HOU,19
0021700709,LAC,15
0021700708,MIN,14
0021700703,IND,24
0021700704,PHI,20
0021700705,ATL,21
0021700709,BOS,28
0021700701,NOP,19
0021700704,CHI,15
0021700706,DAL,21
0021700703,PHX,26
0021700708,POR,16
0021700707,SAS,19
0021700705,TOR,22
0021700702,UTA,15
0021700707,MEM,25
0021700702,DET,16
0021700701,CHA,23
0021700710,MIA,19
0021700713,MIN,15
0021700712,NYK,20
0021700712,DEN,20
0021700713,GSW,17
0021700710,SAC,21
0021700711,OKC,15
0021700711,WAS,25
0021700720,HOU,23
0021700718,LAC,20
0021700717,LAL,23
0021700719,MIL,17
0021700719,BKN,19
0021700723,NYK,20
0021700715,IND,15
0021700722,PHI,20
0021700714,ATL,26
0021700715,CLE,11
0021700720,NOP,26
0021700717,CHI,25
0021700721,DAL,19
0021700723,PHX,24
0021700721,POR,17
0021700722,SAS,14
0021700716,TOR,18
0021700716,UTA,16
0021700718,MEM,24
0021700714,CHA,25
0021700727,MIA,24
0021700729,MIN,12
0021700729,BKN,19
0021700725,ORL,18
0021700725,IND,24
0021700726,ATL,15
0021700728,BOS,23
0021700730,DAL,15
0021700730,DEN,21
0021700728,GSW,17
0021700724,OKC,20
0021700726,WAS,21
0021700724,DET,20
0021700727,CHA,15
0021700732,HOU,21
0021700733,LAC,19
0021700735,LAL,21
0021700731,MIL,16
0021700736,PHI,26
0021700734,CLE,14
0021700733,NOP,20
0021700731,CHI,18
0021700732,PHX,29
0021700737,SAC,20
0021700737,SAS,13
0021700736,OKC,25
0021700735,TOR,23
0021700734,DET,23
0021700742,MIA,19
0021700741,MIL,19
0021700739,MIN,18
0021700738,IND,19
0021700741,PHI,17
0021700739,ATL,18
0021700743,BOS,19
0021700742,DAL,22
0021700743,DEN,14
0021700740,PHX,20
0021700740,MEM,27
0021700738,CHA,14
0021700748,HOU,15
0021700752,LAC,17
0021700746,MIN,19
0021700745,BKN,21
0021700745,NYK,13
0021700748,ORL,22
0021700747,CLE,22
0021700749,NOP,18
0021700750,DEN,14
0021700751,GSW,16
0021700752,POR,21
0021700749,SAC,21
0021700750,SAS,15
0021700744,OKC,24
0021700746,TOR,18
0021700751,UTA,22
0021700744,WAS,28
0021700747,DET,27
0021700754,LAL,18
0021700757,MIA,25
0021700756,BKN,26
0021700758,NYK,17
0021700754,ORL,23
0021700753,IND,15
0021700756,PHI,21
0021700755,ATL,16
0021700758,BOS,22
0021700757,CLE,20
0021700759,CHI,16
0021700760,DAL,18
0021700760,PHX,29
0021700759,POR,19
0021700753,MEM,21
0021700755,CHA,21
0021700764,HOU,16
0021700763,MIL,21
0021700763,MIN,15
0021700765,DEN,17
0021700764,SAS,12
0021700765,OKC,18
0021700762,TOR,26
0021700761,MEM,24
0021700762,WAS,21
0021700761,DET,19
0021700768,LAL,18
0021700770,MIA,16
0021700771,MIL,21
0021700768,BKN,18
0021700771,NYK,21
0021700766,IND,25
0021700770,PHI,23
0021700767,ATL,18
0021700767,BOS,23
0021700772,NOP,20
0021700774,GSW,19
0021700773,PHX,25
0021700769,POR,15
0021700774,SAC,14
0021700772,OKC,18
0021700769,TOR,23
0021700773,UTA,21
0021700766,CHA,21
0021700779,HOU,19
0021700775,LAC,18
0021700776,MIA,14
0021700780,MIN,13
0021700778,ORL,15
0021700777,IND,19
0021700777,PHI,21
0021700779,CLE,16
0021700780,NOP,11
0021700775,CHI,20
0021700783,DAL,12
0021700782,DEN,17
0021700782,GSW,23
0021700783,SAC,21
0021700781,SAS,27
0021700781,UTA,19
0021700778,WAS,19
0021700776,DET,12
0021700788,LAL,20
0021700785,MIL,16
0021700785,BKN,19
0021700786,NYK,16
0021700786,ATL,12
0021700784,BOS,16
0021700789,PHX,25
0021700784,POR,17
0021700788,OKC,18
0021700787,TOR,20
0021700787,MEM,23
0021700789,CHA,17
0021700796,LAC,16
0021700792,MIA,19
0021700792,ORL,26
0021700791,IND,18
0021700793,NOP,15
0021700795,CHI,21
0021700796,DAL,23
0021700794,DEN,15
0021700790,POR,14
0021700795,SAC,17
0021700793,UTA,18
0021700791,WAS,23
0021700790,DET,14
0021700794,CHA,16
0021700800,HOU,14
0021700804,LAL,21
0021700801,MIL,17
0021700800,BKN,17
0021700801,NYK,19
0021700797,ORL,16
0021700802,PHI,14
0021700799,ATL,16
0021700798,BOS,19
0021700797,CLE,24
0021700803,GSW,24
0021700804,PHX,18
0021700803,OKC,28
0021700798,TOR,18
0021700799,MEM,24
0021700802,WAS,18
0021700806,HOU,16
0021700806,MIA,17
0021700807,MIN,19
0021700805,BKN,20
0021700807,CLE,21
0021700810,PHX,23
0021700810,SAS,17
0021700808,UTA,16
0021700808,MEM,26
0021700805,DET,12
0021700816,LAL,19
0021700812,NYK,15
0021700811,ORL,22
0021700811,ATL,23
0021700813,BOS,20
0021700815,DAL,16
0021700815,GSW,18
0021700814,POR,19
0021700816,OKC,11
0021700812,TOR,17
0021700813,WAS,23
0021700814,CHA,16
0021700823,HOU,16
0021700817,LAC,16
0021700821,MIA,21
0021700821,MIL,20
0021700822,MIN,22
0021700820,IND,20
0021700818,PHI,16
0021700819,ATL,18
0021700820,BOS,21
0021700819,CLE,17
0021700818,NOP,12
0021700822,CHI,19
0021700823,DEN,20
0021700825,POR,21
0021700825,SAC,19
0021700824,UTA,17
0021700817,DET,16
0021700824,CHA,18
0021700828,LAC,16
0021700830,LAL,25
0021700827,MIL,16
0021700826,BKN,30
0021700827,ORL,14
0021700828,PHI,18
0021700826,NOP,18
0021700829,CHI,16
0021700830,DAL,21
0021700832,DEN,23
0021700831,GSW,18
0021700832,PHX,24
0021700831,SAS,13
0021700829,WAS,17
0021700837,HOU,18
0021700838,MIN,17
0021700836,NYK,18
0021700836,IND,16
0021700834,ATL,26
0021700835,BOS,14
0021700835,CLE,20
0021700837,DAL,25
0021700840,POR,22
0021700838,SAC,23
0021700839,OKC,23
0021700833,TOR,24
0021700840,UTA,22
0021700839,MEM,32
0021700834,DET,28
0021700833,CHA,13
0021700843,LAC,14
0021700843,BKN,15
0021700842,NYK,22
0021700844,ORL,18
0021700842,PHI,22
0021700841,NOP,25
0021700844,CHI,13
0021700846,GSW,18
0021700846,PHX,17
0021700845,SAS,24
0021700845,UTA,24
0021700841,DET,19
0021700849,HOU,23
0021700847,MIA,18
0021700848,MIL,18
0021700849,MIN,20
0021700848,ATL,14
0021700850,CLE,28
0021700851,DAL,15
0021700852,DEN,18
0021700851,SAC,19
0021700852,SAS,22
0021700850,OKC,20
0021700847,TOR,19
0021700860,HOU,14
0021700858,LAC,21
0021700862,LAL,21
0021700855,MIA,21
0021700856,BKN,20
0021700857,NYK,17
0021700854,ORL,17
0021700856,IND,20
0021700855,PHI,23
0021700853,ATL,21
0021700858,BOS,31
0021700862,NOP,20
0021700859,CHI,16
0021700864,GSW,24
0021700863,PHX,25
0021700864,POR,18
0021700860,SAC,20
0021700861,OKC,19
0021700859,TOR,22
0021700863,UTA,17
0021700861,MEM,25
0021700857,WAS,16
0021700853,DET,18
0021700854,CHA,15
0021700866,LAL,26
0021700865,MIL,20
0021700866,MIN,22
0021700865,DEN,23
0021700872,LAC,19
0021700867,BKN,23
0021700868,NYK,15
0021700868,ORL,15
0021700870,PHI,17
0021700869,CLE,15
0021700870,CHI,26
0021700872,GSW,24
0021700871,SAC,20
0021700871,OKC,16
0021700869,WAS,23
0021700867,CHA,15
0021700877,HOU,17
0021700881,LAC,26
0021700883,LAL,17
0021700879,MIA,23
0021700876,MIL,24
0021700877,MIN,22
0021700874,IND,20
0021700874,ATL,20
0021700873,BOS,22
0021700878,CLE,23
0021700879,NOP,18
0021700883,DAL,19
0021700880,DEN,27
0021700881,PHX,25
0021700882,POR,20
0021700880,SAS,20
0021700876,TOR,21
0021700882,UTA,13
0021700878,MEM,25
0021700875,WAS,21
0021700873,DET,18
0021700875,CHA,18
0021700891,LAL,18
0021700885,MIA,17
0021700888,MIN,15
0021700886,NYK,22
0021700884,ORL,20
0021700884,PHI,16
0021700886,BOS,15
0021700888,CHI,20
0021700890,DAL,23
0021700887,GSW,21
0021700889,PHX,24
0021700889,POR,19
0021700891,SAC,21
0021700887,OKC,17
0021700890,UTA,19
0021700885,MEM,22
0021700896,HOU,23
0021700893,MIL,19
0021700895,PHI,16
0021700894,CLE,24
0021700893,NOP,24
0021700896,DEN,27
0021700894,SAS,12
0021700895,WAS,28
0021700892,DET,22
0021700892,CHA,19
0021700905,HOU,21
0021700897,LAL,23
0021700906,MIN,14
0021700899,BKN,20
0021700900,NYK,18
0021700903,ORL,19
0021700904,IND,19
0021700897,ATL,17
0021700898,BOS,23
0021700902,NOP,22
0021700899,CHI,11
0021700904,DAL,21
0021700900,GSW,13
0021700902,PHX,33
0021700906,SAC,23
0021700903,OKC,13
0021700901,TOR,18
0021700905,UTA,19
0021700898,MEM,22
0021700901,DET,22
0021700912,LAC,25
0021700909,MIA,19
0021700910,MIL,20
0021700908,BKN,21
0021700909,PHI,24
0021700908,CLE,24
0021700907,CHI,23
0021700912,DEN,27
0021700911,POR,15
0021700911,SAC,12
0021700910,WAS,22
0021700907,CHA,14
0021700921,HOU,21
0021700921,LAC,19
0021700913,MIL,20
0021700914,ORL,19
0021700915,IND,20
0021700915,ATL,23
0021700916,BOS,20
0021700920,NOP,17
0021700919,DAL,22
0021700917,GSW,21
0021700918,PHX,28
0021700920,SAS,15
0021700919,OKC,24
0021700914,TOR,22
0021700918,MEM,29
0021700917,WAS,24
0021700913,DET,20
0021700916,CHA,17
0021700922,LAL,17
0021700922,MIA,21
0021700925,MIN,24
0021700924,BKN,14
0021700923,PHI,20
0021700923,CLE,21
0021700925,POR,18
0021700924,SAC,13
0021700935,LAC,17
0021700932,MIL,24
0021700934,MIN,23
0021700935,NYK,22
0021700926,ORL,23
0021700932,IND,23
0021700927,PHI,22
0021700928,ATL,21
0021700930,CHI,18
0021700930,DAL,15
0021700931,DEN,22
0021700928,GSW,20
0021700933,PHX,25
0021700933,OKC,20
0021700929,TOR,22
0021700934,UTA,21
0021700931,MEM,23
0021700929,WAS,25
0021700926,DET,17
0021700927,CHA,25
0021700939,HOU,21
0021700940,LAL,21
0021700938,MIA,20
0021700936,ORL,23
0021700939,BOS,21
0021700937,CLE,16
0021700937,DEN,19
0021700941,POR,21
0021700942,SAC,24
0021700940,SAS,19
0021700941,OKC,21
0021700942,UTA,19
0021700936,MEM,26
0021700938,DET,23
0021700948,LAC,20
0021700947,MIL,24
0021700948,BKN,21
0021700949,NYK,19
0021700945,IND,18
0021700947,PHI,24
0021700943,ATL,18
0021700946,NOP,21
0021700946,DAL,20
0021700943,PHX,19
0021700949,SAC,18
0021700944,TOR,28
0021700945,WAS,21
0021700944,CHA,21
0021700956,LAL,24
0021700952,MIA,14
0021700951,MIL,16
0021700955,ORL,19
0021700951,IND,15
0021700953,BOS,13
0021700950,CLE,18
0021700953,CHI,16
0021700952,PHX,20
0021700956,POR,25
0021700954,SAS,10
0021700955,UTA,22
0021700954,MEM,22
0021700950,DET,22
0021700960,HOU,20
0021700964,LAC,18
0021700959,MIA,24
0021700963,BKN,18
0021700962,NYK,19
0021700957,PHI,20
0021700958,ATL,25
0021700964,NOP,20
0021700961,DAL,20
0021700961,DEN,16
0021700963,GSW,18
0021700962,POR,15
0021700960,OKC,28
0021700958,TOR,21
0021700959,WAS,22
0021700957,CHA,12
0021700968,HOU,21
0021700971,LAL,16
0021700968,MIL,22
0021700971,ORL,22
0021700965,IND,17
0021700970,CLE,19
0021700969,NOP,22
0021700967,CHI,22
0021700970,DEN,16
0021700969,SAC,16
0021700966,TOR,20
0021700965,UTA,18
0021700967,MEM,26
0021700966,DET,23
0021700973,MIA,20
0021700974,MIN,22
0021700972,BKN,27
0021700973,PHI,20
0021700974,BOS,17
0021700976,GSW,18
0021700975,PHX,25
0021700976,SAS,20
0021700975,OKC,20
0021700972,CHA,21
0021700979,HOU,13
0021700986,LAC,16
0021700983,LAL,23
0021700981,MIL,16
0021700981,NYK,26
0021700985,ORL,17
0021700978,IND,16
0021700978,ATL,13
0021700986,CLE,28
0021700982,NOP,18
0021700977,CHI,19
0021700983,DEN,16
0021700984,GSW,20
0021700984,POR,17
0021700985,SAC,21
0021700979,TOR,20
0021700980,UTA,17
0021700980,MEM,22
0021700982,WAS,16
0021700977,DET,13
0021700991,LAC,20
0021700988,MIA,25
0021700991,ORL,19
0021700989,DAL,18
0021700987,PHX,25
0021700990,SAS,22
0021700990,OKC,13
0021700989,MEM,24
0021700988,WAS,20
0021700987,CHA,18
0021700997,HOU,22
0021701000,LAL,19
0021700994,MIN,15
0021700999,BKN,19
0021700992,NYK,19
0021700998,IND,20
0021700999,PHI,19
0021700993,ATL,14
0021700998,BOS,13
0021701000,CLE,18
0021700995,NOP,25
0021700993,CHI,24
0021700997,DAL,18
0021700996,DEN,17
0021700994,GSW,17
0021700996,SAC,21
0021700992,TOR,19
0021700995,UTA,20
0021701001,HOU,24
0021701004,MIA,24
0021701002,MIL,22
0021701004,POR,15
0021701003,SAC,22
0021701001,SAS,17
0021701003,OKC,15
0021701002,MEM,23
0021701010,LAC,14
0021701015,LAL,23
0021701006,MIN,21
0021701008,BKN,19
0021701009,NYK,18
0021701012,ORL,19
0021701005,IND,23
0021701005,PHI,25
0021701007,ATL,25
0021701014,CLE,25
0021701011,NOP,16
0021701010,CHI,28
0021701009,DAL,15
0021701015,DEN,26
0021701014,PHX,21
0021701012,SAS,13
0021701007,OKC,21
0021701008,TOR,20
0021701013,UTA,22
0021701006,WAS,17
0021701013,DET,23
0021701011,CHA,13
0021701019,LAL,19
0021701018,MIA,23
0021701016,MIL,20
0021701016,ORL,16
0021701017,BOS,22
0021701019,GSW,24
0021701018,SAC,21
0021701017,WAS,26
0021701023,HOU,13
0021701023,LAC,21
0021701022,NYK,25
0021701020,IND,25
0021701022,PHI,21
0021701021,ATL,27
0021701028,CLE,21
0021701025,NOP,18
0021701024,CHI,23
0021701026,DEN,15
0021701027,PHX,25
0021701028,POR,15
0021701025,SAS,14
0021701020,TOR,19
0021701027,UTA,20
0021701024,MEM,22
0021701026,DET,20
0021701021,CHA,21
0021701032,LAC,18
0021701034,LAL,17
0021701034,MIA,18
0021701030,BKN,22
0021701029,ORL,23
0021701030,PHI,21
0021701029,BOS,17
0021701031,DAL,27
0021701033,GSW,21
0021701033,SAC,16
0021701032,OKC,20
0021701031,TOR,21
0021701036,HOU,19
0021701041,MIL,24
0021701042,MIN,16
0021701037,BKN,14
0021701038,NYK,22
0021701035,IND,18
0021701041,ATL,25
0021701039,CLE,14
0021701036,NOP,19
0021701039,CHI,21
0021701037,DAL,21
0021701040,DEN,25
0021701044,GSW,21
0021701044,PHX,19
0021701045,POR,17
0021701043,SAC,30
0021701042,SAS,17
0021701043,UTA,13
0021701040,MEM,20
0021701035,WAS,17
0021701045,DET,16
0021701038,CHA,13
0021701048,HOU,26
0021701049,LAC,17
0021701048,MIN,26
0021701047,BOS,21
0021701047,NOP,13
0021701049,POR,22
0021701046,OKC,24
0021701046,TOR,25
0021701051,LAL,18
0021701054,MIA,26
0021701050,MIL,23
0021701053,BKN,22
0021701055,NYK,24
0021701051,IND,16
0021701052,PHI,22
0021701050,CLE,17
0021701055,CHI,15
0021701054,DEN,25
0021701056,GSW,24
0021701057,SAC,21
0021701056,SAS,20
0021701053,MEM,33
0021701057,DET,11
0021701052,CHA,12
0021701064,HOU,23
0021701060,LAC,22
0021701060,MIN,21
0021701058,ORL,16
0021701062,ATL,23
0021701059,BOS,24
0021701061,NOP,11
0021701061,DAL,14
0021701063,PHX,16
0021701064,POR,18
0021701059,OKC,20
0021701058,TOR,10
0021701062,UTA,22
0021701063,DET,16
0021701070,LAC,16
0021701068,MIA,17
0021701070,MIL,20
0021701067,BKN,36
0021701068,NYK,16
0021700809,IND,21
0021701066,PHI,21
0021701065,CLE,18
0021700809,NOP,19
0021701069,CHI,22
0021701069,DEN,13
0021701071,SAS,17
0021701065,TOR,23
0021701066,MEM,20
0021701071,WAS,16
0021701067,CHA,16
0021701074,HOU,19
0021701075,LAL,20
0021701073,ORL,19
0021701073,PHI,15
0021701077,ATL,10
0021701075,NOP,19
0021701076,DAL,16
0021701077,SAC,18
0021701076,UTA,19
0021701072,MEM,24
0021701074,DET,17
0021701072,CHA,17
0021701078,LAC,20
0021701084,MIA,25
0021701083,MIL,20
0021701081,MIN,15
0021701082,BKN,23
0021701081,NYK,27
0021701078,IND,16
0021701087,ATL,14
0021701086,BOS,18
0021701080,CLE,14
0021701083,CHI,21
0021701079,DEN,16
0021701087,GSW,17
0021701080,PHX,23
0021701086,POR,20
0021701085,SAS,25
0021701084,OKC,23
0021701082,TOR,24
0021701085,UTA,23
0021701079,WAS,21
0021701091,HOU,17
0021701092,LAL,20
0021701088,MIN,27
0021701090,ORL,18
0021701088,PHI,29
0021701091,NOP,14
0021701089,CHI,20
0021701093,DAL,22
0021701090,PHX,22
0021701092,MEM,21
0021701089,DET,11
0021701093,CHA,14
0021701101,HOU,12
0021701097,LAC,16
0021701096,MIA,20
0021701095,MIL,18
0021701094,BKN,23
0021701098,NYK,19
0021701096,IND,17
0021701101,ATL,14
0021701099,BOS,11
0021701094,CLE,21
0021701102,GSW,19
0021701100,POR,19
0021701099,SAC,16
0021701095,SAS,17
0021701100,OKC,19
0021701097,TOR,23
0021701102,UTA,16
0021701098,WAS,16
0021701104,LAL,20
0021701106,MIN,15
0021701103,NYK,27
0021701105,PHI,28
0021701107,BOS,19
0021701105,DEN,21
0021701107,PHX,18
0021701106,MEM,23
0021701104,DET,26
0021701103,CHA,12
0021701111,HOU,12
0021701115,LAC,23
0021701110,MIA,18
0021701115,MIL,14
0021701114,IND,14
0021701110,CLE,18
0021701112,NOP,19
0021701111,CHI,17
0021701113,DAL,17
0021701109,DEN,16
0021701114,GSW,17
0021701112,POR,17
0021701113,SAC,22
0021701108,SAS,17
0021701109,TOR,18
0021701108,WAS,27
0021701122,LAC,17
0021701123,LAL,16
0021701120,MIN,20
0021701117,BKN,17
0021701118,NYK,22
0021701117,ORL,18
0021701118,PHI,19
0021701120,ATL,22
0021701121,BOS,18
0021701116,CLE,19
0021701123,DAL,22
0021701122,PHX,20
0021701119,POR,20
0021701121,UTA,18
0021701119,MEM,24
0021701116,CHA,16
0021701125,MIA,23
0021701128,MIL,17
0021701127,IND,17
0021701125,CHI,19
0021701128,GSW,19
0021701127,SAC,24
0021701126,SAS,18
0021701126,OKC,23
0021701124,WAS,19
0021701124,DET,14
0021701132,HOU,12
0021701137,LAC,16
0021701136,LAL,23
0021701136,MIL,25
0021701134,MIN,13
0021701129,ORL,18
0021701130,PHI,18
0021701130,ATL,14
0021701131,CLE,14
0021701131,NOP,19
0021701129,CHI,17
0021701134,DAL,17
0021701133,DEN,24
0021701132,PHX,21
0021701137,POR,25
0021701133,OKC,22
0021701135,UTA,19
0021701135,MEM,21
0021701141,MIA,22
0021701141,BKN,24
0021701139,NYK,18
0021701140,BOS,23
0021701142,GSW,18
0021701142,SAC,23
0021701140,TOR,26
0021701138,WAS,23
0021701139,DET,15
0021701138,CHA,14
0021701145,HOU,19
0021701146,LAC,19
0021701155,LAL,15
0021701152,MIL,37
0021701151,MIN,17
0021701148,BKN,22
0021701147,ORL,10
0021701146,IND,12
0021701143,PHI,24
0021701147,ATL,15
0021701149,CLE,12
0021701150,NOP,20
0021701144,CHI,17
0021701149,DAL,20
0021701152,DEN,23
0021701153,GSW,14
0021701153,PHX,12
0021701154,POR,15
0021701155,SAC,20
0021701145,SAS,19
0021701150,OKC,22
0021701151,UTA,19
0021701154,MEM,19
0021701144,WAS,12
0021701148,DET,16
0021701143,CHA,13
0021701161,HOU,14
0021701168,LAC,23
0021701166,LAL,23
0021701158,MIA,16
0021701162,MIL,23
0021701157,BKN,15
0021701159,NYK,17
0021701159,ORL,12
0021701165,IND,24
0021701157,PHI,22
0021701158,ATL,15
0021701162,BOS,17
0021701156,CLE,17
0021701160,CHI,20
0021701164,DAL,16
0021701165,DEN,19
0021701163,GSW,25
0021701167,PHX,22
0021701164,POR,20
0021701167,SAC,24
0021701168,SAS,29
0021701163,OKC,20
0021701156,TOR,23
0021701166,UTA,22
0021701161,WAS,21
0021701160,CHA,16
0021701174,LAL,22
0021701172,MIA,17
0021701170,ORL,15
0021701169,PHI,17
0021701172,ATL,16
0021701171,BOS,16
0021701173,NOP,19
0021701170,DAL,23
0021701174,SAS,20
0021701171,TOR,25
0021701173,MEM,19
0021701169,DET,19
0021701177,HOU,16
0021701179,LAC,25
0021701178,MIL,19
0021701180,MIN,19
0021701178,BKN,21
0021701175,IND,24
0021701176,CLE,14
0021701180,DEN,17
0021701175,GSW,14
0021701177,POR,20
0021701179,UTA,22
0021701176,WAS,23
0021701190,LAL,21
0021701186,MIA,19
0021701190,MIN,24
0021701186,NYK,23
0021701182,ORL,19
0021701187,IND,21
0021701183,PHI,23
0021701184,ATL,22
0021701185,BOS,15
0021701183,CLE,20
0021701189,NOP,22
0021701185,CHI,22
0021701181,DAL,20
0021701189,PHX,18
0021701188,SAC,21
0021701187,TOR,17
0021701188,MEM,12
0021701184,WAS,15
0021701181,DET,19
0021701182,CHA,15
0021701194,HOU,24
0021701191,LAC,19
0021701192,MIL,13
0021701193,BKN,18
0021701192,NYK,17
0021701195,NOP,16
0021701193,CHI,14
0021701191,DEN,26
0021701195,GSW,21
0021701196,POR,17
0021701196,SAS,12
0021701194,OKC,20
0021701201,LAL,22
0021701200,ORL,17
0021701197,IND,22
0021701198,PHI,19
0021701202,ATL,19
0021701202,BOS,18
0021701198,DAL,9
0021701203,GSW,15
0021701203,PHX,16
0021701200,TOR,21
0021701201,UTA,24
0021701199,MEM,18
0021701199,DET,18
0021701197,CHA,17
0021701212,LAC,18
0021701206,MIA,24
0021701208,MIL,18
0021701209,MIN,18
0021701205,BKN,15
0021701207,NYK,20
0021701208,ORL,14
0021701207,CLE,15
0021701212,NOP,18
0021701205,CHI,17
0021701211,DEN,18
0021701211,POR,28
0021701210,SAC,24
0021701210,SAS,14
0021701206,OKC,15
0021701204,TOR,17
0021701209,MEM,20
0021701204,DET,11
0021701218,HOU,19
0021701218,LAL,19
0021701213,IND,16
0021701214,PHI,22
0021701214,ATL,24
0021701215,BOS,18
0021701216,DAL,19
0021701217,GSW,18
0021701216,PHX,16
0021701217,UTA,20
0021701215,WAS,24
0021701213,CHA,8
0021701230,HOU,24
0021701228,LAC,17
0021701228,LAL,23
0021701221,MIA,18
0021701223,MIL,17
0021701225,MIN,19
0021701219,BKN,12
0021701220,NYK,22
0021701222,ORL,27
0021701223,PHI,17
0021701219,BOS,14
0021701220,CLE,15
0021701226,NOP,20
0021701224,CHI,15
0021701225,DEN,22
0021701229,POR,22
0021701230,SAC,14
0021701226,SAS,17
0021701227,OKC,23
0021701221,TOR,24
0021701229,UTA,19
0021701227,MEM,22
0021701222,WAS,25
0021701224,DET,21
0021800001,PHI,20
0021800001,BOS,20
0021800002,GSW,29
0021800002,OKC,21
0021800012,LAC,32
0021800006,MIA,28
0021800003,MIL,25
0021800010,MIN,27
0021800004,BKN,23
0021800007,NYK,23
0021800006,ORL,25
0021800005,IND,24
0021800013,PHX,22
0021800007,ATL,30
0021800008,CLE,25
0021800009,NOP,25
0021800013,DAL,16
0021800012,DEN,22
0021800009,HOU,22
0021800011,SAC,27
0021800010,SAS,22
0021800008,TOR,29
0021800011,UTA,19
0021800005,MEM,18
0021800004,DET,20
0021800003,CHA,19
0021800016,LAL,26
0021800015,MIA,26
0021800014,PHI,17
0021800014,CHI,23
0021800016,POR,26
0021800015,WAS,31
0021800025,LAC,24
0021800023,MIL,26
0021800021,MIN,21
0021800018,BKN,23
0021800018,NYK,19
0021800017,ORL,16
0021800023,IND,25
0021800020,ATL,31
0021800019,BOS,27
0021800021,CLE,24
0021800022,NOP,25
0021800024,GSW,23
0021800022,SAC,26
0021800025,OKC,29
0021800019,TOR,19
0021800024,UTA,19
0021800020,MEM,29
0021800017,CHA,17
0021800035,LAL,21
0021800030,MIA,27
0021800032,MIN,30
0021800026,BKN,18
0021800028,NYK,25
0021800029,ORL,15
0021800026,IND,18
0021800029,PHI,21
0021800033,PHX,26
0021800028,BOS,26
0021800031,CHI,20
0021800032,DAL,28
0021800033,DEN,31
0021800035,HOU,21
0021800034,POR,14
0021800034,SAS,17
0021800027,TOR,29
0021800027,WAS,27
0021800031,DET,23
0021800030,CHA,27
0021800039,LAC,16
0021800036,ATL,21
0021800036,CLE,25
0021800038,DEN,22
0021800038,GSW,29
0021800039,HOU,23
0021800037,SAC,26
0021800037,OKC,29
0021800048,LAL,29
0021800042,MIL,18
0021800043,MIN,17
0021800042,NYK,21
0021800040,ORL,15
0021800043,IND,24
0021800047,PHX,21
0021800040,BOS,15
0021800044,CHI,29
0021800044,DAL,16
0021800047,GSW,24
0021800046,POR,22
0021800048,SAS,26
0021800041,TOR,21
0021800045,UTA,22
0021800045,MEM,22
0021800046,WAS,27
0021800041,CHA,14
0021800050,LAC,26
0021800049,PHI,24
0021800050,NOP,24
0021800051,DEN,22
0021800051,SAC,17
0021800049,DET,24
0021800060,LAL,19
0021800054,MIA,15
0021800059,MIL,27
0021800055,MIN,17
0021800053,BKN,16
0021800054,NYK,23
0021800058,IND,22
0021800059,PHI,27
0021800060,PHX,23
0021800052,ATL,26
0021800053,CLE,19
0021800056,CHI,24
0021800052,DAL,27
0021800062,GSW,22
0021800057,HOU,23
0021800061,SAC,15
0021800058,SAS,16
0021800055,TOR,18
0021800057,UTA,21
0021800061,MEM,25
0021800062,WAS,24
0021800056,CHA,20
0021800066,LAL,19
0021800064,ORL,21
0021800065,BOS,27
0021800063,CLE,25
0021800066,DEN,22
0021800064,POR,22
0021800065,OKC,27
0021800063,DET,21
0021800070,LAC,21
0021800071,MIL,23
0021800071,MIN,15
0021800072,BKN,22
0021800068,NYK,18
0021800072,NOP,20
0021800067,CHI,16
0021800069,DAL,17
0021800068,GSW,16
0021800070,HOU,27
0021800073,SAC,18
0021800069,TOR,22
0021800073,WAS,27
0021800067,CHA,18
0021800082,LAL,25
0021800079,MIA,21
0021800081,MIL,19
0021800081,ORL,22
0021800077,IND,15
0021800078,PHI,23
0021800080,PHX,25
0021800076,ATL,13
0021800074,BOS,26
0021800077,CLE,20
0021800075,NOP,32
0021800076,CHI,21
0021800079,POR,25
0021800082,SAS,17
0021800075,UTA,26
0021800080,MEM,21
0021800074,DET,24
0021800078,CHA,25
0021800086,LAC,25
0021800083,BKN,20
0021800085,PHX,32
0021800084,DAL,19
0021800083,GSW,16
0021800085,OKC,24
0021800084,UTA,27
0021800086,WAS,16
0021800093,LAL,24
0021800089,MIA,21
0021800092,MIL,21
0021800093,MIN,14
0021800090,BKN,20
0021800090,NYK,21
0021800087,IND,20
0021800088,PHI,22
0021800088,ATL,18
0021800095,NOP,25
0021800091,CHI,19
0021800094,DAL,21
0021800095,DEN,17
0021800091,GSW,29
0021800087,POR,23
0021800089,SAC,23
0021800094,SAS,19
0021800092,TOR,19
0021800103,LAC,26
0021800096,MIA,26
0021800098,ORL,22
0021800100,PHI,24
0021800097,ATL,29
0021800099,BOS,20
0021800097,CLE,20
0021800101,HOU,25
0021800101,POR,19
0021800098,SAC,20
0021800103,OKC,35
0021800100,TOR,26
0021800102,MEM,20
0021800102,WAS,22
0021800099,DET,28
0021800096,CHA,26
0021800109,LAL,27
0021800107,MIN,28
0021800104,BKN,33
0021800105,NYK,19
0021800105,IND,19
0021800110,PHX,26
0021800108,NOP,26
0021800106,CHI,23
0021800109,DAL,24
0021800106,DEN,16
0021800108,GSW,24
0021800110,SAS,15
0021800107,UTA,22
0021800104,DET,30
0021800113,LAC,28
0021800115,MIL,20
0021800113,PHI,30
0021800114,ATL,28
0021800115,BOS,23
0021800112,CLE,22
0021800116,NOP,24
0021800112,DEN,18
0021800116,POR,30
0021800114,SAC,29
0021800111,OKC,21
0021800111,CHA,26
0021800117,LAC,23
0021800124,MIN,16
0021800118,BKN,28
0021800121,NYK,24
0021800117,ORL,24
0021800120,IND,13
0021800123,PHX,18
0021800120,CHI,20
0021800121,DAL,28
0021800124,GSW,16
0021800118,HOU,21
0021800119,OKC,20
0021800123,TOR,23
0021800122,UTA,25
0021800122,MEM,29
0021800119,WAS,21
0021800132,LAL,22
0021800128,MIA,20
0021800127,IND,16
0021800125,PHI,31
0021800128,ATL,21
0021800127,BOS,20
0021800126,CLE,20
0021800130,NOP,21
0021800129,CHI,18
0021800131,DEN,26
0021800129,HOU,22
0021800132,POR,21
0021800130,SAS,21
0021800131,UTA,21
0021800125,DET,32
0021800126,CHA,17
0021800139,LAL,18
0021800133,MIL,20
0021800138,MIN,21
0021800134,BKN,28
0021800135,NYK,28
0021800137,ORL,22
0021800134,PHI,21
0021800136,PHX,27
0021800138,POR,20
0021800133,SAC,26
0021800137,SAS,21
0021800139,TOR,24
0021800136,MEM,21
0021800135,WAS,18
0021800148,LAC,27
0021800140,MIA,26
0021800148,MIN,23
0021800143,NYK,27
0021800142,ORL,16
0021800141,IND,15
0021800145,BOS,21
0021800142,CLE,17
0021800144,NOP,26
0021800143,CHI,22
0021800145,DEN,14
0021800147,GSW,25
0021800141,HOU,24
0021800144,OKC,23
0021800146,TOR,28
0021800146,UTA,19
0021800147,MEM,19
0021800140,DET,30
0021800152,MIL,16
0021800151,BKN,22
0021800151,PHX,20
0021800149,ATL,18
0021800150,DAL,22
0021800152,POR,17
0021800150,WAS,24
0021800149,CHA,16
0021800162,LAL,14
0021800156,MIA,17
0021800162,MIN,17
0021800155,NYK,30
0021800154,ORL,19
0021800157,IND,21
0021800157,PHI,18
0021800155,ATL,30
0021800153,CLE,26
0021800159,NOP,18
0021800159,CHI,16
0021800160,DAL,27
0021800158,DEN,22
0021800161,SAC,26
0021800156,SAS,19
0021800153,OKC,23
0021800161,TOR,20
0021800160,UTA,32
0021800158,MEM,22
0021800154,DET,15
0021800165,LAC,22
0021800166,MIL,23
0021800164,PHX,23
0021800164,BOS,18
0021800166,GSW,22
0021800163,HOU,26
0021800165,POR,20
0021800163,OKC,16
0021800170,MIA,27
0021800173,MIN,23
0021800171,BKN,24
0021800167,ORL,18
0021800170,IND,26
0021800168,PHI,33
0021800169,ATL,21
0021800172,BOS,20
0021800171,DEN,28
0021800173,SAC,29
0021800172,UTA,21
0021800167,WAS,18
0021800169,DET,31
0021800168,CHA,33
0021800175,LAC,19
0021800183,LAL,20
0021800177,MIA,31
0021800175,MIL,26
0021800182,BKN,22
0021800174,NYK,26
0021800179,PHI,20
0021800176,PHX,27
0021800178,CLE,17
0021800176,NOP,18
0021800178,CHI,19
0021800181,DAL,23
0021800182,GSW,24
0021800180,HOU,24
0021800183,SAC,20
0021800180,SAS,20
0021800181,OKC,19
0021800174,TOR,20
0021800179,MEM,18
0021800177,WAS,25
0021800189,LAL,23
0021800187,MIL,17
0021800186,NYK,21
0021800186,ORL,21
0021800185,IND,22
0021800189,ATL,23
0021800188,BOS,16
0021800187,DEN,16
0021800185,HOU,22
0021800188,POR,14
0021800184,DET,18
0021800184,CHA,26
0021800198,LAC,23
0021800191,MIA,30
0021800195,MIN,17
0021800195,BKN,29
0021800190,ORL,28
0021800191,PHI,24
0021800196,PHX,21
0021800192,NOP,20
0021800193,CHI,26
0021800193,DAL,22
0021800198,GSW,25
0021800197,SAC,20
0021800197,SAS,12
0021800196,OKC,15
0021800192,TOR,20
0021800194,UTA,25
0021800194,MEM,28
0021800190,WAS,17
0021800201,ATL,18
0021800199,CLE,20
0021800200,DEN,20
0021800201,GSW,20
0021800200,HOU,20
0021800199,CHA,11
0021800212,LAL,18
0021800205,MIA,27
0021800207,MIL,22
0021800208,MIN,22
0021800205,BKN,29
0021800209,NYK,17
0021800202,ORL,21
0021800202,PHI,21
0021800211,PHX,23
0021800204,BOS,12
0021800203,CLE,24
0021800208,NOP,21
0021800204,CHI,16
0021800210,DAL,19
0021800212,POR,21
0021800211,SAS,12
0021800209,OKC,21
0021800206,TOR,19
0021800210,UTA,21
0021800207,MEM,20
0021800203,WAS,25
0021800206,DET,24
0021800215,LAC,25
0021800214,ATL,22
0021800214,DEN,24
0021800213,GSW,24
0021800213,HOU,21
0021800215,SAS,24
0021800217,MIA,16
0021800223,MIL,14
0021800221,MIN,16
0021800219,BKN,24
0021800222,NYK,31
0021800217,IND,14
0021800218,PHI,27
0021800216,BOS,23
0021800222,NOP,25
0021800223,CHI,15
0021800221,POR,14
0021800220,SAC,24
0021800216,TOR,23
0021800218,UTA,25
0021800220,MEM,23
0021800219,WAS,23
0021800224,LAC,25
0021800227,LAL,20
0021800224,BKN,22
0021800227,ORL,23
0021800226,IND,26
0021800225,PHI,24
0021800233,PHX,28
0021800226,ATL,24
0021800229,BOS,22
0021800228,NOP,18
0021800230,CHI,19
0021800232,DAL,18
0021800228,DEN,23
0021800232,GSW,27
0021800231,HOU,20
0021800231,SAC,21
0021800233,OKC,20
0021800230,TOR,24
0021800229,UTA,23
0021800225,CHA,29
0021800235,LAL,19
0021800235,MIA,21
0021800234,MIN,20
0021800236,NYK,26
0021800236,ORL,26
0021800238,GSW,17
0021800237,POR,25
0021800238,SAS,18
0021800234,MEM,20
0021800237,WAS,30
0021800243,LAC,22
0021800245,MIL,16
0021800241,IND,17
0021800242,PHI,27
0021800242,PHX,34
0021800243,ATL,38
0021800239,BOS,22
0021800240,CLE,22
0021800246,NOP,23
0021800244,DAL,19
0021800245,DEN,20
0021800247,SAC,18
0021800246,SAS,20
0021800247,OKC,22
0021800241,UTA,18
0021800244,MEM,21
0021800240,DET,27
0021800239,CHA,16
0021800249,LAC,28
0021800250,MIA,24
0021800250,BKN,21
0021800251,NYK,15
0021800248,ORL,11
0021800251,POR,19
0021800248,TOR,19
0021800249,WAS,20
0021800256,LAL,20
0021800259,MIL,23
0021800260,MIN,15
0021800261,BKN,31
0021800255,NYK,24
0021800252,IND,19
0021800253,PHI,26
0021800257,PHX,20
0021800254,ATL,21
0021800255,BOS,16
0021800256,CLE,22
0021800253,NOP,21
0021800257,CHI,19
0021800261,DAL,20
0021800260,DEN,22
0021800264,GSW,18
0021800258,HOU,25
0021800259,POR,20
0021800263,SAC,30
0021800262,SAS,20
0021800264,OKC,23
0021800254,TOR,21
0021800263,UTA,21
0021800262,MEM,25
0021800258,DET,26
0021800252,CHA,15
0021800266,LAC,23
0021800278,LAL,20
0021800273,MIA,21
0021800275,MIL,17
0021800265,MIN,20
0021800265,BKN,22
0021800269,NYK,26
0021800276,ORL,19
0021800272,IND,22
0021800270,PHI,20
0021800275,PHX,25
0021800268,ATL,26
0021800268,BOS,29
0021800270,CLE,25
0021800269,NOP,22
0021800273,CHI,23
0021800276,DEN,20
0021800277,GSW,22
0021800267,HOU,26
0021800277,POR,16
0021800272,SAS,19
0021800274,OKC,18
0021800271,TOR,23
0021800278,UTA,21
0021800266,MEM,29
0021800271,WAS,16
0021800267,DET,18
0021800274,CHA,21
0021800284,MIL,22
0021800281,MIN,23
0021800283,BOS,21
0021800279,CLE,24
0021800280,NOP,21
0021800281,CHI,19
0021800283,DAL,16
0021800282,DEN,20
0021800285,GSW,24
0021800279,HOU,19
0021800285,SAC,22
0021800284,SAS,21
0021800282,OKC,24
0021800280,WAS,16
0021800293,LAC,13
0021800286,LAL,17
0021800290,MIA,22
0021800289,BKN,25
0021800291,NYK,21
0021800286,ORL,22
0021800289,PHI,22
0021800287,PHX,22
0021800288,ATL,23
0021800293,POR,24
0021800292,SAC,25
0021800290,TOR,21
0021800292,UTA,26
0021800291,MEM,23
0021800287,DET,19
0021800288,CHA,15
0021800294,MIL,22
0021800295,MIN,18
0021800300,ORL,21
0021800299,IND,17
0021800298,BOS,25
0021800295,CLE,18
0021800298,NOP,20
0021800297,CHI,12
0021800300,GSW,19
0021800296,HOU,31
0021800297,SAS,16
0021800299,UTA,17
0021800296,WAS,29
0021800294,CHA,22
0021800304,LAL,19
0021800302,MIA,25
0021800301,NYK,31
0021800305,IND,13
0021800305,PHX,17
0021800302,ATL,24
0021800304,DEN,17
0021800303,TOR,18
0021800303,MEM,23
0021800301,DET,26
0021800315,LAC,17
0021800310,MIL,23
0021800311,MIN,18
0021800308,BKN,20
0021800307,NYK,21
0021800314,ORL,20
0021800307,PHI,19
0021800315,PHX,24
0021800306,ATL,25
0021800313,CLE,19
0021800312,NOP,20
0021800310,CHI,23
0021800309,DAL,17
0021800309,HOU,26
0021800314,POR,17
0021800311,SAS,17
0021800313,OKC,18
0021800308,UTA,25
0021800312,WAS,22
0021800306,CHA,21
0021800318,LAC,21
0021800317,LAL,23
0021800317,IND,22
0021800316,GSW,22
0021800318,SAC,25
0021800316,TOR,23
0021800328,LAL,29
0021800324,MIA,24
0021800323,BKN,28
0021800327,ORL,16
0021800322,PHI,17
0021800327,PHX,15
0021800325,ATL,12
0021800319,BOS,27
0021800319,CLE,21
0021800324,NOP,22
0021800321,CHI,20
0021800328,DAL,25
0021800329,DEN,21
0021800326,HOU,22
0021800329,POR,23
0021800326,SAS,18
0021800325,OKC,24
0021800320,UTA,13
0021800323,MEM,23
0021800322,WAS,20
0021800321,DET,17
0021800320,CHA,17
0021800330,MIL,25
0021800335,MIN,18
0021800333,BKN,17
0021800330,NYK,23
0021800336,IND,26
0021800335,BOS,25
0021800332,CLE,23
0021800334,CHI,22
0021800331,GSW,22
0021800334,HOU,21
0021800336,SAC,16
0021800332,TOR,19
0021800333,WAS,21
0021800331,DET,21
0021800341,LAC,22
0021800337,LAL,15
0021800339,MIA,16
0021800340,PHI,20
0021800337,PHX,22
0021800338,NOP,25
0021800341,DAL,21
0021800342,POR,21
0021800342,SAS,15
0021800339,UTA,18
0021800340,MEM,24
0021800338,CHA,19
0021800349,LAC,21
0021800348,MIN,16
0021800345,BKN,20
0021800346,NYK,14
0021800344,ATL,21
0021800345,CLE,17
0021800349,NOP,24
0021800347,DEN,14
0021800344,GSW,24
0021800348,HOU,27
0021800343,OKC,24
0021800347,TOR,21
0021800346,WAS,24
0021800343,DET,18
0021800351,MIA,19
0021800351,ORL,13
0021800350,IND,13
0021800353,PHX,27
0021800350,CHI,23
0021800352,DAL,19
0021800352,POR,29
0021800353,SAC,22
0021800354,SAS,19
0021800354,UTA,20
0021800360,LAC,21
0021800364,LAL,18
0021800361,MIL,21
0021800362,MIN,15
0021800358,BKN,24
0021800356,ORL,23
0021800359,PHI,23
0021800357,ATL,27
0021800355,CLE,19
0021800363,NOP,15
0021800363,DAL,17
0021800356,DEN,19
0021800355,GSW,17
0021800364,SAS,24
0021800358,OKC,23
0021800359,TOR,13
0021800360,MEM,27
0021800357,WAS,24
0021800361,DET,26
0021800362,CHA,15
0021800365,NYK,23
0021800366,PHX,21
0021800365,BOS,24
0021800367,HOU,26
0021800366,POR,19
0021800367,UTA,24
0021800375,LAL,24
0021800376,MIA,16
0021800377,MIL,21
0021800371,BKN,28
0021800370,ORL,18
0021800370,IND,17
0021800369,PHI,28
0021800376,PHX,21
0021800372,CLE,17
0021800374,NOP,25
0021800373,CHI,26
0021800368,DEN,28
0021800377,GSW,20
0021800372,SAC,18
0021800375,SAS,18
0021800373,OKC,22
0021800371,TOR,19
0021800374,MEM,25
0021800369,DET,24
0021800368,CHA,20
0021800386,LAC,26
0021800384,LAL,22
0021800386,MIA,24
0021800385,MIN,23
0021800382,BKN,25
0021800382,NYK,18
0021800379,IND,17
0021800380,ATL,23
0021800383,BOS,14
0021800381,CLE,20
0021800383,CHI,17
0021800378,DAL,14
0021800380,DEN,16
0021800378,HOU,19
0021800385,POR,20
0021800379,SAC,21
0021800384,MEM,19
0021800381,WAS,12
0021800388,MIL,13
0021800389,NYK,25
0021800387,NOP,19
0021800390,SAS,15
0021800388,TOR,21
0021800390,UTA,15
0021800387,DET,22
0021800389,CHA,17
0021800399,LAC,21
0021800401,LAL,10
0021800401,MIA,19
0021800395,MIL,24
0021800400,MIN,18
0021800397,ORL,18
0021800391,IND,25
0021800392,PHI,19
0021800399,PHX,29
0021800393,BOS,21
0021800395,CLE,15
0021800393,NOP,19
0021800394,CHI,17
0021800397,DAL,11
0021800398,DEN,17
0021800400,GSW,26
0021800394,SAC,15
0021800396,OKC,26
0021800396,UTA,28
0021800398,MEM,19
0021800391,WAS,22
0021800392,DET,24
0021800404,LAC,16
0021800403,PHX,22
0021800402,HOU,21
0021800402,POR,17
0021800403,SAS,15
0021800404,TOR,22
0021800413,MIA,22
0021800407,MIL,18
0021800414,MIN,24
0021800408,BKN,23
0021800406,NYK,18
0021800407,IND,13
0021800408,PHI,30
0021800412,ATL,30
0021800409,BOS,19
0021800406,CLE,18
0021800411,NOP,27
0021800412,DAL,16
0021800415,GSW,18
0021800410,POR,19
0021800414,SAC,21
0021800411,OKC,27
0021800415,TOR,17
0021800413,UTA,19
0021800410,MEM,22
0021800409,WAS,27
0021800405,DET,26
0021800405,CHA,17
0021800417,LAC,18
0021800416,LAL,21
0021800418,ORL,16
0021800419,PHX,27
0021800418,CHI,23
0021800419,DAL,19
0021800416,HOU,24
0021800417,SAS,20
0021800425,MIA,20
0021800423,MIL,17
0021800422,BKN,17
0021800421,NYK,16
0021800424,IND,22
0021800424,PHI,21
0021800420,ATL,19
0021800420,BOS,21
0021800423,CLE,24
0021800426,DEN,24
0021800428,GSW,23
0021800427,POR,15
0021800428,SAC,28
0021800426,OKC,17
0021800427,TOR,21
0021800425,MEM,18
0021800422,WAS,24
0021800421,CHA,23
0021800434,LAC,22
0021800430,LAL,20
0021800435,MIN,19
0021800429,ORL,27
0021800435,PHX,22
0021800431,BOS,25
0021800433,CHI,20
0021800432,HOU,22
0021800433,SAS,18
0021800434,OKC,20
0021800429,UTA,19
0021800432,MEM,22
0021800431,DET,21
0021800430,CHA,19
0021800439,LAL,13
0021800441,MIA,21
0021800436,BKN,21
0021800438,NYK,19
0021800438,IND,18
0021800437,PHI,18
0021800436,ATL,22
0021800437,CLE,20
0021800441,NOP,22
0021800440,DAL,18
0021800442,DEN,14
0021800440,SAC,26
0021800442,TOR,16
0021800439,WAS,13
0021800450,LAC,23
0021800443,MIL,19
0021800446,MIN,24
0021800444,NYK,21
0021800448,PHI,15
0021800444,PHX,20
0021800447,CHI,31
0021800449,GSW,19
0021800445,HOU,24
0021800450,POR,32
0021800446,SAC,27
0021800448,SAS,14
0021800447,OKC,21
0021800445,UTA,25
0021800449,MEM,23
0021800443,DET,20
0021800453,LAL,19
0021800453,BKN,18
0021800451,IND,12
0021800452,ATL,29
0021800451,CLE,16
0021800454,DAL,17
0021800454,DEN,28
0021800452,WAS,32
0021800462,MIL,18
0021800463,MIN,27
0021800460,BKN,14
0021800457,NYK,19
0021800456,ORL,18
0021800459,IND,21
0021800457,PHI,22
0021800458,PHX,19
0021800458,BOS,17
0021800455,CLE,18
0021800462,NOP,22
0021800460,CHI,22
0021800464,GSW,21
0021800461,HOU,21
0021800465,POR,23
0021800466,SAC,18
0021800456,SAS,15
0021800466,OKC,24
0021800459,TOR,19
0021800464,UTA,16
0021800465,MEM,21
0021800461,WAS,15
0021800463,DET,25
0021800455,CHA,14
0021800468,LAC,25
0021800467,MIA,18
0021800468,DAL,30
0021800467,HOU,23
0021800478,LAL,17
0021800473,MIL,30
0021800475,MIN,19
0021800471,BKN,23
0021800472,NYK,22
0021800474,ORL,22
0021800471,IND,26
0021800472,ATL,18
0021800473,BOS,16
0021800470,CLE,23
0021800478,NOP,24
0021800474,CHI,21
0021800476,POR,16
0021800477,SAC,15
0021800475,SAS,22
0021800470,TOR,23
0021800476,UTA,21
0021800477,MEM,25
0021800469,DET,22
0021800469,CHA,23
0021800479,LAC,23
0021800482,MIA,18
0021800482,MIL,19
0021800481,PHI,21
0021800480,PHX,28
0021800484,DAL,14
0021800479,DEN,16
0021800484,GSW,23
0021800483,HOU,18
0021800483,SAS,17
0021800485,OKC,21
0021800481,TOR,24
0021800485,UTA,19
0021800480,WAS,26
0021800494,LAC,25
0021800496,LAL,16
0021800491,MIA,26
0021800493,MIN,23
0021800489,BKN,15
0021800491,ORL,19
0021800487,IND,25
0021800489,PHX,27
0021800486,ATL,25
0021800488,BOS,22
0021800490,CLE,20
0021800492,NOP,29
0021800490,CHI,19
0021800495,DAL,20
0021800494,GSW,27
0021800495,POR,26
0021800492,SAC,21
0021800493,OKC,27
0021800496,MEM,20
0021800487,WAS,18
0021800486,DET,25
0021800488,CHA,17
0021800500,LAL,20
0021800497,MIL,19
0021800497,NYK,25
0021800499,PHI,21
0021800499,BOS,21
0021800500,GSW,21
0021800498,HOU,25
0021800501,POR,20
0021800498,OKC,22
0021800501,UTA,19
0021800511,LAC,20
0021800506,MIA,17
0021800507,MIN,15
0021800505,BKN,26
0021800503,ORL,18
0021800504,IND,17
0021800503,PHX,19
0021800504,ATL,24
0021800508,CLE,21
0021800509,NOP,27
0021800507,CHI,21
0021800509,DAL,25
0021800510,DEN,17
0021800511,SAC,21
0021800510,SAS,17
0021800506,TOR,16
0021800508,MEM,16
0021800502,WAS,21
0021800502,DET,20
0021800505,CHA,20
0021800514,LAL,19
0021800513,MIL,14
0021800513,NYK,20
0021800515,PHI,21
0021800512,BOS,22
0021800516,GSW,19
0021800512,HOU,22
0021800516,POR,18
0021800514,SAC,20
0021800515,UTA,19
0021800526,LAC,29
0021800526,LAL,22
0021800521,MIA,21
0021800522,MIN,26
0021800517,BKN,20
0021800519,ORL,20
0021800518,IND,17
0021800525,PHX,18
0021800522,ATL,33
0021800521,CLE,15
0021800523,NOP,28
0021800520,CHI,18
0021800523,DAL,22
0021800524,DEN,20
0021800524,SAS,19
0021800525,OKC,13
0021800519,TOR,21
0021800520,WAS,18
0021800518,DET,22
0021800517,CHA,22
0021800535,LAC,25
0021800527,MIL,22
0021800527,BKN,17
0021800532,NYK,19
0021800533,PHX,21
0021800529,ATL,25
0021800531,BOS,24
0021800529,CLE,23
0021800528,NOP,23
0021800533,DEN,20
0021800534,GSW,18
0021800528,HOU,20
0021800534,POR,17
0021800535,SAS,25
0021800532,UTA,27
0021800531,MEM,22
0021800530,WAS,18
0021800530,CHA,29
0021800541,LAL,17
0021800537,MIA,28
0021800537,MIN,22
0021800536,ORL,20
0021800540,PHI,21
0021800538,CHI,16
0021800539,DAL,19
0021800540,POR,22
0021800541,SAC,23
0021800539,OKC,23
0021800538,TOR,15
0021800536,DET,21
0021800546,MIN,18
0021800543,ORL,21
0021800542,IND,18
0021800548,PHX,29
0021800542,ATL,23
0021800545,BOS,17
0021800546,NOP,21
0021800547,DAL,29
0021800548,GSW,24
0021800544,HOU,25
0021800545,SAS,17
0021800547,OKC,30
0021800544,MEM,31
0021800543,CHA,16
0021800553,LAC,29
0021800550,MIL,19
0021800551,NYK,21
0021800553,PHI,28
0021800551,DEN,19
0021800552,POR,19
0021800552,SAC,23
0021800549,TOR,21
0021800549,UTA,27
0021800550,DET,26
0021800562,LAL,26
0021800555,MIA,13
0021800558,MIN,16
0021800557,BKN,23
0021800559,ORL,10
0021800561,PHI,30
0021800561,PHX,34
0021800556,ATL,19
0021800558,BOS,21
0021800555,CLE,16
0021800557,NOP,20
0021800559,CHI,17
0021800554,DAL,14
0021800562,OKC,24
0021800560,MEM,22
0021800556,WAS,20
0021800560,DET,17
0021800554,CHA,20
0021800564,DEN,20
0021800565,GSW,19
0021800565,HOU,20
0021800564,SAC,23
0021800563,SAS,19
0021800563,TOR,23
0021800573,LAC,27
0021800574,LAL,27
0021800568,MIA,18
0021800572,MIL,26
0021800571,MIN,20
0021800570,BKN,19
0021800574,NYK,20
0021800571,ORL,20
0021800569,IND,17
0021800573,PHX,26
0021800572,ATL,23
0021800566,BOS,16
0021800567,CLE,21
0021800569,CHI,23
0021800566,DAL,13
0021800575,POR,17
0021800575,OKC,21
0021800567,UTA,19
0021800570,MEM,24
0021800568,WAS,18
0021800580,MIL,20
0021800578,PHI,20
0021800579,CLE,23
0021800579,NOP,18
0021800578,DAL,23
0021800576,DEN,19
0021800583,GSW,16
0021800582,HOU,22
0021800582,POR,11
0021800583,SAC,18
0021800581,SAS,19
0021800580,TOR,22
0021800577,UTA,23
0021800581,MEM,29
0021800577,DET,23
0021800576,CHA,18
0021800586,LAC,21
0021800585,LAL,20
0021800587,MIA,17
0021800585,MIN,27
0021800584,BKN,16
0021800586,ORL,18
0021800589,IND,19
0021800590,PHX,25
0021800587,ATL,22
0021800584,CHI,15
0021800588,OKC,17
0021800589,TOR,21
0021800588,WAS,16
0021800590,CHA,21
0021800596,LAL,20
0021800594,MIL,19
0021800592,BKN,16
0021800597,NYK,19
0021800598,ORL,15
0021800592,BOS,21
0021800595,NOP,18
0021800596,DAL,20
0021800593,DEN,21
0021800593,HOU,23
0021800597,POR,21
0021800598,SAC,18
0021800591,SAS,15
0021800594,UTA,21
0021800595,MEM,23
0021800591,DET,22
0021800606,LAC,24
0021800601,MIA,18
0021800603,MIN,23
0021800605,NYK,12
0021800599,IND,18
0021800600,PHI,20
0021800604,PHX,25
0021800602,ATL,22
0021800599,CLE,20
0021800601,DEN,20
0021800605,GSW,14
0021800604,SAC,19
0021800603,OKC,30
0021800602,TOR,20
0021800600,WAS,18
0021800606,CHA,20
0021800616,LAL,17
0021800610,MIL,25
0021800609,BKN,28
0021800614,ORL,20
0021800607,IND,18
0021800608,PHI,20
0021800613,PHX,34
0021800609,ATL,24
0021800607,BOS,25
0021800612,CLE,30
0021800612,NOP,21
0021800615,CHI,18
0021800613,DAL,17
0021800610,HOU,18
0021800615,POR,21
0021800611,SAS,19
0021800614,UTA,20
0021800611,MEM,22
0021800608,WAS,21
0021800616,DET,20
0021800618,LAC,16
0021800617,MIA,18
0021800617,BOS,10
0021800618,DEN,23
0021800620,SAC,22
0021800619,SAS,25
0021800619,OKC,24
0021800620,DET,21
0021800627,LAL,23
0021800622,MIL,17
0021800626,MIN,20
0021800624,BKN,21
0021800623,NYK,18
0021800623,IND,15
0021800621,PHI,23
0021800621,ATL,24
0021800625,CLE,24
0021800629,CHI,21
0021800626,DAL,16
0021800629,GSW,27
0021800625,HOU,18
0021800628,POR,20
0021800624,TOR,22
0021800627,UTA,20
0021800622,WAS,17
0021800628,CHA,10
0021800630,LAC,19
0021800631,MIA,23
0021800633,MIN,20
0021800632,ORL,20
0021800635,PHX,19
0021800632,BOS,18
0021800633,NOP,20
0021800637,CHI,19
0021800635,DEN,19
0021800636,SAC,21
0021800634,SAS,18
0021800634,OKC,16
0021800637,UTA,18
0021800631,MEM,21
0021800630,DET,26
0021800636,CHA,17
0021800644,LAL,22
0021800640,MIL,25
0021800638,NYK,21
0021800641,ORL,21
0021800638,PHI,21
0021800640,ATL,30
0021800644,CLE,21
0021800642,DAL,14
0021800643,DEN,20
0021800642,GSW,22
0021800641,HOU,21
0021800643,POR,22
0021800639,TOR,27
0021800639,WAS,28
0021800650,LAC,21
0021800645,BKN,20
0021800645,BOS,21
0021800650,NOP,19
0021800646,HOU,20
0021800649,POR,23
0021800649,SAC,23
0021800647,SAS,15
0021800648,UTA,18
0021800646,MEM,20
0021800648,DET,27
0021800647,CHA,14
0021800656,LAL,18
0021800654,MIA,14
0021800654,MIL,12
0021800652,MIN,19
0021800651,IND,17
0021800652,PHI,29
0021800651,PHX,30
0021800653,ATL,28
0021800656,CHI,26
0021800655,DEN,12
0021800655,GSW,20
0021800653,OKC,18
0021800664,LAC,24
0021800660,MIL,25
0021800659,BKN,25
0021800657,ORL,21
0021800658,BOS,24
0021800662,CLE,18
0021800663,NOP,23
0021800661,DAL,14
0021800663,GSW,24
0021800659,HOU,24
0021800662,POR,17
0021800661,SAS,19
0021800658,TOR,14
0021800664,UTA,15
0021800660,MEM,15
0021800657,DET,16
0021800670,LAL,24
0021800665,NYK,16
0021800667,IND,14
0021800667,PHI,10
0021800668,PHX,21
0021800669,CHI,21
0021800669,DEN,16
0021800666,SAC,22
0021800670,OKC,22
0021800668,TOR,27
0021800665,WAS,10
0021800666,CHA,16
0021800676,LAC,30
0021800672,MIA,20
0021800674,MIN,28
0021800673,BKN,19
0021800673,ORL,18
0021800671,BOS,20
0021800675,CLE,19
0021800677,NOP,24
0021800676,GSW,24
0021800677,POR,22
0021800674,SAS,25
0021800675,UTA,22
0021800671,MEM,22
0021800672,DET,20
0021800686,LAL,27
0021800685,MIA,23
0021800682,MIL,14
0021800682,ORL,15
0021800681,IND,22
0021800678,PHI,20
0021800679,PHX,26
0021800683,ATL,20
0021800683,BOS,18
0021800687,CLE,15
0021800685,CHI,25
0021800681,DAL,18
0021800687,DEN,25
0021800686,HOU,27
0021800680,SAC,20
0021800678,OKC,24
0021800684,TOR,17
0021800684,MEM,13
0021800680,DET,23
0021800679,CHA,26
0021800690,LAC,18
0021800689,MIN,26
0021800688,IND,18
0021800689,PHX,27
0021800690,SAS,25
0021800688,CHA,14
0021800701,LAL,19
0021800698,MIA,16
0021800694,MIL,19
0021800696,BKN,15
0021800691,NYK,23
0021800695,ORL,22
0021800699,PHI,22
0021800695,ATL,24
0021800698,BOS,21
0021800692,CLE,18
0021800697,NOP,17
0021800692,CHI,26
0021800694,DAL,19
0021800701,GSW,27
0021800699,HOU,25
0021800700,POR,22
0021800696,SAC,20
0021800691,OKC,31
0021800700,UTA,19
0021800697,MEM,19
0021800693,WAS,18
0021800693,DET,21
0021800704,LAC,26
0021800705,MIN,18
0021800705,PHX,17
0021800704,DAL,25
0021800703,POR,20
0021800702,SAC,27
0021800703,OKC,20
0021800702,TOR,21
0021800709,LAC,20
0021800709,MIA,19
0021800708,BKN,22
0021800710,NYK,23
0021800708,ORL,19
0021800706,IND,23
0021800711,PHI,14
0021800712,ATL,20
0021800707,BOS,20
0021800707,CLE,18
0021800714,NOP,18
0021800712,CHI,21
0021800715,DEN,25
0021800710,HOU,25
0021800711,SAS,15
0021800706,TOR,22
0021800715,UTA,20
0021800713,MEM,25
0021800714,DET,15
0021800713,CHA,19
0021800719,LAL,23
0021800719,MIN,15
0021800718,PHX,22
0021800717,NOP,16
0021800716,GSW,21
0021800718,POR,24
0021800717,OKC,15
0021800716,WAS,22
0021800723,LAC,14
0021800722,MIA,18
0021800727,MIL,18
0021800729,MIN,22
0021800721,BKN,21
0021800721,NYK,31
0021800720,ORL,10
0021800728,PHX,25
0021800722,CLE,21
0021800723,CHI,23
0021800726,DAL,25
0021800728,DEN,20
0021800724,HOU,21
0021800725,SAC,25
0021800724,TOR,25
0021800729,UTA,19
0021800725,MEM,22
0021800720,WAS,15
0021800726,DET,26
0021800727,CHA,19
0021800731,IND,26
0021800733,PHI,24
0021800734,ATL,27
0021800732,BOS,22
0021800730,NOP,18
0021800733,DEN,21
0021800732,GSW,19
0021800734,POR,23
0021800730,SAS,19
0021800731,MEM,24
0021800736,LAC,28
0021800743,LAL,30
0021800741,MIA,24
0021800738,MIL,22
0021800740,MIN,22
0021800741,NYK,20
0021800737,ORL,18
0021800743,PHX,20
0021800735,CLE,13
0021800735,CHI,17
0021800739,DAL,29
0021800737,HOU,19
0021800736,SAC,26
0021800742,SAS,20
0021800738,OKC,21
0021800739,TOR,27
0021800740,UTA,17
0021800742,WAS,18
0021800748,LAC,26
0021800746,BKN,20
0021800744,NYK,15
0021800745,IND,18
0021800748,ATL,25
0021800746,BOS,16
0021800747,DEN,18
0021800745,GSW,19
0021800747,MEM,22
0021800744,CHA,20
0021800755,LAL,20
0021800750,MIL,15
0021800752,BKN,21
0021800751,ORL,18
0021800755,PHI,15
0021800754,PHX,22
0021800749,CLE,21
0021800753,NOP,17
0021800752,CHI,29
0021800753,HOU,20
0021800754,SAS,15
0021800751,OKC,16
0021800749,WAS,22
0021800750,DET,14
0021800757,MIA,20
0021800760,MIN,24
0021800758,NYK,15
0021800759,IND,21
0021800762,ATL,19
0021800756,BOS,14
0021800761,NOP,20
0021800757,CHI,20
0021800758,DAL,19
0021800761,DEN,17
0021800763,POR,17
0021800762,SAC,24
0021800763,UTA,22
0021800760,MEM,27
0021800759,WAS,24
0021800756,CHA,17
0021800769,LAC,27
0021800769,LAL,24
0021800766,MIL,16
0021800767,BKN,23
0021800765,ORL,19
0021800765,IND,18
0021800768,PHI,19
0021800764,DAL,21
0021800768,GSW,19
0021800767,SAS,21
0021800766,TOR,20
0021800764,DET,24
0021800772,MIA,17
0021800771,NYK,15
0021800773,ATL,27
0021800771,BOS,18
0021800774,DEN,14
0021800774,HOU,24
0021800772,OKC,20
0021800773,UTA,22
0021800770,MEM,22
0021800770,CHA,17
0021800775,LAC,24
0021800782,LAL,18
0021800781,MIA,19
0021800778,MIL,19
0021800783,MIN,15
0021800777,BKN,11
0021800777,ORL,17
0021800781,IND,20
0021800785,PHI,22
0021800784,PHX,23
0021800784,ATL,18
0021800780,CLE,22
0021800779,NOP,16
0021800776,CHI,20
0021800780,DAL,26
0021800783,DEN,16
0021800782,GSW,17
0021800786,HOU,29
0021800785,SAC,19
0021800779,SAS,16
0021800786,UTA,21
0021800778,WAS,19
0021800775,DET,27
0021800776,CHA,21
0021800789,LAC,24
0021800787,NYK,16
0021800788,BOS,22
0021800788,OKC,18
0021800789,TOR,28
0021800787,MEM,20
0021800792,MIL,20
0021800792,BKN,21
0021800793,IND,17
0021800794,PHX,20
0021800791,ATL,22
0021800793,NOP,19
0021800790,DEN,19
0021800794,HOU,19
0021800795,SAC,18
0021800795,SAS,20
0021800791,WAS,20
0021800790,DET,20
0021800796,LAC,24
0021800798,LAL,14
0021800803,MIA,15
0021800801,MIN,23
0021800799,NYK,23
0021800802,ORL,29
0021800798,IND,20
0021800800,PHI,22
0021800797,BOS,14
0021800797,CLE,17
0021800803,POR,21
0021800802,OKC,25
0021800800,TOR,27
0021800801,MEM,18
0021800799,DET,21
0021800796,CHA,19
0021800806,MIL,20
0021800804,BKN,22
0021800808,PHX,25
0021800805,NOP,18
0021800805,CHI,23
0021800807,DAL,12
0021800804,DEN,26
0021800810,GSW,20
0021800809,HOU,19
0021800809,SAC,22
0021800810,SAS,19
0021800808,UTA,18
0021800806,WAS,23
0021800807,CHA,17
0021800811,LAC,19
0021800814,LAL,19
0021800812,MIN,19
0021800812,ORL,16
0021800811,IND,20
0021800813,ATL,25
0021800814,BOS,16
0021800816,POR,14
0021800816,SAS,16
0021800815,OKC,25
0021800813,TOR,23
0021800815,MEM,21
0021800824,MIA,21
0021800821,MIL,21
0021800823,MIN,20
0021800820,BKN,21
0021800817,NYK,23
0021800818,PHI,12
0021800822,PHX,28
0021800819,CLE,16
0021800823,NOP,21
0021800820,CHI,21
0021800821,DAL,15
0021800818,DEN,19
0021800822,GSW,23
0021800824,SAC,17
0021800819,WAS,19
0021800817,DET,27
0021800829,LAC,27
0021800833,MIL,16
0021800828,NYK,26
0021800833,ORL,20
0021800826,IND,13
0021800827,ATL,18
0021800829,BOS,29
0021800826,CLE,13
0021800831,NOP,22
0021800830,CHI,15
0021800832,HOU,26
0021800825,SAS,17
0021800832,OKC,24
0021800828,TOR,15
0021800825,UTA,17
0021800831,MEM,24
0021800830,WAS,23
0021800827,CHA,17
0021800835,LAL,21
0021800838,MIA,22
0021800837,ORL,21
0021800835,PHI,17
0021800836,PHX,31
0021800837,ATL,21
0021800834,DAL,20
0021800838,GSW,16
0021800834,POR,26
0021800836,SAC,21
0021800845,LAC,28
0021800847,MIA,16
0021800843,MIL,18
0021800845,MIN,22
0021800842,BKN,18
0021800839,NYK,17
0021800841,IND,22
0021800839,CLE,16
0021800843,CHI,22
0021800844,DAL,17
0021800847,DEN,17
0021800844,HOU,26
0021800846,POR,24
0021800846,OKC,28
0021800842,TOR,16
0021800840,WAS,21
0021800840,DET,21
0021800841,CHA,15
0021800848,LAL,24
0021800851,ORL,14
0021800849,PHI,20
0021800848,ATL,24
0021800849,BOS,23
0021800851,NOP,16
0021800852,GSW,20
0021800850,SAS,14
0021800852,UTA,21
0021800850,MEM,23
0021800863,LAC,25
0021800859,MIA,20
0021800854,MIL,14
0021800861,MIN,13
0021800853,BKN,23
0021800856,NYK,27
0021800854,IND,23
0021800856,PHI,24
0021800863,PHX,23
0021800855,BOS,22
0021800853,CLE,37
0021800858,CHI,19
0021800859,DAL,17
0021800860,DEN,19
0021800862,GSW,26
0021800861,HOU,18
0021800862,POR,16
0021800860,SAC,23
0021800857,TOR,27
0021800858,MEM,19
0021800857,WAS,28
0021800855,DET,18
0021800865,NYK,22
0021800864,ORL,15
0021800865,ATL,24
0021800866,NOP,15
0021800866,OKC,21
0021800864,CHA,19
0021800872,LAL,17
0021800868,MIA,28
0021800870,MIL,11
0021800869,BKN,19
0021800868,PHI,13
0021800867,PHX,18
0021800870,BOS,15
0021800867,CLE,23
0021800871,GSW,26
0021800872,HOU,28
0021800869,POR,21
0021800871,SAC,24
0021800879,LAC,30
0021800878,MIN,20
0021800878,NYK,22
0021800875,ORL,14
0021800874,IND,24
0021800877,ATL,24
0021800874,NOP,25
0021800875,CHI,19
0021800880,DAL,21
0021800880,DEN,26
0021800876,SAS,22
0021800881,OKC,29
0021800876,TOR,20
0021800881,UTA,25
0021800879,MEM,31
0021800873,WAS,20
0021800877,DET,21
0021800873,CHA,20
0021800887,LAL,21
0021800888,MIA,22
0021800891,MIL,17
0021800891,MIN,16
0021800884,BKN,26
0021800886,IND,21
0021800882,PHI,23
0021800883,PHX,29
0021800883,ATL,22
0021800889,BOS,18
0021800885,CLE,26
0021800887,NOP,21
0021800889,CHI,22
0021800893,DAL,28
0021800892,GSW,19
0021800892,HOU,23
0021800882,POR,23
0021800890,SAC,21
0021800890,OKC,26
0021800893,UTA,21
0021800885,MEM,21
0021800886,WAS,23
0021800888,DET,24
0021800884,CHA,23
0021800895,LAC,27
0021800896,NYK,27
0021800894,ORL,16
0021800895,DEN,28
0021800896,SAS,20
0021800894,TOR,20
0021800907,LAC,22
0021800904,LAL,28
0021800901,MIA,20
0021800902,MIL,22
0021800905,MIN,28
0021800900,BKN,15
0021800899,IND,23
0021800906,PHI,19
0021800901,PHX,20
0021800903,ATL,24
0021800898,CLE,20
0021800906,NOP,19
0021800902,CHI,18
0021800907,DAL,20
0021800897,GSW,18
0021800903,HOU,18
0021800898,POR,24
0021800905,SAC,27
0021800900,SAS,13
0021800904,MEM,21
0021800899,DET,20
0021800897,CHA,11
0021800908,NYK,15
0021800908,ORL,21
0021800909,BOS,20
0021800910,DEN,28
0021800910,OKC,34
0021800909,TOR,24
0021800919,LAC,26
0021800921,LAL,22
0021800915,MIA,31
0021800920,MIL,18
0021800912,MIN,24
0021800914,BKN,27
0021800918,IND,23
0021800912,ATL,25
0021800913,BOS,20
0021800921,NOP,27
0021800916,CHI,20
0021800918,DAL,22
0021800915,GSW,21
0021800911,HOU,22
0021800913,POR,15
0021800920,SAC,19
0021800917,SAS,11
0021800919,UTA,23
0021800916,MEM,17
0021800914,WAS,30
0021800917,DET,14
0021800911,CHA,22
0021800925,MIA,22
0021800922,MIN,24
0021800924,NYK,28
0021800923,ORL,14
0021800922,IND,21
0021800927,PHI,24
0021800924,CLE,20
0021800926,DEN,23
0021800923,GSW,14
0021800925,HOU,21
0021800927,OKC,18
0021800926,UTA,22
0021800933,LAC,23
0021800934,LAL,21
0021800934,MIL,15
0021800929,BKN,19
0021800932,PHX,21
0021800928,ATL,34
0021800931,BOS,18
0021800932,NOP,18
0021800928,CHI,30
0021800930,POR,25
0021800933,SAC,25
0021800930,TOR,17
0021800931,WAS,16
0021800929,CHA,25
0021800942,LAL,24
0021800937,MIA,19
0021800943,MIL,22
0021800937,BKN,14
0021800936,ORL,20
0021800936,IND,17
0021800938,PHI,25
0021800942,PHX,22
0021800935,CLE,19
0021800941,NOP,25
0021800939,DAL,23
0021800941,DEN,22
0021800938,GSW,22
0021800940,SAS,19
0021800940,OKC,19
0021800943,UTA,23
0021800939,MEM,30
0021800935,DET,24
0021800947,LAC,28
0021800950,MIN,24
0021800947,NYK,19
0021800948,ORL,17
0021800946,ATL,18
0021800945,BOS,23
0021800948,CLE,15
0021800946,CHI,20
0021800945,HOU,23
0021800944,POR,23
0021800951,OKC,19
0021800949,TOR,28
0021800951,MEM,25
0021800950,WAS,19
0021800949,DET,24
0021800944,CHA,21
0021800958,LAC,22
0021800958,LAL,21
0021800953,MIA,24
0021800955,MIL,25
0021800952,BKN,23
0021800957,NYK,25
0021800955,PHX,23
0021800953,ATL,21
0021800956,NOP,20
0021800952,DAL,19
0021800954,DEN,17
0021800957,SAC,24
0021800954,SAS,13
0021800956,UTA,17
0021800963,MIN,24
0021800960,ORL,16
0021800959,IND,22
0021800960,PHI,13
0021800964,BOS,24
0021800959,CHI,20
0021800964,GSW,24
0021800961,HOU,23
0021800962,POR,29
0021800963,OKC,26
0021800961,TOR,15
0021800962,MEM,21
0021800974,LAL,22
0021800965,MIA,16
0021800966,MIN,22
0021800969,BKN,22
0021800972,NYK,23
0021800970,PHI,20
0021800972,PHX,25
0021800968,ATL,18
0021800973,BOS,22
0021800969,CLE,22
0021800971,NOP,23
0021800970,CHI,17
0021800967,DAL,19
0021800974,DEN,17
0021800973,SAC,21
0021800968,SAS,23
0021800971,UTA,20
0021800967,WAS,26
0021800966,DET,19
0021800965,CHA,19
0021800975,MIL,19
0021800975,IND,16
0021800976,POR,27
0021800976,OKC,31
0021800985,LAC,26
0021800979,MIA,15
0021800978,ORL,18
0021800981,PHI,17
0021800979,CLE,25
0021800983,NOP,12
0021800980,CHI,18
0021800978,DAL,15
0021800984,DEN,22
0021800984,GSW,28
0021800981,HOU,18
0021800985,OKC,34
0021800983,TOR,14
0021800982,UTA,20
0021800982,MEM,18
0021800977,WAS,19
0021800980,DET,19
0021800977,CHA,18
0021800989,LAL,16
0021800990,MIL,17
0021800988,MIN,17
0021800987,BKN,23
0021800986,NYK,20
0021800991,PHX,23
0021800987,ATL,37
0021800989,BOS,17
0021800991,POR,27
0021800986,SAC,14
0021800988,WAS,23
0021800990,CHA,24
0021800993,MIA,22
0021800999,MIL,17
0021800998,MIN,16
0021800998,NYK,14
0021800996,ORL,23
0021800994,IND,27
0021800994,PHI,26
0021801000,PHX,18
0021800995,ATL,12
0021800995,NOP,17
0021800992,CHI,18
0021800997,DAL,20
0021801000,GSW,24
0021800997,HOU,20
0021800999,SAS,18
0021800993,TOR,23
0021800996,MEM,22
0021800992,DET,24
0021801006,LAC,26
0021801003,BKN,18
0021801006,BOS,24
0021801001,CLE,19
0021801004,HOU,17
0021801002,SAC,25
0021801005,OKC,21
0021801001,TOR,24
0021801005,UTA,25
0021801002,WAS,25
0021801003,DET,22
0021801004,CHA,20
0021801013,LAC,21
0021801009,LAL,14
0021801010,MIL,20
0021801012,MIN,20
0021801007,NYK,23
0021801007,IND,22
0021801008,PHI,18
0021801008,CLE,17
0021801010,NOP,23
0021801009,CHI,22
0021801011,DAL,16
0021801012,DEN,16
0021801013,POR,20
0021801011,SAS,25
0021801014,MIA,18
0021801017,BKN,18
0021801015,ORL,15
0021801019,PHX,20
0021801016,ATL,26
0021801018,GSW,20
0021801018,HOU,16
0021801017,OKC,20
0021801019,UTA,22
0021801016,MEM,17
0021801015,WAS,13
0021801014,DET,23
0021801023,LAL,21
0021801024,MIN,23
0021801021,ORL,14
0021801020,IND,17
0021801022,BOS,20
0021801021,CLE,18
0021801025,DAL,17
0021801025,DEN,16
0021801022,SAC,24
0021801020,OKC,28
0021801023,TOR,20
0021801024,UTA,20
0021801033,LAC,30
0021801026,LAL,26
0021801029,MIA,18
0021801029,MIL,21
0021801032,NYK,13
0021801027,PHI,18
0021801030,PHX,21
0021801031,NOP,23
0021801033,CHI,26
0021801030,HOU,20
0021801031,POR,18
0021801027,SAC,22
0021801032,SAS,13
0021801028,WAS,14
0021801026,DET,19
0021801028,CHA,17
0021801041,BKN,24
0021801040,IND,19
0021801036,PHX,33
0021801034,ATL,25
0021801034,BOS,21
0021801037,CLE,20
0021801036,NOP,30
0021801037,DAL,22
0021801040,DEN,22
0021801038,GSW,22
0021801039,POR,22
0021801039,SAS,14
0021801038,OKC,18
0021801041,UTA,21
0021801035,MEM,27
0021801035,WAS,21
0021801049,LAC,25
0021801042,LAL,21
0021801045,MIA,21
0021801043,MIL,22
0021801048,MIN,13
0021801049,BKN,28
0021801042,NYK,26
0021801046,ORL,15
0021801043,PHI,23
0021801046,ATL,29
0021801047,CHI,16
0021801048,HOU,25
0021801047,SAC,21
0021801044,TOR,22
0021801044,DET,18
0021801045,CHA,19
0021801054,MIA,23
0021801053,NYK,18
0021801058,IND,21
0021801057,PHX,22
0021801052,BOS,16
0021801050,CLE,16
0021801056,NOP,28
0021801057,CHI,22
0021801056,DAL,26
0021801052,DEN,19
0021801055,GSW,20
0021801058,POR,23
0021801055,SAS,12
0021801054,OKC,17
0021801053,TOR,22
0021801051,UTA,21
0021801051,WAS,16
0021801050,DET,21
0021801064,LAC,20
0021801061,LAL,18
0021801061,MIL,19
0021801062,MIN,14
0021801063,BKN,19
0021801064,IND,20
0021801059,PHI,27
0021801060,ATL,23
0021801062,GSW,25
0021801060,HOU,17
0021801063,SAC,19
0021801059,CHA,22
0021801071,MIA,21
0021801065,MIL,16
0021801068,NYK,21
0021801066,ORL,14
0021801067,PHI,17
0021801067,BOS,25
0021801065,CLE,17
0021801066,NOP,15
0021801069,CHI,16
0021801073,DAL,22
0021801070,HOU,27
0021801073,POR,17
0021801071,SAS,13
0021801072,OKC,22
0021801072,TOR,27
0021801068,UTA,18
0021801070,MEM,19
0021801069,WAS,21
0021801074,MIN,21
0021801079,IND,18
0021801077,PHX,27
0021801076,ATL,23
0021801078,DAL,22
0021801075,DEN,20
0021801079,GSW,19
0021801078,SAC,18
0021801076,UTA,24
0021801075,WAS,15
0021801077,DET,26
0021801074,CHA,24
0021801081,LAC,16
0021801086,LAL,26
0021801085,MIA,18
0021801085,MIL,23
0021801086,BKN,25
0021801082,NYK,15
0021801080,ORL,16
0021801081,CLE,22
0021801082,DEN,15
0021801084,HOU,19
0021801084,SAS,23
0021801083,OKC,21
0021801083,TOR,24
0021801080,MEM,24
0021801089,MIA,23
0021801091,MIN,20
0021801088,PHI,15
0021801094,PHX,21
0021801088,ATL,25
0021801087,BOS,23
0021801090,CHI,16
0021801092,DAL,22
0021801092,GSW,22
0021801093,POR,14
0021801094,SAC,19
0021801090,UTA,17
0021801091,MEM,22
0021801089,WAS,20
0021801093,DET,21
0021801087,CHA,15
0021801095,LAC,19
0021801102,LAL,22
0021801096,MIL,13
0021801095,NYK,24
0021801097,IND,17
0021801100,BOS,14
0021801096,CLE,21
0021801099,NOP,9
0021801097,DEN,17
0021801101,GSW,23
0021801099,HOU,16
0021801102,SAC,22
0021801100,SAS,19
0021801098,TOR,17
0021801101,DET,13
0021801098,CHA,17
0021801106,BKN,31
0021801103,ORL,18
0021801103,PHI,18
0021801105,PHX,18
0021801106,POR,30
0021801104,OKC,25
0021801105,UTA,23
0021801104,MEM,18
0021801112,LAC,26
0021801116,LAL,21
0021801109,MIA,22
0021801111,MIL,11
0021801112,MIN,18
0021801109,ORL,19
0021801113,ATL,26
0021801108,BOS,21
0021801108,CLE,21
0021801113,NOP,23
0021801110,CHI,16
0021801114,DAL,26
0021801115,DEN,19
0021801111,HOU,15
0021801114,SAC,23
0021801107,SAS,21
0021801110,TOR,16
0021801116,WAS,20
0021801115,DET,21
0021801107,CHA,18
0021801121,LAL,23
0021801119,IND,17
0021801120,PHX,28
0021801117,CHI,19
0021801118,GSW,19
0021801117,POR,16
0021801119,OKC,14
0021801121,UTA,18
0021801118,MEM,16
0021801120,WAS,20
0021801127,LAC,21
0021801124,MIA,22
0021801127,MIL,21
0021801123,BKN,22
0021801125,NYK,22
0021801122,ORL,14
0021801123,PHI,23
0021801129,CLE,20
0021801128,NOP,16
0021801124,DAL,21
0021801126,DEN,17
0021801126,HOU,19
0021801128,SAC,19
0021801129,SAS,14
0021801125,TOR,28
0021801122,DET,18
0021801135,LAL,17
0021801132,MIN,24
0021801130,IND,16
0021801131,ATL,22
0021801130,BOS,19
0021801133,DEN,21
0021801132,GSW,24
0021801131,POR,9
0021801133,OKC,17
0021801134,UTA,22
0021801134,WAS,18
0021801135,CHA,14
0021801136,LAC,25
0021801141,MIA,21
0021801143,MIN,15
0021801137,BKN,17
0021801141,NYK,16
0021801140,ORL,16
0021801140,IND,18
0021801143,PHI,20
0021801144,PHX,26
0021801137,BOS,25
0021801136,CLE,16
0021801142,CHI,15
0021801138,HOU,17
0021801139,POR,19
0021801138,SAC,17
0021801142,TOR,15
0021801144,MEM,18
0021801139,DET,21
0021801151,LAC,23
0021801147,LAL,20
0021801145,MIL,20
0021801145,ATL,13
0021801147,NOP,16
0021801146,DAL,19
0021801148,DEN,18
0021801150,GSW,19
0021801149,SAC,15
0021801149,SAS,22
0021801146,OKC,21
0021801151,MEM,26
0021801148,WAS,21
0021801150,CHA,11
0021801153,MIA,17
0021801154,MIL,26
0021801157,MIN,19
0021801154,BKN,26
0021801155,NYK,18
0021801156,ORL,21
0021801152,IND,20
0021801158,PHI,22
0021801160,PHX,22
0021801153,BOS,18
0021801160,CLE,24
0021801155,CHI,18
0021801158,DAL,22
0021801157,POR,17
0021801156,TOR,20
0021801159,UTA,25
0021801152,DET,24
0021801159,CHA,20
0021801161,LAL,25
0021801162,ATL,18
0021801164,DEN,15
0021801164,GSW,21
0021801163,HOU,20
0021801163,SAC,15
0021801162,SAS,17
0021801161,OKC,14
0021801176,LAC,22
0021801170,MIA,23
0021801172,MIN,25
0021801169,BKN,19
0021801166,NYK,18
0021801166,ORL,16
0021801165,IND,18
0021801168,PHI,24
0021801174,PHX,23
0021801168,ATL,26
0021801170,BOS,21
0021801171,NOP,27
0021801167,CHI,23
0021801172,DAL,20
0021801173,DEN,20
0021801176,HOU,29
0021801175,POR,14
0021801173,SAS,14
0021801169,TOR,16
0021801174,UTA,16
0021801175,MEM,16
0021801167,WAS,18
0021801165,DET,25
0021801171,CHA,15
0021801179,LAL,10
0021801177,MIL,18
0021801177,PHI,26
0021801178,CLE,13
0021801179,GSW,18
0021801178,SAC,14
0021801192,LAC,22
0021801192,LAL,24
0021801185,MIA,23
0021801185,MIN,18
0021801184,NYK,17
0021801181,ORL,24
0021801183,IND,15
0021801189,PHX,18
0021801181,ATL,21
0021801183,BOS,15
0021801191,CLE,11
0021801189,NOP,21
0021801187,DAL,13
0021801190,DEN,19
0021801191,GSW,21
0021801184,HOU,21
0021801190,POR,23
0021801188,SAC,23
0021801182,SAS,18
0021801186,OKC,24
0021801180,TOR,17
0021801188,UTA,26
0021801187,MEM,16
0021801182,WAS,16
0021801186,DET,23
0021801180,CHA,17
0021801193,MIL,18
0021801193,BKN,19
0021801194,PHI,14
0021801194,CHI,22
0021801205,LAC,22
0021801208,LAL,21
0021801195,MIA,22
0021801202,MIL,23
0021801197,MIN,24
0021801199,BKN,13
0021801204,NYK,14
0021801203,ORL,14
0021801199,IND,18
0021801200,PHX,18
0021801202,ATL,28
0021801203,BOS,19
0021801196,CLE,16
0021801207,NOP,16
0021801201,DAL,23
0021801206,DEN,26
0021801205,GSW,22
0021801200,HOU,16
0021801206,POR,16
0021801207,SAC,13
0021801196,SAS,18
0021801197,OKC,30
0021801195,TOR,17
0021801208,UTA,17
0021801201,MEM,24
0021801204,WAS,16
0021801198,DET,18
0021801198,CHA,13
0021801219,LAL,19
0021801212,MIA,18
0021801214,MIN,16
0021801213,NYK,16
0021801212,PHI,19
0021801216,PHX,22
0021801211,BOS,17
0021801209,CLE,18
0021801215,NOP,15
0021801213,CHI,18
0021801216,DAL,24
0021801217,DEN,28
0021801215,GSW,17
0021801218,HOU,21
0021801219,POR,14
0021801218,OKC,19
0021801214,TOR,17
0021801217,UTA,21
0021801210,MEM,24
0021801211,WAS,18
0021801210,DET,21
0021801209,CHA,13
0021801229,LAC,27
0021801221,MIA,12
0021801226,MIL,14
0021801228,MIN,22
0021801221,BKN,13
0021801223,NYK,17
0021801222,ORL,19
0021801220,IND,28
0021801224,PHI,11
0021801220,ATL,25
0021801224,CHI,13
0021801227,DAL,19
0021801228,DEN,12
0021801225,GSW,17
0021801230,POR,17
0021801230,SAC,17
0021801227,SAS,14
0021801226,OKC,20
0021801229,UTA,24
0021801225,MEM,18
0021801223,DET,23
0021801222,CHA,14
0021900002,LAC,25
0021900002,LAL,24
0021900001,NOP,34
0021900001,TOR,24
0021900007,MIA,33
0021900006,MIN,22
0021900006,BKN,30
0021900010,NYK,32
0021900005,ORL,18
0021900004,IND,28
0021900008,PHI,34
0021900008,BOS,29
0021900005,CLE,15
0021900003,CHI,20
0021900009,DAL,22
0021900013,DEN,23
0021900012,PHX,25
0021900013,POR,25
0021900012,SAC,24
0021900010,SAS,18
0021900011,OKC,23
0021900011,UTA,31
0021900007,MEM,31
0021900009,WAS,32
0021900004,DET,21
0021900003,CHA,18
0021900015,HOU,25
0021900016,LAC,24
0021900015,MIL,27
0021900014,ATL,15
0021900016,GSW,21
0021900014,DET,20
0021900025,LAL,21
0021900018,MIN,21
0021900019,BKN,26
0021900019,NYK,31
0021900017,BOS,20
0021900021,NOP,22
0021900020,CHI,21
0021900021,DAL,19
0021900023,DEN,26
0021900023,PHX,35
0021900024,POR,23
0021900024,SAC,26
0021900022,OKC,18
0021900017,TOR,28
0021900025,UTA,25
0021900020,MEM,21
0021900022,WAS,21
0021900018,CHA,29
0021900032,HOU,22
0021900035,LAC,32
0021900026,MIA,30
0021900026,MIL,32
0021900029,NYK,26
0021900028,ORL,15
0021900030,IND,27
0021900027,PHI,26
0021900028,ATL,26
0021900029,BOS,26
0021900030,CLE,20
0021900032,NOP,30
0021900031,CHI,22
0021900035,PHX,34
0021900034,SAC,19
0021900033,SAS,19
0021900031,TOR,25
0021900034,UTA,22
0021900033,WAS,15
0021900027,DET,28
0021900040,LAL,22
0021900039,MIA,23
0021900039,MIN,17
0021900037,BKN,22
0021900038,DAL,22
0021900036,GSW,15
0021900038,POR,30
0021900036,OKC,26
0021900037,MEM,29
0021900040,CHA,20
0021900045,HOU,24
0021900051,LAC,24
0021900046,MIL,15
0021900042,NYK,19
0021900044,ORL,20
0021900041,IND,18
0021900043,PHI,29
0021900043,ATL,25
0021900046,CLE,22
0021900047,NOP,20
0021900042,CHI,22
0021900050,DEN,18
0021900047,GSW,22
0021900049,PHX,31
0021900048,POR,27
0021900050,SAC,21
0021900048,SAS,19
0021900045,OKC,27
0021900044,TOR,20
0021900049,UTA,26
0021900041,DET,18
0021900051,CHA,23
0021900054,LAL,19
0021900052,MIA,22
0021900052,ATL,29
0021900053,DAL,14
0021900053,DEN,24
0021900054,MEM,27
0021900061,HOU,24
0021900063,LAC,22
0021900058,MIL,21
0021900057,MIN,21
0021900059,BKN,19
0021900056,NYK,15
0021900056,ORL,17
0021900059,IND,24
0021900057,PHI,27
0021900058,BOS,20
0021900055,CLE,21
0021900055,CHI,24
0021900065,GSW,22
0021900065,PHX,22
0021900062,POR,30
0021900064,SAC,19
0021900062,OKC,21
0021900060,TOR,22
0021900063,UTA,18
0021900061,WAS,27
0021900060,DET,15
0021900064,CHA,17
0021900068,LAC,23
0021900066,MIA,18
0021900066,ATL,15
0021900067,NOP,21
0021900067,DEN,24
0021900068,SAS,28
0021900069,HOU,21
0021900074,LAL,21
0021900071,MIL,19
0021900069,BKN,21
0021900072,NYK,23
0021900071,ORL,16
0021900070,IND,24
0021900072,BOS,16
0021900070,CLE,21
0021900073,CHI,18
0021900074,DAL,21
0021900076,GSW,22
0021900075,SAC,23
0021900076,SAS,19
0021900075,UTA,18
0021900073,DET,21
0021900082,MIL,22
0021900080,MIN,23
0021900078,BKN,24
0021900079,ORL,25
0021900084,PHI,23
0021900077,NOP,25
0021900079,DEN,14
0021900083,GSW,22
0021900081,PHX,20
0021900084,POR,21
0021900077,OKC,20
0021900082,TOR,22
0021900081,MEM,23
0021900080,WAS,18
0021900078,DET,18
0021900083,CHA,15
0021900086,HOU,24
0021900090,LAC,25
0021900088,LAL,22
0021900086,MIA,21
0021900087,NYK,23
0021900085,IND,24
0021900089,CLE,14
0021900085,CHI,21
0021900089,DAL,21
0021900087,SAC,29
0021900088,SAS,18
0021900090,UTA,30
0021900093,HOU,21
0021900094,MIL,20
0021900094,MIN,23
0021900092,BKN,18
0021900095,PHI,29
0021900092,NOP,26
0021900096,GSW,17
0021900095,PHX,24
0021900096,POR,23
0021900093,MEM,21
0021900091,WAS,23
0021900091,DET,20
0021900100,LAL,18
0021900102,MIA,21
0021900101,ORL,24
0021900097,IND,34
0021900099,ATL,20
0021900098,BOS,23
0021900098,CLE,18
0021900100,CHI,21
0021900102,DEN,21
0021900099,SAS,17
0021900101,OKC,23
0021900097,CHA,17
0021900107,HOU,20
0021900111,LAC,28
0021900111,MIL,28
0021900108,MIN,22
0021900103,NYK,20
0021900109,ORL,30
0021900104,IND,25
0021900110,PHI,20
0021900105,ATL,26
0021900105,CHI,30
0021900109,DAL,23
0021900107,GSW,12
0021900106,SAC,23
0021900106,TOR,20
0021900110,UTA,21
0021900108,MEM,22
0021900104,WAS,26
0021900103,DET,17
0021900115,LAC,14
0021900114,MIA,28
0021900112,BOS,19
0021900114,PHX,21
0021900115,POR,27
0021900113,SAS,21
0021900113,OKC,14
0021900112,CHA,19
0021900126,LAL,24
0021900126,MIA,12
0021900124,MIL,26
0021900120,MIN,23
0021900125,BKN,25
0021900122,NYK,20
0021900117,ORL,17
0021900116,IND,16
0021900123,PHI,19
0021900119,ATL,19
0021900118,CLE,17
0021900121,NOP,23
0021900122,DAL,21
0021900123,DEN,16
0021900120,GSW,26
0021900125,POR,24
0021900119,SAC,19
0021900121,TOR,24
0021900124,UTA,27
0021900117,MEM,22
0021900118,WAS,24
0021900116,DET,26
0021900129,HOU,21
0021900127,BOS,25
0021900128,NOP,28
0021900129,CHI,22
0021900130,DAL,14
0021900131,GSW,18
0021900127,SAS,22
0021900131,OKC,17
0021900130,MEM,22
0021900128,CHA,27
0021900139,LAL,20
0021900135,MIL,21
0021900132,MIN,23
0021900137,BKN,24
0021900136,NYK,26
0021900133,ORL,10
0021900133,IND,13
0021900134,PHI,16
0021900138,ATL,26
0021900136,CLE,19
0021900132,DEN,30
0021900137,PHX,17
0021900138,POR,22
0021900135,OKC,20
0021900139,TOR,17
0021900134,CHA,19
0021900142,HOU,22
0021900145,LAC,21
0021900140,MIN,23
0021900141,BOS,27
0021900142,NOP,23
0021900141,DAL,26
0021900144,GSW,24
0021900143,SAS,17
0021900145,TOR,24
0021900144,UTA,16
0021900143,MEM,20
0021900140,DET,22
0021900151,LAL,21
0021900148,MIA,30
0021900152,BKN,29
0021900149,NYK,28
0021900146,IND,20
0021900147,PHI,20
0021900150,ATL,21
0021900147,CLE,13
0021900149,CHI,25
0021900150,DEN,24
0021900151,PHX,22
0021900153,POR,19
0021900153,SAC,25
0021900146,OKC,16
0021900152,UTA,18
0021900148,DET,28
0021900157,HOU,17
0021900157,LAC,21
0021900159,LAL,18
0021900158,MIN,25
0021900155,ORL,22
0021900155,PHI,27
0021900156,BOS,26
0021900159,GSW,14
0021900160,POR,16
0021900158,SAS,23
0021900160,TOR,20
0021900154,MEM,21
0021900156,WAS,23
0021900154,CHA,12
0021900164,LAC,22
0021900161,MIA,21
0021900163,MIL,22
0021900166,BKN,14
0021900162,NYK,27
0021900165,ATL,31
0021900161,CLE,16
0021900164,NOP,25
0021900163,CHI,29
0021900162,DAL,16
0021900166,DEN,14
0021900165,PHX,24
0021900169,HOU,23
0021900174,LAL,18
0021900171,MIN,20
0021900168,ORL,13
0021900169,IND,25
0021900172,PHI,32
0021900173,BOS,24
0021900173,GSW,19
0021900174,SAC,22
0021900168,SAS,25
0021900172,OKC,23
0021900170,UTA,16
0021900170,MEM,23
0021900171,WAS,22
0021900167,DET,19
0021900167,CHA,17
0021900179,HOU,18
0021900182,LAC,28
0021900178,MIA,6
0021900176,MIL,13
0021900179,MIN,20
0021900175,BKN,30
0021900177,NYK,21
0021900176,IND,10
0021900182,ATL,27
0021900178,NOP,16
0021900175,CHI,30
0021900180,DAL,15
0021900181,POR,20
0021900181,SAS,17
0021900180,TOR,20
0021900177,CHA,18
0021900188,LAL,19
0021900185,ORL,15
0021900183,PHI,22
0021900188,ATL,19
0021900184,BOS,14
0021900183,CLE,21
0021900187,NOP,21
0021900186,DEN,24
0021900187,GSW,19
0021900184,SAC,24
0021900186,MEM,17
0021900185,WAS,21
0021900193,HOU,21
0021900197,LAC,25
0021900192,MIL,16
0021900196,MIN,25
0021900190,BKN,19
0021900189,NYK,24
0021900190,IND,22
0021900195,BOS,21
0021900189,CLE,26
0021900192,CHI,25
0021900194,DAL,19
0021900195,PHX,17
0021900193,POR,21
0021900194,SAS,18
0021900197,OKC,19
0021900191,TOR,25
0021900196,UTA,23
0021900191,CHA,19
0021900201,LAL,20
0021900199,NOP,15
0021900198,GSW,24
0021900200,PHX,20
0021900199,POR,23
0021900200,SAC,26
0021900201,OKC,22
0021900198,MEM,23
0021900211,HOU,22
0021900212,LAC,18
0021900206,MIA,20
0021900204,MIL,25
0021900210,MIN,20
0021900205,BKN,21
0021900202,NYK,25
0021900207,ORL,16
0021900202,PHI,14
0021900204,ATL,26
0021900212,BOS,22
0021900206,CLE,23
0021900209,CHI,24
0021900208,DAL,21
0021900211,DEN,21
0021900208,GSW,16
0021900203,SAS,13
0021900207,TOR,21
0021900210,UTA,21
0021900203,WAS,20
0021900209,DET,20
0021900205,CHA,23
0021900213,MIL,20
0021900214,NOP,25
0021900214,PHX,19
0021900213,POR,27
0021900224,HOU,27
0021900224,LAC,32
0021900220,LAL,20
0021900219,MIA,17
0021900217,BKN,18
0021900218,PHI,21
0021900215,ATL,18
0021900222,BOS,19
0021900221,CLE,15
0021900219,CHI,24
0021900221,DAL,18
0021900222,DEN,17
0021900223,GSW,18
0021900217,SAC,25
0021900218,SAS,15
0021900220,OKC,23
0021900223,UTA,14
0021900216,WAS,13
0021900215,DET,17
0021900216,CHA,18
0021900232,LAL,14
0021900230,MIA,16
0021900233,MIL,14
0021900225,MIN,23
0021900229,NYK,22
0021900227,ORL,16
0021900227,IND,14
0021900230,PHI,27
0021900228,ATL,27
0021900231,CLE,14
0021900234,NOP,24
0021900226,CHI,20
0021900225,PHX,17
0021900231,POR,20
0021900229,SAS,17
0021900228,TOR,16
0021900234,UTA,21
0021900232,MEM,19
0021900233,DET,18
0021900226,CHA,17
0021900235,HOU,26
0021900239,LAC,21
0021900236,BKN,16
0021900236,NYK,29
0021900239,NOP,26
0021900235,DAL,22
0021900238,DEN,16
0021900238,PHX,18
0021900237,SAC,17
0021900237,WAS,23
0021900249,LAL,18
0021900245,MIA,23
0021900248,MIL,15
0021900243,MIN,25
0021900240,BKN,21
0021900241,ORL,21
0021900242,IND,11
0021900246,PHI,20
0021900243,ATL,25
0021900244,BOS,16
0021900240,CLE,14
0021900247,CHI,20
0021900250,GSW,17
0021900247,POR,20
0021900244,SAC,18
0021900249,SAS,22
0021900250,OKC,16
0021900246,TOR,18
0021900248,UTA,23
0021900242,MEM,16
0021900241,DET,20
0021900245,CHA,24
0021900251,LAC,27
0021900251,DAL,21
0021900252,DEN,20
0021900252,WAS,22
0021900259,HOU,22
0021900260,LAC,24
0021900264,LAL,24
0021900259,MIA,24
0021900261,MIL,23
0021900262,MIN,19
0021900253,BKN,22
0021900258,NYK,17
0021900255,ORL,22
0021900256,IND,19
0021900257,PHI,12
0021900261,ATL,25
0021900253,BOS,17
0021900255,CLE,15
0021900264,NOP,23
0021900266,CHI,20
0021900266,GSW,17
0021900263,PHX,21
0021900265,POR,32
0021900257,SAC,19
0021900262,SAS,18
0021900265,OKC,21
0021900258,TOR,18
0021900256,UTA,21
0021900260,MEM,22
0021900263,WAS,20
0021900254,DET,18
0021900254,CHA,18
0021900276,LAC,17
0021900279,LAL,20
0021900273,MIA,30
0021900270,MIL,15
0021900267,BKN,24
0021900271,NYK,33
0021900269,ORL,19
0021900272,IND,20
0021900271,PHI,23
0021900272,ATL,27
0021900267,BOS,14
0021900270,CLE,22
0021900275,NOP,12
0021900278,CHI,22
0021900277,DAL,24
0021900273,GSW,23
0021900277,PHX,29
0021900278,POR,21
0021900276,SAS,15
0021900275,OKC,17
0021900269,TOR,20
0021900274,UTA,15
0021900274,MEM,17
0021900279,WAS,23
0021900268,DET,16
0021900268,CHA,17
0021900282,HOU,23
0021900283,MIL,13
0021900281,IND,24
0021900281,PHI,16
0021900282,ATL,23
0021900280,DEN,21
0021900280,SAC,23
0021900283,CHA,18
0021900292,LAC,25
0021900287,LAL,14
0021900284,MIA,17
0021900286,MIN,21
0021900284,BKN,21
0021900285,NYK,25
0021900290,ORL,20
0021900285,BOS,28
0021900289,NOP,22
0021900287,DAL,20
0021900290,GSW,17
0021900288,SAS,15
0021900289,OKC,14
0021900291,TOR,24
0021900291,UTA,17
0021900286,MEM,26
0021900292,WAS,29
0021900288,DET,14
0021900297,MIL,23
0021900297,NYK,21
0021900296,IND,22
0021900294,PHI,22
0021900295,ATL,12
0021900298,CHI,20
0021900295,GSW,20
0021900293,PHX,21
0021900298,SAC,26
0021900294,UTA,26
0021900296,MEM,20
0021900293,CHA,23
0021900303,HOU,30
0021900305,LAC,15
0021900304,LAL,23
0021900301,MIA,27
0021900300,ORL,18
0021900299,CLE,11
0021900302,NOP,19
0021900302,DAL,14
0021900304,DEN,25
0021900305,POR,23
0021900303,SAS,27
0021900301,TOR,20
0021900300,WAS,23
0021900299,DET,16
0021900314,LAL,17
0021900310,MIA,25
0021900307,MIL,18
0021900313,MIN,21
0021900309,BKN,20
0021900308,ORL,19
0021900312,IND,21
0021900309,ATL,19
0021900310,BOS,20
0021900311,CHI,22
0021900313,DAL,16
0021900306,GSW,12
0021900308,PHX,20
0021900315,POR,18
0021900315,SAC,17
0021900312,OKC,19
0021900314,UTA,24
0021900311,MEM,28
0021900307,DET,19
0021900306,CHA,20
0021900318,HOU,24
0021900317,NYK,16
0021900316,PHI,24
0021900319,NOP,29
0021900317,DEN,19
0021900319,PHX,29
0021900318,TOR,21
0021900316,WAS,20
0021900327,LAC,19
0021900329,LAL,23
0021900324,MIA,13
0021900327,MIL,23
0021900326,MIN,29
0021900320,BKN,21
0021900321,ORL,13
0021900322,IND,18
0021900323,BOS,23
0021900321,CLE,19
0021900325,CHI,20
0021900323,DEN,15
0021900325,GSW,19
0021900329,POR,25
0021900328,SAC,20
0021900328,SAS,16
0021900326,OKC,20
0021900324,WAS,20
0021900322,DET,17
0021900320,CHA,16
0021900333,HOU,28
0021900331,NYK,14
0021900331,IND,17
0021900332,PHI,16
0021900332,CLE,17
0021900330,NOP,23
0021900330,DAL,17
0021900333,PHX,25
0021900334,UTA,25
0021900334,MEM,19
0021900339,LAC,26
0021900342,LAL,19
0021900337,MIA,23
0021900342,MIN,18
0021900335,BKN,15
0021900338,PHI,18
0021900336,ATL,24
0021900337,CHI,31
0021900340,DAL,11
0021900335,DEN,23
0021900341,POR,26
0021900340,SAC,16
0021900341,OKC,22
0021900338,TOR,22
0021900339,WAS,22
0021900336,CHA,17
0021900346,HOU,20
0021900343,LAC,16
0021900347,MIL,19
0021900349,MIN,23
0021900347,ORL,18
0021900343,IND,21
0021900344,BOS,19
0021900344,CLE,11
0021900348,NOP,22
0021900345,CHI,20
0021900351,GSW,21
0021900349,PHX,23
0021900346,SAC,17
0021900350,OKC,20
0021900345,TOR,12
0021900350,UTA,16
0021900351,MEM,20
0021900348,DET,20
0021900354,MIA,17
0021900355,NYK,18
0021900353,PHI,15
0021900354,ATL,23
0021900353,DEN,14
0021900355,POR,21
0021900352,WAS,24
0021900352,CHA,26
0021900356,HOU,14
0021900359,LAC,21
0021900358,LAL,17
0021900364,MIL,17
0021900362,MIN,19
0021900360,BKN,21
0021900366,NYK,24
0021900358,ORL,17
0021900357,IND,18
0021900361,ATL,20
0021900357,BOS,27
0021900356,CLE,15
0021900364,NOP,17
0021900361,CHI,25
0021900366,GSW,25
0021900363,PHX,20
0021900365,SAC,21
0021900365,OKC,16
0021900359,TOR,24
0021900362,UTA,22
0021900363,MEM,28
0021900360,CHA,23
0021900367,PHI,19
0021900367,BOS,25
0021900368,CLE,22
0021900369,DAL,21
0021900370,DEN,13
0021900370,POR,16
0021900368,SAS,21
0021900369,DET,16
0021900371,HOU,20
0021900377,LAC,30
0021900374,LAL,23
0021900374,MIA,21
0021900376,MIL,21
0021900377,MIN,26
0021900378,NYK,18
0021900371,ORL,15
0021900373,IND,21
0021900372,PHI,24
0021900373,ATL,20
0021900372,NOP,29
0021900375,CHI,20
0021900379,GSW,26
0021900378,SAC,18
0021900379,UTA,20
0021900376,MEM,26
0021900375,CHA,16
0021900386,HOU,19
0021900382,LAC,17
0021900384,MIA,18
0021900385,MIL,17
0021900381,BKN,20
0021900385,CLE,19
0021900382,CHI,25
0021900384,DAL,27
0021900387,DEN,23
0021900380,PHX,24
0021900380,SAS,22
0021900387,OKC,23
0021900381,TOR,23
0021900383,MEM,24
0021900383,WAS,22
0021900386,DET,15
0021900390,LAL,24
0021900391,BKN,23
0021900392,NYK,19
0021900388,ORL,15
0021900389,IND,25
0021900391,PHI,20
0021900390,ATL,27
0021900388,NOP,21
0021900392,DEN,9
0021900393,GSW,17
0021900393,SAC,20
0021900389,CHA,21
0021900396,HOU,19
0021900397,MIA,26
0021900398,MIL,23
0021900395,CLE,15
0021900399,CHI,21
0021900398,DAL,23
0021900400,PHX,21
0021900400,POR,27
0021900396,SAS,22
0021900399,OKC,15
0021900395,TOR,19
0021900397,MEM,20
0021900394,WAS,27
0021900394,DET,19
0021900406,LAC,15
0021900402,LAL,19
0021900404,BKN,22
0021900403,NYK,21
0021900405,ORL,18
0021900402,IND,21
0021900403,ATL,21
0021900404,NOP,19
0021900406,PHX,23
0021900401,SAC,22
0021900405,UTA,16
0021900401,CHA,18
0021900410,MIA,14
0021900411,MIN,18
0021900414,ORL,19
0021900410,PHI,17
0021900413,BOS,21
0021900407,CLE,21
0021900411,NOP,19
0021900409,CHI,24
0021900413,DAL,20
0021900414,DEN,17
0021900415,GSW,23
0021900415,POR,22
0021900412,OKC,16
0021900408,TOR,20
0021900412,MEM,25
0021900409,WAS,20
0021900408,DET,17
0021900407,CHA,20
0021900419,HOU,20
0021900419,LAC,24
0021900417,LAL,24
0021900417,MIL,25
0021900418,BKN,21
0021900416,ATL,27
0021900418,SAS,19
0021900416,UTA,17
0021900424,MIA,22
0021900427,MIN,15
0021900424,NYK,25
0021900428,ORL,16
0021900421,IND,15
0021900425,PHI,16
0021900422,BOS,19
0021900420,CLE,12
0021900429,NOP,19
0021900425,DAL,17
0021900427,DEN,22
0021900429,GSW,24
0021900426,PHX,29
0021900428,POR,24
0021900421,SAC,15
0021900426,OKC,23
0021900423,TOR,25
0021900420,MEM,17
0021900423,WAS,28
0021900422,DET,16
0021900437,HOU,23
0021900436,LAC,19
0021900434,MIL,16
0021900438,MIN,18
0021900431,BKN,18
0021900434,NYK,27
0021900433,PHI,26
0021900431,ATL,22
0021900432,CHI,13
0021900437,PHX,18
0021900438,POR,21
0021900435,SAC,23
0021900436,SAS,20
0021900430,UTA,27
0021900435,MEM,16
0021900433,WAS,21
0021900432,DET,20
0021900430,CHA,25
0021900442,LAC,23
0021900443,LAL,25
0021900441,MIL,7
0021900441,IND,15
0021900440,BOS,24
0021900439,DAL,22
0021900443,DEN,19
0021900442,OKC,20
0021900439,TOR,21
0021900440,CHA,17
0021900453,HOU,22
0021900449,MIA,16
0021900454,MIN,18
0021900447,NYK,25
0021900448,ORL,15
0021900446,IND,22
0021900445,PHI,21
0021900444,ATL,20
0021900444,CLE,16
0021900452,NOP,19
0021900448,CHI,17
0021900451,DEN,24
0021900454,GSW,27
0021900451,PHX,19
0021900452,POR,17
0021900453,SAC,24
0021900450,SAS,14
0021900446,TOR,22
0021900449,UTA,21
0021900450,MEM,19
0021900447,WAS,12
0021900445,DET,14
0021900457,HOU,25
0021900458,LAC,17
0021900458,LAL,23
0021900456,MIL,15
0021900456,PHI,12
0021900455,BOS,22
0021900459,NOP,14
0021900459,DEN,15
0021900457,GSW,18
0021900455,TOR,13
0021900464,MIN,20
0021900461,BKN,19
0021900461,NYK,27
0021900463,DAL,11
0021900465,POR,21
0021900464,SAC,23
0021900463,SAS,16
0021900462,OKC,14
0021900465,UTA,18
0021900462,MEM,14
0021900460,WAS,25
0021900460,DET,23
0021900470,MIA,12
0021900469,MIL,13
0021900468,ORL,21
0021900470,IND,16
0021900468,PHI,22
0021900469,ATL,18
0021900466,BOS,23
0021900466,CLE,17
0021900471,GSW,17
0021900471,PHX,21
0021900467,OKC,23
0021900467,CHA,27
0021900478,HOU,15
0021900485,LAC,18
0021900484,LAL,25
0021900475,MIA,21
0021900480,MIL,13
0021900479,MIN,29
0021900478,BKN,15
0021900476,NYK,25
0021900480,ORL,17
0021900474,IND,16
0021900475,PHI,24
0021900477,ATL,16
0021900473,BOS,17
0021900479,CLE,21
0021900474,NOP,18
0021900477,CHI,15
0021900482,DAL,17
0021900472,DEN,20
0021900482,GSW,19
0021900483,PHX,21
0021900484,POR,22
0021900483,SAC,16
0021900481,SAS,20
0021900473,TOR,32
0021900485,UTA,20
0021900472,MEM,24
0021900476,WAS,22
0021900481,DET,15
0021900488,HOU,16
0021900490,LAL,23
0021900488,NOP,17
0021900490,DAL,23
0021900489,DEN,18
0021900489,SAC,26
0021900486,OKC,14
0021900486,TOR,20
0021900487,MEM,20
0021900487,CHA,19
0021900492,MIA,22
0021900493,MIL,17
0021900494,MIN,22
0021900494,BKN,25
0021900491,ORL,17
0021900491,ATL,20
0021900493,CHI,20
0021900496,PHX,17
0021900496,POR,19
0021900495,UTA,21
0021900492,WAS,27
0021900495,DET,20
0021900501,HOU,17
0021900499,LAC,17
0021900498,IND,16
0021900498,PHI,22
0021900497,BOS,16
0021900500,CLE,19
0021900503,DAL,24
0021900501,DEN,22
0021900502,GSW,14
0021900499,SAC,23
0021900502,SAS,18
0021900503,OKC,21
0021900500,TOR,15
0021900497,CHA,16
0021900507,LAL,17
0021900506,MIL,22
0021900506,MIN,25
0021900505,NYK,14
0021900504,ORL,21
0021900507,PHX,28
0021900505,POR,11
0021900504,WAS,23
0021900516,LAC,22
0021900510,MIA,13
0021900512,MIN,20
0021900513,BKN,21
0021900509,IND,21
0021900508,CLE,22
0021900511,CHI,15
0021900513,DAL,21
0021900509,DEN,21
0021900512,GSW,20
0021900515,SAC,24
0021900514,SAS,22
0021900514,OKC,14
0021900510,TOR,12
0021900511,UTA,17
0021900515,MEM,25
0021900516,DET,23
0021900508,CHA,15
0021900520,HOU,24
0021900522,LAL,14
0021900518,MIA,20
0021900521,NYK,26
0021900518,ORL,17
0021900520,PHI,22
0021900517,ATL,24
0021900517,BOS,16
0021900522,NOP,20
0021900521,PHX,25
0021900519,POR,21
0021900519,WAS,28
0021900523,LAC,22
0021900531,MIL,22
0021900524,BKN,24
0021900525,ORL,12
0021900526,IND,24
0021900526,ATL,28
0021900529,BOS,22
0021900527,CLE,26
0021900533,NOP,25
0021900529,CHI,22
0021900530,DAL,25
0021900528,DEN,23
0021900532,GSW,19
0021900533,SAC,24
0021900531,SAS,20
0021900527,OKC,16
0021900524,TOR,25
0021900525,UTA,10
0021900523,MEM,23
0021900528,WAS,28
0021900532,DET,25
0021900530,CHA,22
0021900534,LAC,27
0021900538,LAL,22
0021900535,MIA,17
0021900536,MIN,19
0021900534,NYK,26
0021900536,CLE,13
0021900537,PHX,19
0021900535,POR,15
0021900537,MEM,22
0021900538,DET,22
0021900546,MIL,15
0021900540,BKN,19
0021900540,ORL,19
0021900539,IND,23
0021900541,PHI,28
0021900543,ATL,22
0021900542,BOS,20
0021900544,NOP,20
0021900545,CHI,21
0021900545,DAL,12
0021900543,DEN,23
0021900547,GSW,18
0021900547,SAC,23
0021900546,SAS,16
0021900541,OKC,22
0021900544,UTA,25
0021900542,WAS,22
0021900539,CHA,14
0021900553,LAL,19
0021900551,MIN,23
0021900550,BKN,25
0021900553,NYK,20
0021900548,CLE,19
0021900552,PHX,25
0021900549,POR,15
0021900552,SAC,22
0021900550,OKC,15
0021900549,TOR,21
0021900551,MEM,18
0021900548,DET,15
0021900558,HOU,21
0021900556,MIA,22
0021900562,MIL,19
0021900561,NYK,17
0021900557,ORL,21
0021900556,IND,18
0021900558,ATL,29
0021900554,BOS,20
0021900560,NOP,16
0021900560,CHI,23
0021900559,DAL,18
0021900559,DEN,22
0021900562,GSW,30
0021900554,SAS,25
0021900555,TOR,23
0021900561,UTA,15
0021900557,WAS,22
0021900555,CHA,21
0021900566,HOU,21
0021900565,MIN,28
0021900564,PHI,11
0021900564,BOS,16
0021900563,CLE,18
0021900565,POR,21
0021900566,OKC,13
0021900563,DET,25
0021900576,LAC,24
0021900572,LAL,27
0021900568,MIA,20
0021900575,MIL,12
0021900568,BKN,15
0021900569,NYK,16
0021900573,ORL,23
0021900570,IND,16
0021900567,ATL,26
0021900569,NOP,16
0021900570,CHI,15
0021900572,DAL,20
0021900576,GSW,22
0021900573,PHX,21
0021900575,SAC,24
0021900571,SAS,17
0021900574,UTA,20
0021900571,MEM,20
0021900567,WAS,22
0021900574,CHA,16
0021900577,HOU,24
0021900580,LAL,17
0021900583,MIL,16
0021900577,MIN,18
0021900581,PHI,20
0021900578,BOS,23
0021900582,CLE,19
0021900578,NOP,19
0021900579,CHI,21
0021900581,DAL,20
0021900582,DEN,13
0021900583,POR,20
0021900580,OKC,13
0021900579,DET,20
0021900589,LAC,26
0021900584,MIA,24
0021900586,BKN,20
0021900584,NYK,23
0021900586,ATL,23
0021900589,DEN,26
0021900588,GSW,18
0021900590,PHX,19
0021900587,SAS,11
0021900587,TOR,23
0021900585,UTA,18
0021900588,MEM,16
0021900585,WAS,18
0021900590,CHA,19
0021900597,LAL,25
0021900594,MIN,21
0021900596,ORL,12
0021900592,IND,14
0021900592,PHI,21
0021900593,BOS,19
0021900597,CLE,22
0021900591,NOP,19
0021900593,CHI,22
0021900595,POR,21
0021900596,SAC,21
0021900594,OKC,16
0021900591,DET,25
0021900595,CHA,20
0021900600,HOU,23
0021900603,LAC,12
0021900601,MIL,22
0021900599,BKN,13
0021900601,NYK,21
0021900598,ATL,25
0021900603,CLE,21
0021900602,DAL,17
0021900602,GSW,16
0021900598,PHX,19
0021900599,UTA,15
0021900600,MEM,19
0021900611,HOU,22
0021900613,LAL,20
0021900606,MIA,14
0021900608,MIN,14
0021900605,BKN,22
0021900613,ORL,15
0021900608,IND,15
0021900605,PHI,23
0021900604,BOS,17
0021900607,CHI,19
0021900612,DAL,18
0021900610,DEN,18
0021900611,POR,19
0021900612,SAC,22
0021900606,SAS,17
0021900609,OKC,17
0021900609,TOR,23
0021900607,WAS,17
0021900604,DET,19
0021900610,CHA,24
0021900618,LAC,17
0021900615,MIL,22
0021900614,NYK,21
0021900618,ORL,21
0021900615,BOS,25
0021900616,NOP,27
0021900617,DEN,23
0021900617,GSW,20
0021900614,PHX,22
0021900616,UTA,29
0021900623,MIA,23
0021900619,MIN,19
0021900619,IND,20
0021900620,PHI,12
0021900624,ATL,18
0021900622,CLE,19
0021900620,CHI,14
0021900625,DAL,17
0021900625,POR,22
0021900624,SAS,27
0021900623,OKC,20
0021900621,TOR,24
0021900622,MEM,19
0021900621,WAS,16
0021900633,HOU,26
0021900626,LAC,29
0021900633,LAL,27
0021900627,MIL,16
0021900632,MIN,18
0021900627,BKN,19
0021900630,NYK,18
0021900634,ORL,12
0021900630,PHI,19
0021900629,ATL,20
0021900628,BOS,24
0021900631,CLE,18
0021900626,NOP,26
0021900631,CHI,24
0021900634,GSW,13
0021900628,PHX,16
0021900635,POR,28
0021900636,SAC,23
0021900635,OKC,20
0021900632,TOR,23
0021900636,UTA,14
0021900629,DET,18
0021900637,MIA,19
0021900638,IND,25
0021900638,DEN,19
0021900637,SAS,18
0021900645,HOU,23
0021900648,LAL,23
0021900644,MIA,20
0021900647,MIL,15
0021900649,MIN,11
0021900641,BKN,23
0021900643,NYK,17
0021900642,ORL,15
0021900651,IND,14
0021900641,PHI,24
0021900640,ATL,34
0021900648,BOS,26
0021900643,CLE,14
0021900646,NOP,18
0021900647,CHI,21
0021900649,DEN,18
0021900652,GSW,25
0021900650,PHX,19
0021900652,POR,19
0021900644,SAC,21
0021900650,SAS,23
0021900645,OKC,18
0021900640,TOR,25
0021900651,UTA,11
0021900646,MEM,19
0021900639,WAS,23
0021900639,DET,18
0021900642,CHA,18
0021900653,LAC,21
0021900653,DAL,28
0021900662,HOU,16
0021900656,LAC,20
0021900659,LAL,14
0021900658,MIA,18
0021900661,MIN,25
0021900659,NYK,23
0021900655,ORL,25
0021900664,IND,20
0021900660,PHI,23
0021900656,ATL,31
0021900657,BOS,14
0021900663,NOP,21
0021900661,CHI,22
0021900662,DEN,21
0021900665,GSW,23
0021900664,PHX,20
0021900654,SAC,28
0021900663,SAS,23
0021900655,OKC,17
0021900660,TOR,19
0021900665,UTA,19
0021900657,MEM,16
0021900658,WAS,29
0021900654,DET,19
0021900667,LAL,15
0021900667,BKN,17
0021900666,CLE,21
0021900668,DAL,17
0021900668,POR,20
0021900666,WAS,18
0021900675,HOU,18
0021900673,LAC,21
0021900673,MIA,19
0021900669,MIL,22
0021900675,MIN,26
0021900672,NYK,21
0021900671,ORL,14
0021900679,IND,20
0021900677,ATL,27
0021900671,BOS,20
0021900676,NOP,17
0021900674,CHI,21
0021900676,DEN,19
0021900679,GSW,16
0021900678,PHX,27
0021900674,SAC,20
0021900678,SAS,22
0021900677,OKC,20
0021900672,TOR,20
0021900670,MEM,23
0021900670,DET,23
0021900669,CHA,22
0021900684,LAL,18
0021900683,MIN,21
0021900681,BKN,17
0021900684,PHI,18
0021900682,CLE,20
0021900682,CHI,16
0021900680,DAL,24
0021900683,OKC,14
0021900680,UTA,21
0021900681,DET,25
0021900685,HOU,21
0021900689,LAC,26
0021900688,BKN,14
0021900688,NYK,23
0021900689,ORL,23
0021900692,IND,19
0021900687,ATL,35
0021900691,BOS,29
0021900691,NOP,21
0021900685,DEN,23
0021900690,PHX,27
0021900692,POR,21
0021900686,SAS,15
0021900686,TOR,22
0021900690,MEM,27
0021900687,WAS,26
0021900698,HOU,25
0021900694,MIA,18
0021900696,MIN,27
0021900694,ORL,13
0021900693,CLE,21
0021900695,CHI,23
0021900697,DAL,16
0021900696,SAC,27
0021900695,SAS,12
0021900697,OKC,11
0021900698,UTA,33
0021900693,DET,20
0021900701,MIA,21
0021900705,MIL,26
0021900699,NYK,26
0021900702,PHI,18
0021900703,ATL,23
0021900701,BOS,22
0021900700,CLE,20
0021900700,NOP,16
0021900706,DAL,18
0021900704,DEN,16
0021900702,GSW,24
0021900706,PHX,25
0021900703,TOR,26
0021900704,MEM,18
0021900705,WAS,27
0021900699,CHA,14
0021900712,HOU,23
0021900709,BKN,19
0021900710,NYK,22
0021900708,IND,14
0021900708,CHI,17
0021900712,POR,20
0021900713,SAC,22
0021900711,SAS,27
0021900713,OKC,17
0021900711,UTA,22
0021900710,MEM,22
0021900709,DET,20
0021900719,LAC,20
0021900716,PHI,21
0021900716,ATL,29
0021900717,BOS,24
0021900714,CLE,21
0021900718,DEN,16
0021900717,GSW,19
0021900719,SAC,21
0021900714,TOR,20
0021900718,UTA,17
0021900715,WAS,22
0021900715,CHA,24
0021900722,HOU,20
0021900726,LAL,21
0021900724,MIL,14
0021900721,BKN,21
0021900723,NOP,22
0021900721,CHI,21
0021900722,DAL,18
0021900724,DEN,19
0021900725,PHX,25
0021900726,POR,22
0021900725,OKC,24
0021900720,TOR,27
0021900723,MEM,21
0021900720,DET,12
0021900727,LAC,30
0021900736,LAL,22
0021900729,MIA,16
0021900727,MIN,20
0021900731,BKN,22
0021900728,NYK,20
0021900729,ORL,19
0021900728,IND,20
0021900732,PHI,27
0021900733,ATL,15
0021900732,BOS,20
0021900730,CLE,15
0021900733,DAL,14
0021900730,GSW,16
0021900735,POR,19
0021900736,SAC,24
0021900734,SAS,14
0021900735,UTA,17
0021900731,WAS,20
0021900734,CHA,18
0021900738,HOU,18
0021900739,MIL,25
0021900738,NOP,16
0021900740,CHI,21
0021900737,DEN,19
0021900739,PHX,24
0021900740,TOR,18
0021900737,DET,22
0021900750,LAC,18
0021900747,MIA,18
0021900749,MIN,25
0021900746,BKN,26
0021900742,NYK,18
0021900741,ORL,12
0021900743,IND,18
0021900747,PHI,21
0021900745,ATL,19
0021900745,BOS,22
0021900742,CLE,18
0021900743,DAL,15
0021900744,GSW,25
0021900746,PHX,21
0021900749,SAC,20
0021900750,SAS,20
0021900748,MEM,18
0021900744,WAS,24
0021900748,DET,13
0021900741,CHA,16
0021900752,HOU,19
0021900754,LAL,15
0021900751,MIL,19
0021900751,NOP,17
0021900753,DEN,22
0021900753,POR,22
0021900754,SAS,16
0021900752,CHA,18
0021900763,LAC,21
0021900763,MIA,16
0021900759,MIN,21
0021900757,BKN,15
0021900756,ORL,13
0021900758,IND,18
0021900759,ATL,22
0021900756,BOS,19
0021900760,CLE,24
0021900761,DAL,18
0021900762,DEN,17
0021900757,GSW,14
0021900755,PHX,21
0021900760,OKC,15
0021900758,TOR,17
0021900762,UTA,16
0021900761,MEM,24
0021900755,DET,15
0021900768,HOU,22
0021900768,LAL,18
0021900766,MIL,18
0021900764,NYK,23
0021900764,ORL,20
0021900766,PHI,14
0021900765,NOP,20
0021900765,CHI,16
0021900767,POR,19
0021900767,SAS,10
0021900774,HOU,21
0021900775,MIA,16
0021900772,IND,18
0021900769,PHI,25
0021900771,ATL,21
0021900771,BOS,18
0021900770,DAL,21
0021900774,PHX,15
0021900776,POR,18
0021900775,SAC,24
0021900773,OKC,23
0021900772,TOR,22
0021900776,UTA,19
0021900769,MEM,15
0021900770,WAS,19
0021900773,DET,23
0021900782,LAC,17
0021900783,LAL,22
0021900777,MIL,11
0021900782,MIN,21
0021900781,BKN,16
0021900779,NYK,21
0021900777,ORL,15
0021900780,IND,25
0021900780,NOP,24
0021900778,DAL,18
0021900784,DEN,22
0021900783,GSW,27
0021900784,PHX,18
0021900785,SAC,16
0021900785,SAS,22
0021900781,TOR,22
0021900779,DET,19
0021900778,CHA,13
0021900790,HOU,19
0021900791,LAC,21
0021900792,MIA,22
0021900787,NYK,29
0021900788,PHI,18
0021900787,ATL,24
0021900786,BOS,24
0021900791,CLE,17
0021900788,CHI,24
0021900792,POR,22
0021900786,OKC,21
0021900790,UTA,14
0021900789,MEM,23
0021900789,WAS,22
0021900801,LAL,22
0021900800,MIA,19
0021900797,MIL,18
0021900796,MIN,19
0021900794,BKN,15
0021900795,ORL,14
0021900794,IND,21
0021900795,ATL,18
0021900798,DAL,18
0021900799,DEN,16
0021900800,GSW,21
0021900801,PHX,19
0021900797,SAC,22
0021900799,SAS,17
0021900796,TOR,26
0021900798,UTA,29
0021900793,DET,18
0021900793,CHA,15
0021900806,HOU,21
0021900802,LAC,19
0021900802,PHI,11
0021900806,BOS,26
0021900804,NOP,20
0021900803,CHI,22
0021900804,POR,26
0021900805,SAS,19
0021900805,OKC,24
0021900803,WAS,16
0021900817,LAL,22
0021900816,MIA,22
0021900810,MIL,21
0021900813,MIN,19
0021900809,BKN,16
0021900811,NYK,27
0021900808,ORL,16
0021900810,IND,21
0021900807,ATL,26
0021900807,CLE,22
0021900814,DAL,18
0021900817,DEN,26
0021900815,GSW,20
0021900815,PHX,21
0021900812,POR,16
0021900814,SAC,16
0021900809,TOR,20
0021900816,UTA,16
0021900812,MEM,18
0021900811,WAS,21
0021900808,DET,20
0021900813,CHA,16
0021900818,LAC,31
0021900818,BOS,28
0021900819,NOP,20
0021900819,OKC,21
0021900825,HOU,15
0021900821,MIA,31
0021900820,MIL,15
0021900822,BKN,27
0021900822,PHI,22
0021900821,ATL,27
0021900823,CHI,23
0021900825,GSW,16
0021900824,SAC,21
0021900824,MEM,29
0021900820,DET,23
0021900823,CHA,16
0021900833,LAL,24
0021900830,MIN,27
0021900828,NYK,26
0021900826,ORL,22
0021900828,IND,22
0021900830,BOS,26
0021900827,CLE,24
0021900834,NOP,23
0021900826,DAL,14
0021900831,DEN,20
0021900829,PHX,23
0021900834,POR,22
0021900832,SAS,20
0021900831,OKC,19
0021900829,TOR,20
0021900832,UTA,18
0021900833,MEM,27
0021900827,WAS,26
0021900841,HOU,25
0021900835,LAC,22
0021900838,MIA,20
0021900840,MIL,16
0021900836,BKN,20
0021900840,PHI,17
0021900837,ATL,21
0021900838,CLE,18
0021900839,CHI,29
0021900837,DAL,22
0021900839,PHX,23
0021900835,SAC,24
0021900841,UTA,14
0021900836,CHA,16
0021900842,LAL,22
0021900844,MIN,16
0021900843,IND,20
0021900842,BOS,29
0021900847,NOP,15
0021900845,CHI,28
0021900844,DEN,24
0021900847,GSW,16
0021900848,POR,18
0021900846,SAS,23
0021900846,OKC,17
0021900843,TOR,21
0021900845,WAS,27
0021900848,DET,17
0021900853,HOU,22
0021900856,LAC,20
0021900849,MIA,22
0021900851,MIL,28
0021900854,MIN,22
0021900852,BKN,19
0021900853,NYK,21
0021900852,ORL,11
0021900850,PHI,22
0021900850,ATL,26
0021900849,CLE,20
0021900854,DAL,28
0021900855,PHX,31
0021900855,UTA,23
0021900856,MEM,18
0021900851,WAS,27
0021900861,LAL,20
0021900858,MIL,19
0021900857,IND,17
0021900862,BOS,19
0021900861,NOP,24
0021900859,CHI,25
0021900860,DEN,20
0021900863,GSW,25
0021900862,POR,15
0021900863,SAC,23
0021900859,OKC,17
0021900858,TOR,26
0021900860,DET,26
0021900857,CHA,13
0021900870,HOU,25
0021900871,LAC,22
0021900868,MIA,21
0021900868,MIN,35
0021900866,BKN,24
0021900864,NYK,24
0021900867,ORL,21
0021900865,PHI,11
0021900867,ATL,22
0021900872,BOS,17
0021900865,CLE,16
0021900869,DAL,20
0021900871,PHX,17
0021900869,SAS,21
0021900872,UTA,16
0021900870,MEM,16
0021900866,WAS,26
0021900864,CHA,19
0021900876,LAL,17
0021900873,NYK,11
0021900874,IND,12
0021900873,PHI,17
0021900876,GSW,27
0021900874,POR,21
0021900875,SAC,33
0021900875,OKC,20
0021900886,LAC,19
0021900880,MIA,21
0021900882,MIL,21
0021900877,MIN,20
0021900878,BKN,19
0021900877,ORL,20
0021900878,ATL,15
0021900883,CLE,13
0021900883,NOP,17
0021900880,DAL,25
0021900886,DEN,18
0021900884,PHX,14
0021900881,SAC,16
0021900882,OKC,15
0021900879,TOR,25
0021900885,UTA,22
0021900881,MEM,16
0021900885,WAS,20
0021900884,DET,19
0021900879,CHA,22
0021900892,HOU,20
0021900891,LAL,13
0021900889,MIA,21
0021900889,BKN,23
0021900887,NYK,19
0021900893,ORL,16
0021900890,IND,20
0021900888,ATL,18
0021900892,BOS,18
0021900890,CLE,13
0021900887,CHI,22
0021900894,GSW,21
0021900894,PHX,25
0021900888,POR,26
0021900893,SAS,20
0021900891,MEM,14
0021900897,LAC,17
0021900900,LAL,26
0021900895,MIL,11
0021900896,MIN,17
0021900897,PHI,28
0021900900,NOP,11
0021900896,DAL,16
0021900898,DEN,22
0021900901,GSW,24
0021900899,SAC,20
0021900898,TOR,24
0021900901,WAS,20
0021900899,DET,25
0021900895,CHA,18
0021900903,HOU,20
0021900906,MIA,19
0021900906,MIL,18
0021900903,NYK,19
0021900904,ORL,11
0021900908,IND,20
0021900905,ATL,21
0021900902,CLE,18
0021900907,CHI,21
0021900907,DAL,20
0021900904,POR,24
0021900908,SAS,19
0021900902,UTA,17
0021900905,MEM,16
0021900912,LAC,22
0021900915,LAL,18
0021900911,MIN,22
0021900910,BKN,26
0021900915,PHI,17
0021900910,BOS,30
0021900911,NOP,18
0021900913,DEN,26
0021900913,GSW,23
0021900914,PHX,22
0021900916,SAC,24
0021900909,SAS,16
0021900912,OKC,22
0021900914,TOR,25
0021900916,WAS,22
0021900909,CHA,16
0021900919,MIA,17
0021900924,MIL,14
0021900922,MIN,15
0021900920,BKN,17
0021900921,NYK,18
0021900919,ORL,17
0021900924,IND,18
0021900917,BOS,20
0021900917,CLE,19
0021900923,NOP,23
0021900922,CHI,19
0021900923,DAL,17
0021900925,POR,24
0021900918,OKC,18
0021900921,UTA,20
0021900920,MEM,15
0021900925,WAS,29
0021900918,DET,21
0021900927,HOU,25
0021900927,LAC,25
0021900928,PHI,18
0021900926,DEN,21
0021900929,GSW,23
0021900928,SAC,21
0021900929,TOR,24
0021900926,CHA,23
0021900939,LAL,27
0021900936,MIA,23
0021900939,MIL,32
0021900935,MIN,21
0021900931,BKN,22
0021900932,NYK,20
0021900935,ORL,18
0021900934,IND,16
0021900930,ATL,25
0021900933,BOS,13
0021900936,NOP,25
0021900934,CHI,25
0021900937,DAL,11
0021900938,PHX,22
0021900938,POR,19
0021900931,SAS,20
0021900932,OKC,18
0021900933,UTA,19
0021900937,MEM,15
0021900930,WAS,19
0021900940,HOU,25
0021900944,PHI,21
0021900943,ATL,24
0021900942,CLE,17
0021900942,DEN,19
0021900944,GSW,19
0021900945,POR,16
0021900945,SAC,23
0021900941,UTA,19
0021900943,MEM,18
0021900941,DET,23
0021900940,CHA,15
0021900953,HOU,23
0021900948,LAC,26
0021900948,LAL,28
0021900951,MIA,25
0021900950,MIL,29
0021900947,MIN,23
0021900946,BKN,24
0021900955,NYK,16
0021900953,ORL,17
0021900952,IND,23
0021900949,BOS,25
0021900954,CLE,24
0021900947,NOP,23
0021900946,CHI,31
0021900952,DAL,17
0021900950,PHX,23
0021900956,SAC,22
0021900954,SAS,34
0021900949,OKC,22
0021900956,TOR,22
0021900951,WAS,26
0021900955,DET,19
0021900958,MIL,15
0021900957,ATL,26
0021900958,DEN,20
0021900959,TOR,14
0021900959,UTA,20
0021900957,CHA,22
0021900963,HOU,20
0021900967,LAC,19
0021900968,LAL,22
0021900963,MIN,20
0021900968,BKN,18
0021900961,NYK,29
0021900964,ORL,26
0021900960,IND,20
0021900960,BOS,15
0021900962,CLE,15
0021900962,CHI,21
0021900965,DAL,19
0021900967,GSW,17
0021900966,PHX,16
0021900966,POR,17
0021900965,SAS,15
0021900964,MEM,22
0021900961,WAS,25
0021900970,MIA,17
0021900969,NYK,23
0021900971,PHI,18
0021900969,ATL,25
0021900973,DAL,14
0021900973,DEN,20
0021900971,DET,24
0021900970,CHA,9
0021901232,LAC,30
0021901232,LAL,27
0021901231,NOP,25
0021901231,UTA,23
0021901238,HOU,31
0021901236,MIL,26
0021901233,BKN,25
0021901233,ORL,23
0021901236,BOS,28
0021901238,DAL,36
0021901235,PHX,24
0021901234,POR,36
0021901237,SAC,25
0021901237,SAS,17
0021901234,MEM,26
0021901235,WAS,26
0021901241,LAC,28
0021901243,LAL,25
0021901239,MIA,28
0021901242,IND,25
0021901242,PHI,30
0021901241,NOP,23
0021901239,DEN,32
0021901240,OKC,21
0021901243,TOR,28
0021901240,UTA,21
0021901248,HOU,24
0021901248,MIL,23
0021901244,BKN,24
0021901247,ORL,25
0021901245,BOS,21
0021901249,DAL,22
0021901249,PHX,29
0021901245,POR,25
0021901247,SAC,28
0021901246,SAS,20
0021901246,MEM,27
0021901244,WAS,31
0021901255,LAL,24
0021901250,MIA,24
0021901252,IND,15
0021901254,PHI,25
0021901253,NOP,20
0021901251,DEN,29
0021901254,SAS,23
0021901251,OKC,32
0021901250,TOR,19
0021901255,UTA,29
0021901253,MEM,32
0021901252,WAS,19
0021901261,HOU,26
0021901258,LAC,16
0021901260,MIA,19
0021901256,MIL,19
0021901256,BKN,26
0021901259,ORL,22
0021901259,IND,17
0021901260,BOS,26
0021901257,DAL,21
0021901258,PHX,21
0021901261,POR,21
0021901257,SAC,37
0021901265,LAL,24
0021901267,BKN,22
0021901266,ORL,26
0021901263,PHI,21
0021901267,BOS,23
0021901264,DEN,21
0021901264,SAS,20
0021901265,OKC,23
0021901266,TOR,21
0021901262,UTA,23
0021901262,MEM,28
0021901263,WAS,26
0021901273,HOU,28
0021901271,LAC,21
0021901273,LAL,20
0021901269,MIA,28
0021901269,MIL,21
0021901270,IND,22
0021901268,NOP,26
0021901271,DAL,17
0021901272,DEN,22
0021901270,PHX,20
0021901272,POR,18
0021901268,SAC,20
0021901276,BKN,23
0021901277,ORL,24
0021901277,PHI,20
0021901279,BOS,22
0021901278,NOP,19
0021901276,SAC,26
0021901274,SAS,18
0021901275,OKC,20
0021901279,TOR,18
0021901274,UTA,19
0021901275,MEM,19
0021901278,WAS,27
0021901280,LAC,22
0021901282,LAL,16
0021901283,MIA,21
0021901284,MIL,26
0021901282,IND,21
0021901284,DAL,26
0021901281,DEN,24
0021901283,PHX,21
0021901280,POR,26
0021901281,UTA,30
0021901290,HOU,18
0021901291,LAC,19
0021901291,BKN,25
0021901288,ORL,25
0021901289,PHI,23
0021901288,BOS,19
0021901287,NOP,26
0021901289,POR,16
0021901290,SAC,22
0021901287,SAS,27
0021901285,OKC,18
0021901286,TOR,23
0021901286,MEM,27
0021901285,WAS,18
0021901296,LAL,18
0021901295,MIA,20
0021901294,MIL,21
0021901295,IND,19
0021901293,DAL,23
0021901296,DEN,20
0021901292,PHX,23
0021901292,OKC,23
0021901294,TOR,27
0021901293,UTA,19
0021901298,HOU,19
0021901303,MIL,26
0021901297,BKN,20
0021901297,ORL,24
0021901299,PHI,20
0021901301,BOS,27
0021901302,NOP,18
0021901300,DAL,23
0021901299,PHX,18
0021901300,POR,31
0021901302,SAC,22
0021901298,SAS,20
0021901301,MEM,15
0021901303,WAS,23
0021901304,HOU,20
0021901307,LAC,25
0021901306,MIA,23
0021901304,IND,25
0021901305,PHI,29
0021901307,DEN,19
0021901306,OKC,19
0021901305,TOR,23
0021901310,LAL,18
0021901311,MIL,22
0021901309,BKN,23
0021901312,ORL,22
0021901308,BOS,19
0021901312,NOP,22
0021901313,DAL,18
0021901313,PHX,14
0021901309,POR,21
0021901310,SAC,15
0021901314,SAS,20
0021901314,UTA,23
0021901311,MEM,18
0021901308,WAS,19
0021901315,HOU,18
0021901317,LAC,22
0021901316,MIA,15
0021901316,IND,27
0021901315,PHI,19
0021901318,DEN,15
0021901317,OKC,29
0021901318,TOR,24
0022000002,LAC,29
0022000002,LAL,20
0022000001,BKN,22
0022000001,GSW,24
0022000012,MIA,21
0022000003,MIL,20
0022000018,MIN,16
0022000011,NYK,27
0022000012,ORL,19
0022000011,IND,24
0022000013,PHI,25
0022000015,ATL,29
0022000003,BOS,17
0022000010,CLE,22
0022000014,NOP,17
0022000015,CHI,22
0022000004,DAL,23
0022000019,DEN,25
0022000004,PHX,26
0022000020,POR,18
0022000019,SAC,29
0022000017,SAS,18
0022000014,TOR,22
0022000020,UTA,16
0022000017,MEM,20
0022000013,WAS,26
0022000018,DET,20
0022000010,CHA,17
0022000009,LAC,32
0022000008,LAL,23
0022000005,MIA,25
0022000006,MIL,17
0022000007,BKN,22
0022000007,BOS,27
0022000005,NOP,20
0022000008,DAL,22
0022000009,DEN,20
0022000006,GSW,22
0022000029,HOU,22
0022000028,MIN,28
0022000025,NYK,23
0022000024,ORL,21
0022000026,IND,26
0022000025,PHI,19
0022000021,ATL,20
0022000023,CLE,24
0022000026,CHI,16
0022000030,PHX,23
0022000029,POR,20
0022000030,SAC,22
0022000027,SAS,20
0022000022,OKC,21
0022000027,TOR,23
0022000028,UTA,20
0022000021,MEM,27
0022000024,WAS,25
0022000023,DET,20
0022000022,CHA,22
0022000031,LAC,19
0022000040,LAL,19
0022000036,MIL,21
0022000040,MIN,24
0022000032,BKN,17
0022000036,NYK,23
0022000033,ORL,14
0022000037,IND,20
0022000035,PHI,19
0022000037,BOS,17
0022000035,CLE,22
0022000034,NOP,16
0022000038,CHI,21
0022000031,DAL,14
0022000038,GSW,23
0022000039,PHX,20
0022000039,SAC,23
0022000034,SAS,23
0022000033,WAS,26
0022000032,CHA,25
0022000044,HOU,25
0022000045,LAL,14
0022000042,BKN,20
0022000041,ATL,22
0022000044,DEN,18
0022000045,POR,16
0022000043,OKC,16
0022000043,UTA,19
0022000042,MEM,17
0022000041,DET,25
0022000054,LAC,21
0022000051,MIA,18
0022000051,MIL,22
0022000054,MIN,15
0022000046,NYK,21
0022000052,ORL,23
0022000048,IND,25
0022000049,PHI,15
0022000048,BOS,16
0022000046,CLE,17
0022000053,NOP,14
0022000050,CHI,23
0022000055,DEN,18
0022000047,GSW,28
0022000053,PHX,18
0022000055,SAC,18
0022000052,OKC,18
0022000049,TOR,28
0022000050,WAS,28
0022000047,DET,26
0022000061,LAC,25
0022000060,LAL,24
0022000058,MIA,18
0022000058,MIL,25
0022000057,BKN,24
0022000057,ATL,19
0022000056,BOS,21
0022000059,DAL,16
0022000061,POR,17
0022000060,SAS,18
0022000056,MEM,13
0022000059,CHA,28
0022000065,HOU,14
0022000066,NYK,21
0022000064,ORL,15
0022000062,IND,22
0022000064,PHI,23
0022000062,CLE,22
0022000067,NOP,16
0022000063,CHI,27
0022000068,PHX,17
0022000065,SAC,21
0022000067,OKC,20
0022000066,TOR,22
0022000068,UTA,15
0022000063,WAS,27
0022000077,LAC,16
0022000075,LAL,20
0022000071,MIA,24
0022000073,MIL,19
0022000074,MIN,22
0022000072,BKN,16
0022000072,ATL,20
0022000070,BOS,20
0022000073,CHI,21
0022000071,DAL,25
0022000076,DEN,25
0022000078,GSW,28
0022000076,PHX,20
0022000078,POR,27
0022000075,SAS,20
0022000077,UTA,20
0022000069,MEM,18
0022000074,WAS,19
0022000070,DET,16
0022000069,CHA,15
0022000079,HOU,22
0022000080,NYK,16
0022000081,ORL,18
0022000080,IND,21
0022000082,PHI,17
0022000083,ATL,20
0022000083,CLE,21
0022000084,NOP,18
0022000079,SAC,21
0022000081,OKC,17
0022000084,TOR,29
0022000082,CHA,18
0022000091,LAC,22
0022000087,LAL,15
0022000088,MIN,17
0022000086,BKN,24
0022000085,BOS,22
0022000090,CHI,24
0022000090,DAL,27
0022000088,DEN,11
0022000092,GSW,24
0022000091,PHX,22
0022000092,POR,27
0022000089,SAS,16
0022000089,UTA,18
0022000087,MEM,18
0022000086,WAS,22
0022000085,DET,16
0022000098,HOU,19
0022000096,MIA,20
0022000099,MIL,18
0022000095,NYK,21
0022000093,ORL,15
0022000100,IND,27
0022000094,PHI,21
0022000095,ATL,21
0022000097,BOS,29
0022000093,CLE,14
0022000100,NOP,20
0022000098,DAL,31
0022000101,GSW,28
0022000101,SAC,20
0022000096,OKC,15
0022000097,TOR,26
0022000099,DET,17
0022000094,CHA,24
0022000105,LAC,16
0022000103,LAL,14
0022000104,MIN,31
0022000102,BKN,22
0022000106,CHI,19
0022000104,DEN,27
0022000106,POR,16
0022000105,SAS,13
0022000102,UTA,18
0022000103,MEM,14
0022000107,HOU,22
0022000116,LAC,26
0022000111,MIA,15
0022000113,MIL,22
0022000112,NYK,17
0022000108,ORL,22
0022000107,IND,21
0022000109,PHI,21
0022000110,ATL,25
0022000111,BOS,23
0022000108,CLE,19
0022000114,NOP,18
0022000117,CHI,21
0022000116,GSW,21
0022000115,PHX,23
0022000117,SAC,16
0022000114,OKC,18
0022000115,TOR,19
0022000112,UTA,15
0022000109,WAS,27
0022000113,DET,20
0022000110,CHA,14
0022000121,LAL,20
0022000122,MIN,19
0022000118,BKN,17
0022000118,PHI,25
0022000119,CLE,14
0022000120,DAL,21
0022000120,DEN,27
0022000122,POR,23
0022000121,SAS,15
0022000119,MEM,17
0022000127,HOU,18
0022000130,LAC,16
0022000131,LAL,15
0022000129,MIL,19
0022000128,BKN,13
0022000125,NYK,19
0022000127,ORL,13
0022000124,BOS,22
0022000126,NOP,17
0022000131,CHI,23
0022000130,GSW,19
0022000123,PHX,25
0022000132,SAC,18
0022000125,OKC,19
0022000132,TOR,20
0022000129,UTA,18
0022000128,MEM,18
0022000124,WAS,24
0022000123,DET,14
0022000126,CHA,20
0022000136,MIA,24
0022000137,MIL,14
0022000138,MIN,20
0022000139,ORL,16
0022000135,IND,19
0022000133,PHI,19
0022000134,ATL,22
0022000137,CLE,18
0022000139,DAL,17
0022000133,DEN,12
0022000135,PHX,17
0022000140,POR,27
0022000140,SAC,20
0022000138,SAS,19
0022000136,WAS,24
0022000134,CHA,19
0022000146,HOU,22
0022000142,LAC,19
0022000146,LAL,23
0022000147,MIN,17
0022000143,BKN,18
0022000144,NYK,15
0022000142,CHI,19
0022000144,DEN,25
0022000148,GSW,18
0022000147,SAS,16
0022000143,OKC,22
0022000148,TOR,22
0022000141,UTA,17
0022000141,DET,23
0022000151,MIL,17
0022000149,NYK,23
0022000151,ORL,13
0022000156,IND,21
0022000153,PHI,17
0022000153,ATL,13
0022000150,CLE,21
0022000152,PHX,22
0022000155,POR,14
0022000156,SAC,17
0022000155,TOR,22
0022000150,MEM,17
0022000152,WAS,23
0022000149,CHA,13
0022000161,HOU,19
0022000161,LAL,18
0022000157,MIA,21
0022000158,BKN,18
0022000163,IND,17
0022000157,PHI,21
0022000159,CLE,13
0022000158,DEN,18
0022000163,GSW,21
0022000162,SAS,20
0022000162,OKC,20
0022000159,UTA,16
0022000172,LAC,16
0022000170,LAL,16
0022000165,MIL,20
0022000169,MIN,18
0022000168,BKN,12
0022000168,NYK,16
0022000172,NOP,19
0022000164,DAL,15
0022000173,POR,24
0022000173,SAC,18
0022000170,OKC,21
0022000169,MEM,24
0022000165,DET,19
0022000164,CHA,17
0022000176,HOU,16
0022000174,MIA,19
0022000178,IND,13
0022000174,PHI,22
0022000177,DEN,23
0022000177,GSW,25
0022000178,POR,22
0022000176,SAS,17
0022000175,TOR,16
0022000175,CHA,15
0022000188,LAC,19
0022000187,LAL,16
0022000182,MIL,14
0022000181,NYK,21
0022000180,ORL,16
0022000186,ATL,16
0022000180,BOS,18
0022000181,CLE,18
0022000187,NOP,21
0022000184,CHI,25
0022000182,DAL,23
0022000188,SAC,16
0022000184,OKC,23
0022000186,UTA,18
0022000189,HOU,20
0022000192,MIA,21
0022000190,BKN,14
0022000190,ORL,19
0022000193,PHI,17
0022000195,ATL,22
0022000195,POR,20
0022000189,SAS,21
0022000191,TOR,22
0022000193,MEM,25
0022000192,DET,28
0022000191,CHA,20
0022000202,LAC,19
0022000196,NYK,28
0022000202,IND,19
0022000196,BOS,22
0022000201,NOP,15
0022000198,CHI,23
0022000198,DAL,23
0022000200,DEN,23
0022000201,SAC,24
0022000200,UTA,21
0022000211,HOU,20
0022000212,LAL,22
0022000206,MIA,27
0022000209,MIL,15
0022000205,MIN,21
0022000209,BKN,19
0022000203,NYK,16
0022000203,ORL,24
0022000205,ATL,17
0022000211,CHI,19
0022000210,DAL,16
0022000212,GSW,27
0022000208,PHX,20
0022000207,POR,15
0022000207,SAS,17
0022000210,TOR,23
0022000208,MEM,15
0022000206,DET,23
0022000214,NOP,15
0022000213,DEN,22
0022000213,OKC,15
0022000214,UTA,17
0022000222,HOU,19
0022000224,LAC,15
0022000220,MIA,19
0022000221,MIN,20
0022000216,BKN,24
0022000221,ORL,17
0022000217,IND,20
0022000218,PHI,20
0022000219,ATL,15
0022000218,BOS,29
0022000216,CLE,21
0022000217,DAL,17
0022000223,GSW,22
0022000222,PHX,21
0022000224,SAC,15
0022000223,SAS,15
0022000220,TOR,21
0022000219,DET,28
0022000226,LAL,14
0022000226,MIL,18
0022000228,NYK,29
0022000227,NOP,19
0022000228,GSW,26
0022000227,UTA,27
0022000230,HOU,28
0022000239,LAC,19
0022000234,MIA,14
0022000236,MIN,21
0022000232,BKN,25
0022000241,NYK,21
0022000231,ORL,14
0022000231,IND,19
0022000233,PHI,23
0022000236,ATL,16
0022000233,BOS,21
0022000232,CLE,18
0022000229,CHI,21
0022000237,DAL,21
0022000238,DEN,15
0022000238,PHX,23
0022000241,SAC,25
0022000237,SAS,18
0022000239,OKC,21
0022000234,TOR,16
0022000230,DET,21
0022000229,CHA,12
0022000247,HOU,28
0022000245,LAL,18
0022000244,MIA,23
0022000246,MIN,22
0022000244,BKN,26
0022000243,PHI,24
0022000246,NOP,24
0022000245,CHI,28
0022000247,DAL,23
0022000248,DEN,20
0022000242,GSW,21
0022000248,PHX,31
0022000242,UTA,20
0022000243,DET,28
0022000251,LAC,10
0022000254,MIL,16
0022000256,NYK,20
0022000252,ORL,18
0022000249,IND,23
0022000254,ATL,23
0022000250,BOS,23
0022000250,CLE,23
0022000256,POR,16
0022000253,SAS,14
0022000251,OKC,19
0022000249,TOR,18
0022000253,WAS,14
0022000252,CHA,17
0022000261,LAL,23
0022000260,MIA,21
0022000266,MIN,28
0022000260,BKN,18
0022000259,ORL,21
0022000258,IND,25
0022000257,PHI,26
0022000262,BOS,18
0022000261,CLE,25
0022000262,CHI,16
0022000265,DAL,22
0022000265,DEN,20
0022000266,GSW,19
0022000267,POR,23
0022000267,OKC,19
0022000258,TOR,25
0022000257,DET,20
0022000259,CHA,20
0022000269,HOU,17
0022000268,LAC,19
0022000270,NYK,21
0022000268,ATL,17
0022000270,UTA,14
0022000269,WAS,22
0022000276,LAL,20
0022000275,MIA,13
0022000277,MIL,14
0022000283,MIN,22
0022000274,BKN,25
0022000273,ORL,23
0022000271,IND,19
0022000276,PHI,24
0022000274,ATL,18
0022000280,BOS,14
0022000272,CLE,22
0022000279,NOP,17
0022000282,DAL,12
0022000275,DEN,12
0022000283,GSW,28
0022000281,PHX,16
0022000273,SAC,18
0022000280,SAS,16
0022000281,OKC,19
0022000277,TOR,20
0022000282,UTA,18
0022000279,WAS,20
0022000272,DET,21
0022000271,CHA,14
0022000287,HOU,12
0022000285,LAC,20
0022000284,LAL,16
0022000285,MIA,18
0022000286,GSW,19
0022000286,PHX,14
0022000287,POR,16
0022000284,DET,18
0022000289,LAC,15
0022000293,MIL,19
0022000294,MIN,29
0022000295,BKN,25
0022000291,NYK,24
0022000289,ORL,12
0022000288,IND,13
0022000294,PHI,17
0022000290,ATL,30
0022000291,CLE,20
0022000293,NOP,16
0022000297,DAL,27
0022000296,DEN,15
0022000292,SAC,25
0022000296,SAS,18
0022000295,OKC,12
0022000292,TOR,27
0022000297,UTA,25
0022000290,WAS,27
0022000288,CHA,13
0022000300,HOU,24
0022000302,LAL,15
0022000301,MIA,14
0022000299,MIL,17
0022000302,BOS,16
0022000300,NOP,14
0022000298,CHI,14
0022000303,DAL,26
0022000305,GSW,23
0022000303,PHX,19
0022000298,POR,17
0022000301,SAC,21
0022000304,SAS,16
0022000304,MEM,23
0022000305,DET,14
0022000299,CHA,20
0022000308,LAC,14
0022000311,MIN,25
0022000310,BKN,24
0022000308,NYK,20
0022000309,ORL,18
0022000307,IND,25
0022000307,PHI,21
0022000311,CLE,14
0022000306,DEN,27
0022000309,TOR,22
0022000306,UTA,21
0022000310,WAS,22
0022000318,HOU,20
0022000313,LAL,20
0022000314,MIA,26
0022000316,MIL,13
0022000312,MIN,21
0022000315,NYK,19
0022000313,ATL,21
0022000312,CLE,12
0022000317,NOP,22
0022000315,CHI,19
0022000319,DAL,17
0022000319,PHX,24
0022000316,POR,10
0022000317,SAC,18
0022000320,SAS,13
0022000318,OKC,13
0022000320,MEM,16
0022000314,CHA,22
0022000324,LAC,18
0022000324,BKN,17
0022000323,ORL,22
0022000322,IND,19
0022000326,BOS,20
0022000326,GSW,23
0022000559,POR,19
0022000323,TOR,18
0022000325,UTA,17
0022000322,MEM,22
0022000559,WAS,21
0022000325,DET,21
0022000333,HOU,18
0022000328,LAC,20
0022000331,MIA,21
0022000329,MIL,11
0022000334,MIN,21
0022000332,NYK,18
0022000329,IND,13
0022000327,PHI,21
0022000330,ATL,20
0022000336,BOS,21
0022000328,CLE,14
0022000335,NOP,20
0022000332,CHI,14
0022000330,DAL,19
0022000335,PHX,18
0022000336,SAC,19
0022000334,SAS,13
0022000333,OKC,14
0022000331,WAS,17
0022000327,CHA,22
0022000340,HOU,19
0022000341,LAL,19
0022000337,PHI,15
0022000338,ATL,15
0022000339,DAL,24
0022000341,DEN,23
0022000339,GSW,19
0022000337,POR,18
0022000338,UTA,20
0022000340,MEM,15
0022000350,LAC,17
0022000347,MIA,20
0022000346,MIL,18
0022000348,MIN,15
0022000345,BKN,19
0022000344,ORL,22
0022000343,IND,21
0022000350,BOS,16
0022000346,CLE,19
0022000343,NOP,17
0022000344,CHI,22
0022000349,PHX,26
0022000348,OKC,7
0022000345,TOR,25
0022000342,UTA,19
0022000347,WAS,20
0022000349,DET,16
0022000342,CHA,17
0022000358,HOU,25
0022000361,LAL,24
0022000357,MIL,20
0022000359,MIN,15
0022000354,BKN,18
0022000351,NYK,19
0022000353,ORL,10
0022000354,PHI,15
0022000356,ATL,25
0022000357,CLE,19
0022000355,NOP,15
0022000353,CHI,12
0022000360,DAL,19
0022000352,DEN,18
0022000360,GSW,24
0022000351,POR,15
0022000352,SAC,11
0022000358,SAS,18
0022000359,OKC,19
0022000356,TOR,27
0022000355,MEM,17
0022000361,DET,31
0022000366,LAC,16
0022000364,MIA,15
0022000364,NYK,20
0022000363,IND,22
0022000365,BOS,11
0022000365,PHX,15
0022000366,SAC,18
0022000363,UTA,17
0022000215,WAS,18
0022000215,CHA,25
0022000367,HOU,18
0022000374,LAL,19
0022000373,MIL,19
0022000370,MIN,27
0022000372,CLE,20
0022000368,CHI,26
0022000370,DAL,22
0022000373,DEN,15
0022000371,GSW,19
0022000372,PHX,20
0022000371,SAS,16
0022000374,OKC,23
0022000369,TOR,24
0022000369,MEM,18
0022000368,WAS,21
0022000367,CHA,15
0022000377,HOU,23
0022000376,MIA,14
0022000375,BKN,22
0022000376,NYK,25
0022000380,ORL,11
0022000381,PHI,22
0022000379,BOS,25
0022000377,NOP,20
0022000378,GSW,19
0022000380,POR,17
0022000381,SAC,28
0022000378,SAS,16
0022000379,UTA,22
0022000375,DET,16
0022000387,LAC,20
0022000390,LAL,15
0022000389,MIL,21
0022000387,MIN,24
0022000383,BKN,20
0022000383,IND,21
0022000384,ATL,20
0022000388,CLE,18
0022000385,NOP,12
0022000385,CHI,20
0022000384,DAL,24
0022000388,DEN,18
0022000389,PHX,19
0022000390,OKC,23
0022000382,TOR,17
0022000386,MEM,18
0022000382,WAS,20
0022000386,CHA,14
0022000392,HOU,20
0022000392,MIA,21
0022000393,ORL,17
0022000391,IND,18
0022000394,PHI,20
0022000398,BOS,22
0022000393,GSW,20
0022000394,POR,21
0022000398,TOR,26
0022000391,DET,13
0022000400,LAC,13
0022000403,LAL,16
0022000402,MIL,28
0022000395,MIN,18
0022000396,NYK,22
0022000405,ORL,15
0022000397,ATL,17
0022000412,BOS,25
0022000404,CLE,21
0022000399,NOP,19
0022000400,CHI,16
0022000399,DAL,22
0022000401,DEN,14
0022000404,POR,29
0022000405,SAC,18
0022000397,SAS,25
0022000401,OKC,19
0022000402,UTA,22
0022000403,MEM,25
0022000396,WAS,18
0022000412,DET,20
0022000395,CHA,17
0022000408,HOU,17
0022000410,MIA,21
0022000409,BKN,15
0022000408,NYK,21
0022000407,IND,21
0022000406,PHI,15
0022000407,ATL,24
0022000409,GSW,15
0022000406,PHX,24
0022000410,UTA,21
0022000419,LAC,21
0022000416,LAL,26
0022000415,MIL,16
0022000413,MIN,26
0022000417,ORL,12
0022000560,BOS,27
0022000419,CLE,27
0022000561,NOP,17
0022000411,DAL,21
0022000416,DEN,24
0022000417,PHX,17
0022000411,POR,23
0022000418,SAC,19
0022000414,SAS,13
0022000415,OKC,14
0022000413,TOR,22
0022000418,MEM,20
0022000560,WAS,25
0022000561,DET,23
0022000414,CHA,20
0022000421,HOU,22
0022000425,LAC,22
0022000425,MIA,21
0022000426,BKN,16
0022000422,NYK,22
0022000420,IND,23
0022000423,PHI,21
0022000422,ATL,19
0022000424,CLE,24
0022000420,CHI,24
0022000424,GSW,23
0022000426,SAC,13
0022000423,UTA,18
0022000421,WAS,24
0022000431,LAL,14
0022000430,MIL,17
0022000431,MIN,27
0022000433,BKN,11
0022000427,BOS,22
0022000429,NOP,19
0022000427,DEN,18
0022000433,PHX,15
0022000432,POR,23
0022000432,OKC,16
0022000430,TOR,18
0022000429,MEM,18
0022000439,HOU,24
0022000444,LAC,19
0022000443,MIA,22
0022000440,MIN,20
0022000436,NYK,14
0022000436,ORL,15
0022000440,IND,18
0022000439,PHI,21
0022000438,ATL,18
0022000438,BOS,27
0022000441,NOP,15
0022000564,CHI,20
0022000437,DEN,26
0022000443,GSW,19
0022000441,POR,19
0022000562,OKC,25
0022000444,UTA,15
0022000562,MEM,18
0022000437,WAS,20
0022000564,DET,21
0022000446,LAL,16
0022000447,MIA,15
0022000445,MIL,23
0022000446,BKN,18
0022000447,SAC,18
0022000445,TOR,21
0022000457,LAC,20
0022000453,MIL,18
0022000454,MIN,23
0022000449,ORL,19
0022000450,PHI,18
0022000451,ATL,14
0022000451,BOS,21
0022000563,CLE,15
0022000455,NOP,16
0022000450,CHI,20
0022000563,DEN,17
0022000449,GSW,19
0022000455,PHX,17
0022000453,OKC,23
0022000454,TOR,16
0022000457,UTA,22
0022000452,MEM,13
0022000452,DET,22
0022000463,LAL,17
0022000463,MIA,20
0022000460,CHI,23
0022000459,GSW,12
0022000462,PHX,14
0022000464,POR,22
0022000460,SAC,18
0022000462,MEM,12
0022000464,WAS,19
0022000459,CHA,22
0022000472,LAC,17
0022000471,MIL,19
0022000469,MIN,24
0022000472,BKN,19
0022000469,NYK,25
0022000467,ORL,18
0022000468,PHI,21
0022000470,ATL,20
0022000465,BOS,30
0022000466,CLE,17
0022000465,NOP,24
0022000470,DEN,24
0022000471,SAC,26
0022000466,OKC,18
0022000468,TOR,24
0022000467,DET,21
0022000474,HOU,16
0022000479,LAL,29
0022000475,MIA,20
0022000474,CHI,17
0022000476,DAL,18
0022000477,PHX,13
0022000477,POR,17
0022000475,OKC,24
0022000478,UTA,19
0022000476,MEM,23
0022000479,WAS,25
0022000478,CHA,17
0022000488,LAC,22
0022000486,MIL,13
0022000486,MIN,16
0022000482,BKN,16
0022000483,NYK,23
0022000481,ORL,16
0022000484,PHI,15
0022000480,ATL,19
0022000485,BOS,21
0022000480,CLE,19
0022000485,DAL,17
0022000487,DEN,10
0022000483,GSW,18
0022000487,POR,19
0022000482,SAC,17
0022000484,TOR,20
0022000488,WAS,16
0022000481,DET,19
0022000491,HOU,15
0022000497,LAL,15
0022000492,MIA,21
0022000493,MIN,24
0022000489,IND,22
0022000490,ATL,23
0022000490,BOS,16
0022000491,CLE,20
0022000494,NOP,10
0022000493,CHI,15
0022000489,GSW,25
0022000496,PHX,25
0022000495,SAS,13
0022000495,OKC,14
0022000492,TOR,25
0022000497,UTA,16
0022000494,DET,23
0022000496,CHA,21
0022000501,LAC,15
0022000503,MIL,13
0022000499,BKN,18
0022000500,NYK,23
0022000499,ORL,10
0022000498,PHI,19
0022000503,NOP,17
0022000498,DAL,21
0022000502,DEN,20
0022000500,SAC,22
0022000501,MEM,17
0022000502,WAS,20
0022000506,HOU,24
0022000509,LAC,19
0022000512,LAL,23
0022000507,MIA,21
0022000505,IND,22
0022000510,ATL,13
0022000505,BOS,20
0022000508,CHI,16
0022000511,GSW,19
0022000508,PHX,11
0022000512,POR,21
0022000504,SAC,25
0022000510,OKC,17
0022000506,TOR,20
0022000507,UTA,21
0022000509,MEM,14
0022000504,DET,25
0022000511,CHA,23
0022000517,MIN,29
0022000519,BKN,16
0022000515,NYK,22
0022000516,ORL,18
0022000515,IND,17
0022000513,PHI,26
0022000513,CLE,26
0022000514,NOP,17
0022000519,DAL,15
0022000518,DEN,16
0022000514,SAS,26
0022000518,OKC,16
0022000516,UTA,14
0022000517,WAS,24
0022000525,HOU,24
0022000520,LAC,19
0022000527,LAL,21
0022000522,MIA,20
0022000520,MIL,11
0022000526,MIN,22
0022000521,NYK,23
0022000522,ATL,20
0022000524,BOS,25
0022000527,GSW,25
0022000526,PHX,18
0022000528,SAC,19
0022000525,MEM,31
0022000524,WAS,22
0022000521,DET,15
0022000528,CHA,20
0022000532,HOU,18
0022000534,BKN,13
0022000529,ORL,17
0022000530,IND,19
0022000530,PHI,19
0022000532,CLE,18
0022000533,NOP,15
0022000531,CHI,18
0022000529,DAL,12
0022000531,DEN,18
0022000535,POR,15
0022000534,SAS,16
0022000533,UTA,22
0022000535,CHA,16
0022000537,LAC,19
0022000542,LAL,23
0022000538,MIA,13
0022000540,MIL,18
0022000541,NYK,16
0022000538,ATL,18
0022000537,BOS,12
0022000540,DEN,19
0022000542,PHX,16
0022000541,SAS,14
0022000536,MEM,21
0022000536,WAS,20
0022000546,HOU,18
0022000551,LAL,19
0022000547,MIN,18
0022000546,BKN,24
0022000544,ORL,15
0022000543,IND,16
0022000545,PHI,17
0022000544,ATL,25
0022000543,CLE,18
0022000548,NOP,19
0022000548,CHI,21
0022000549,DAL,13
0022000550,GSW,24
0022000550,POR,16
0022000551,SAC,19
0022000549,OKC,20
0022000539,TOR,20
0022000545,UTA,24
0022000539,DET,28
0022000547,CHA,18
0022000554,LAC,31
0022000557,MIA,20
0022000555,MIL,19
0022000565,NYK,13
0022000553,IND,17
0022000552,BOS,20
0022000557,NOP,21
0022000553,DEN,13
0022000185,GSW,11
0022000185,PHX,16
0022000558,POR,14
0022000558,SAC,19
0022000556,SAS,24
0022000556,OKC,16
0022000552,TOR,25
0022000555,MEM,20
0022000554,WAS,24
0022000565,DET,13
0022000567,DAL,19
0022000567,SAS,19
0022000566,MEM,26
0022000566,WAS,26
0022000578,HOU,22
0022000576,LAC,22
0022000571,MIA,16
0022000573,MIL,18
0022000574,MIN,20
0022000569,BKN,22
0022000573,NYK,19
0022000571,ORL,19
0022000572,PHI,16
0022000570,ATL,26
0022000569,BOS,13
0022000574,NOP,18
0022000572,CHI,19
0022000575,DAL,22
0022000576,GSW,23
0022000577,PHX,20
0022000577,POR,18
0022000578,SAC,19
0022000575,OKC,24
0022000570,TOR,25
0022000568,DET,21
0022000568,CHA,14
0022000584,HOU,19
0022000585,LAL,20
0022000582,MIA,13
0022000583,ORL,16
0022000585,IND,27
0022000579,PHI,19
0022000581,CLE,18
0022000581,NOP,18
0022000582,CHI,16
0022000580,DEN,10
0022000583,SAS,15
0022000584,UTA,17
0022000580,MEM,15
0022000579,WAS,16
0022000589,MIL,19
0022000591,MIN,24
0022000587,BKN,16
0022000586,NYK,20
0022000194,IND,18
0022000590,ATL,17
0022000592,DAL,19
0022000592,DEN,19
0022000194,PHX,17
0022000591,POR,18
0022000590,SAC,26
0022000586,OKC,18
0022000588,TOR,16
0022000589,WAS,20
0022000587,DET,16
0022000588,CHA,22
0022000598,HOU,19
0022000601,LAC,17
0022000596,MIA,17
0022000599,MIN,22
0022000596,ORL,18
0022000595,PHI,27
0022000597,ATL,21
0022000598,BOS,22
0022000597,CLE,18
0022000601,NOP,16
0022000600,CHI,20
0022000594,GSW,26
0022000599,POR,29
0022000595,SAS,13
0022000593,OKC,20
0022000600,TOR,22
0022000594,UTA,16
0022000593,MEM,21
0022000605,LAC,12
0022000608,LAL,25
0022000603,MIL,20
0022000604,BKN,19
0022000604,NYK,22
0022000606,IND,13
0022000605,DAL,16
0022000606,DEN,15
0022000608,GSW,23
0022000607,PHX,19
0022000602,SAC,19
0022000428,SAS,23
0022000607,MEM,17
0022000603,WAS,18
0022000428,DET,9
0022000602,CHA,15
0022000613,HOU,19
0022000615,LAL,16
0022000610,MIA,18
0022000615,MIN,21
0022000611,NYK,23
0022000611,PHI,22
0022000613,ATL,18
0022000609,BOS,18
0022000610,CLE,19
0022000614,NOP,24
0022000612,CHI,17
0022000614,POR,19
0022000612,OKC,15
0022000609,UTA,18
0022000622,HOU,15
0022000625,LAC,15
0022000623,MIA,21
0022000618,MIL,11
0022000617,BKN,20
0022000617,IND,28
0022000618,PHI,23
0022000620,BOS,27
0022000620,CLE,17
0022000621,CHI,22
0022000625,DAL,16
0022000624,DEN,22
0022000622,GSW,26
0022000619,SAC,26
0022000621,SAS,8
0022000616,TOR,26
0022000623,MEM,17
0022000619,WAS,25
0022000616,DET,30
0022000624,CHA,16
0022000630,LAL,19
0022000628,MIN,16
0022000627,NYK,14
0022000627,ORL,13
0022000626,ATL,16
0022000629,NOP,19
0022000628,PHX,30
0022000629,POR,19
0022000626,OKC,13
0022000166,UTA,27
0022000166,WAS,27
0022000630,CHA,19
0022000635,HOU,17
0022000632,MIA,17
0022000638,MIN,19
0022000633,BKN,16
0022000633,ORL,20
0022000632,IND,17
0022000631,BOS,20
0022000435,CLE,21
0022000637,CHI,20
0022000639,DAL,16
0022000637,DEN,22
0022000636,GSW,16
0022000638,PHX,19
0022000639,POR,15
0022000631,SAC,16
0022000435,SAS,25
0022000634,TOR,28
0022000634,UTA,16
0022000636,MEM,17
0022000635,DET,17
0022000644,LAC,25
0022000640,LAL,16
0022000643,MIL,11
0022000641,PHI,22
0022000640,ATL,21
0022000642,GSW,25
0022000641,SAC,21
0022000643,SAS,11
0022000642,MEM,22
0022000644,CHA,20
0022000016,HOU,20
0022000651,LAL,18
0022000645,MIA,19
0022000647,BKN,18
0022000650,NYK,19
0022000167,ORL,13
0022000645,IND,22
0022000650,PHI,18
0022000167,BOS,21
0022000648,CLE,19
0022000646,NOP,12
0022000649,CHI,22
0022000652,DAL,17
0022000646,DEN,28
0022000651,PHX,24
0022000652,POR,17
0022000016,OKC,21
0022000648,TOR,26
0022000647,WAS,22
0022000649,DET,16
0022000657,HOU,21
0022000660,LAC,16
0022000659,MIL,16
0022000654,MIN,17
0022000659,IND,16
0022000660,ATL,18
0022000658,BOS,18
0022000653,CLE,11
0022000656,CHI,14
0022000653,SAC,17
0022000655,SAS,22
0022000654,OKC,14
0022000657,TOR,24
0022000656,UTA,16
0022000658,MEM,20
0022000655,CHA,14
0022000663,LAL,17
0022000664,MIA,13
0022000666,BKN,17
0022000662,NYK,28
0022000661,ORL,12
0022000665,PHI,24
0022000663,NOP,24
0022000661,DEN,13
0022000665,GSW,23
0022000664,PHX,18
0022000666,POR,20
0022000662,WAS,23
0022000672,HOU,19
0022000675,LAC,20
0022000669,MIL,14
0022000673,MIN,25
0022000676,BKN,10
0022000670,ORL,18
0022000667,IND,20
0022000677,ATL,20
0022000669,BOS,15
0022000671,CLE,16
0022000671,CHI,12
0022000673,DAL,22
0022000668,DEN,19
0022000670,PHX,15
0022000677,SAC,16
0022000675,SAS,24
0022000674,OKC,10
0022000668,TOR,21
0022000676,UTA,15
0022000674,MEM,10
0022000667,DET,18
0022000672,CHA,20
0022000680,LAC,13
0022000681,LAL,19
0022000678,MIA,18
0022000679,NYK,28
0022000681,PHI,26
0022000682,GSW,19
0022000678,POR,14
0022000682,SAC,13
0022000680,SAS,14
0022000679,WAS,32
0022000688,HOU,20
0022000693,LAL,23
0022000686,MIA,17
0022000685,MIL,16
0022000688,MIN,13
0022000683,BKN,27
0022000687,ORL,18
0022000690,IND,17
0022000692,ATL,23
0022000685,BOS,16
0022000693,CLE,19
0022000689,NOP,11
0022000690,DAL,18
0022000689,DEN,16
0022000692,GSW,22
0022000684,PHX,16
0022000687,POR,18
0022000684,TOR,17
0022000691,UTA,15
0022000691,MEM,14
0022000683,DET,30
0022000686,CHA,16
0022000696,HOU,24
0022000701,LAC,25
0022000695,MIL,11
0022000696,MIN,15
0022000695,NYK,19
0022000701,PHI,27
0022000699,BOS,19
0022000702,CLE,13
0022000698,NOP,18
0022000697,CHI,25
0022000698,DAL,20
0022000702,SAC,20
0022000697,SAS,15
0022000699,OKC,12
0022000700,UTA,22
0022000700,MEM,14
0022000694,WAS,22
0022000694,DET,18
0022000706,LAL,17
0022000706,ORL,18
0022000705,ATL,16
0022000705,DEN,15
0022000703,PHX,17
0022000704,POR,25
0022000704,TOR,20
0022000703,CHA,23
0022000712,HOU,18
0022000717,LAC,15
0022000710,MIA,18
0022000717,MIL,14
0022000709,MIN,25
0022000709,BKN,18
0022000710,NYK,19
0022000707,IND,18
0022000708,BOS,25
0022000715,CLE,18
0022000708,NOP,21
0022000716,CHI,18
0022000713,DAL,21
0022000716,GSW,14
0022000714,SAC,15
0022000714,SAS,18
0022000713,OKC,14
0022000711,TOR,25
0022000715,UTA,14
0022000712,MEM,18
0022000707,WAS,24
0022000711,DET,24
0022000720,LAC,21
0022000720,ORL,13
0022000719,PHI,18
0022000171,ATL,17
0022000719,DEN,16
0022000171,PHX,14
0022000718,WAS,19
0022000718,CHA,17
0022000724,HOU,21
0022000729,LAL,22
0022000722,MIA,14
0022000729,MIL,17
0022000726,MIN,14
0022000724,BKN,21
0022000726,NYK,18
0022000722,IND,23
0022000723,BOS,19
0022000730,CHI,20
0022000723,DAL,18
0022000730,PHX,21
0022000721,POR,20
0022000728,SAC,20
0022000728,SAS,17
0022000727,OKC,16
0022000727,TOR,25
0022000725,UTA,21
0022000725,MEM,20
0022000721,DET,26
0022000736,LAC,19
0022000733,MIA,22
0022000732,BKN,18
0022000734,ORL,20
0022000731,PHI,19
0022000735,ATL,22
0022000731,CLE,24
0022000734,NOP,23
0022000736,DEN,16
0022000733,GSW,26
0022000735,SAS,22
0022000179,WAS,21
0022000179,DET,18
0022000732,CHA,9
0022000738,HOU,11
0022000746,LAL,19
0022000745,MIL,18
0022000741,MIN,20
0022000739,NYK,17
0022000740,IND,21
0022000742,ATL,23
0022000738,BOS,22
0022000742,NOP,18
0022000743,CHI,19
0022000739,DAL,12
0022000737,GSW,18
0022000744,PHX,20
0022000745,POR,18
0022000746,SAC,16
0022000744,OKC,17
0022000737,TOR,17
0022000743,UTA,18
0022000741,MEM,20
0022000740,CHA,16
0022000749,MIA,20
0022000754,MIL,15
0022000750,MIN,24
0022000748,NYK,18
0022000752,ORL,14
0022000751,IND,22
0022000750,PHI,24
0022000749,CLE,15
0022000747,DAL,22
0022000753,POR,18
0022000754,SAC,17
0022000751,SAS,21
0022000753,OKC,21
0022000752,UTA,25
0022000747,WAS,21
0022000748,DET,20
0022000760,HOU,24
0022000756,LAC,25
0022000756,LAL,11
0022000755,BKN,17
0022000761,ORL,26
0022000758,PHI,19
0022000759,ATL,19
0022000757,BOS,20
0022000760,NOP,27
0022000755,CHI,11
0022000761,DEN,14
0022000759,GSW,26
0022000758,MEM,23
0022000757,CHA,15
0022000768,HOU,25
0022000765,MIN,16
0022000762,BKN,14
0022000762,NYK,25
0022000767,CLE,24
0022000764,DAL,18
0022000768,PHX,22
0022000765,SAC,19
0022000767,SAS,22
0022000766,OKC,20
0022000763,TOR,20
0022000764,UTA,18
0022000763,WAS,18
0022000766,DET,20
0022000775,LAC,24
0022000772,LAL,24
0022000773,MIA,16
0022000774,MIL,13
0022000769,IND,17
0022000771,PHI,20
0022000770,ATL,23
0022000771,BOS,22
0022000770,NOP,15
0022000769,CHI,12
0022000321,DEN,20
0022000774,GSW,18
0022000775,POR,22
0022000772,TOR,19
0022000773,MEM,13
0022000321,DET,12
0022000456,HOU,18
0022000776,MIN,17
0022000779,BKN,31
0022000778,NYK,21
0022000777,ORL,16
0022000776,IND,28
0022000780,ATL,19
0022000778,BOS,14
0022000779,NOP,14
0022000456,DAL,15
0022000782,DEN,18
0022000783,PHX,21
0022000782,SAS,19
0022000781,OKC,11
0022000783,UTA,23
0022000780,MEM,17
0022000777,WAS,18
0022000781,CHA,16
0022000788,LAC,22
0022000784,LAL,24
0022000784,MIA,25
0022000786,MIL,20
0022000785,CLE,12
0022000523,CHI,16
0022000786,DAL,15
0022000788,PHX,18
0022000787,POR,21
0022000789,SAC,21
0022000785,OKC,20
0022000523,TOR,20
0022000787,UTA,15
0022000789,DET,24
0022000799,HOU,15
0022000799,LAC,24
0022000796,MIL,14
0022000792,MIN,26
0022000793,NYK,25
0022000790,ORL,22
0022000790,IND,24
0022000795,PHI,23
0022000791,ATL,14
0022000792,BOS,25
0022000795,NOP,17
0022000791,CHI,17
0022000797,DEN,22
0022000798,GSW,20
0022000797,SAS,21
0022000793,MEM,27
0022000798,WAS,16
0022000796,CHA,19
0022000802,HOU,17
0022000800,LAL,24
0022000800,BKN,20
0022000199,PHI,17
0022000794,CLE,13
0022000802,GSW,19
0022000803,PHX,18
0022000804,POR,20
0022000801,SAC,23
0022000199,OKC,21
0022000794,TOR,18
0022000801,UTA,17
0022000803,WAS,12
0022000804,DET,23
0022000813,LAC,18
0022000814,MIA,18
0022000808,MIL,15
0022000812,MIN,14
0022000809,NYK,19
0022000808,ORL,13
0022000811,IND,16
0022000805,ATL,11
0022000806,BOS,18
0022000807,CLE,23
0022000807,NOP,16
0022000812,CHI,19
0022000810,DAL,21
0022000806,DEN,20
0022000814,POR,16
0022000810,SAS,20
0022000809,TOR,23
0022000811,MEM,12
0022000813,DET,24
0022000805,CHA,14
0022000822,HOU,15
0022000815,LAL,21
0022000815,NYK,20
0022000816,ORL,17
0022000818,PHI,20
0022000819,NOP,23
0022000278,CHI,16
0022000818,DAL,24
0022000821,DEN,24
0022000821,GSW,22
0022000822,PHX,18
0022000819,SAC,26
0022000816,SAS,26
0022000820,UTA,23
0022000278,MEM,20
0022000820,WAS,27
0022000823,LAC,20
0022000825,LAL,18
0022000827,MIA,20
0022000817,MIN,20
0022000817,BKN,22
0022000823,IND,17
0022000824,ATL,16
0022000828,BOS,19
0022000827,PHX,18
0022000828,POR,22
0022000826,OKC,23
0022000824,TOR,19
0022000826,UTA,18
0022000825,CHA,18
0022000461,HOU,17
0022000832,LAC,20
0022000838,MIA,13
0022000834,MIL,20
0022000834,MIN,17
0022000830,BKN,21
0022000835,NYK,17
0022000833,ORL,15
0022000461,IND,16
0022000830,PHI,21
0022000829,CLE,11
0022000835,NOP,12
0022000833,CHI,16
0022000837,DAL,17
0022000838,DEN,19
0022000836,GSW,20
0022000839,SAC,22
0022000831,SAS,19
0022000836,OKC,22
0022000831,TOR,19
0022000837,MEM,18
0022000839,WAS,18
0022000832,DET,21
0022000829,CHA,18
0022000842,LAL,16
0022000840,MIL,16
0022000840,ATL,15
0022000842,BOS,20
0022000841,CLE,20
0022000841,GSW,24
0022000843,PHX,18
0022000843,SAC,16
0022000851,HOU,19
0022000846,LAC,26
0022000852,MIA,28
0022000852,MIN,22
0022000848,BKN,17
0022000854,NYK,20
0022000849,ORL,14
0022000844,IND,19
0022000846,PHI,19
0022000847,NOP,22
0022000850,CHI,20
0022000854,DAL,17
0022000851,DEN,15
0022000853,POR,12
0022000853,SAS,14
0022000845,OKC,23
0022000849,TOR,24
0022000844,UTA,19
0022000850,MEM,17
0022000847,WAS,24
0022000845,DET,24
0022000848,CHA,18
0022000855,LAL,14
0022000859,MIL,8
0022000858,BOS,18
0022000857,CLE,10
0022000857,CHI,15
0022000858,GSW,23
0022000860,PHX,14
0022000860,SAS,17
0022000855,UTA,21
0022000859,MEM,18
0022000856,WAS,24
0022000856,DET,20
0022000864,HOU,21
0022000867,LAC,26
0022000863,MIA,13
0022000867,MIN,21
0022000863,BKN,17
0022000862,NYK,26
0022000864,ORL,19
0022000861,IND,27
0022000861,ATL,19
0022000862,NOP,16
0022000866,DAL,20
0022000362,POR,17
0022000866,SAC,19
0022000865,OKC,19
0022000865,TOR,15
0022000362,CHA,25
0022000871,HOU,7
0022000875,LAL,14
0022000871,MIA,19
0022000873,MIL,15
0022000473,IND,27
0022000870,PHI,21
0022000869,BOS,15
0022000868,CLE,21
0022000869,CHI,15
0022000874,DEN,19
0022000870,GSW,19
0022000873,PHX,16
0022000473,SAS,23
0022000872,OKC,26
0022000875,UTA,20
0022000874,MEM,24
0022000872,WAS,19
0022000868,DET,22
0022000879,LAC,15
0022000880,MIN,16
0022000878,BKN,21
0022000877,NYK,13
0022000876,ORL,19
0022000876,ATL,22
0022000878,NOP,21
0022000879,POR,16
0022000880,SAC,17
0022000877,CHA,10
0022000887,HOU,21
0022000889,LAC,17
0022000888,MIA,20
0022000891,MIN,21
0022000884,BKN,17
0022000886,NYK,19
0022000882,IND,16
0022000883,PHI,19
0022000886,ATL,18
0022000881,CLE,19
0022000881,CHI,24
0022000442,DAL,22
0022000890,DEN,16
0022000885,GSW,23
0022000883,PHX,21
0022000890,POR,16
0022000891,SAC,20
0022000888,SAS,15
0022000882,OKC,18
0022000884,TOR,20
0022000887,UTA,16
0022000889,MEM,29
0022000885,WAS,16
0022000442,DET,24
0022000897,LAL,28
0022000894,MIL,16
0022000893,ORL,18
0022000894,PHI,17
0022000892,BOS,12
0022000893,NOP,16
0022000896,CHI,14
0022000897,DAL,15
0022000892,PHX,23
0022000895,SAS,19
0022000895,DET,22
0022000896,CHA,18
0022000901,HOU,19
0022000901,LAC,19
0022000898,MIA,18
0022000899,BKN,19
0022000898,ATL,17
0022000899,BOS,20
0022000900,CLE,20
0022000903,DEN,14
0022000903,GSW,15
0022000225,POR,20
0022000902,OKC,17
0022000225,MEM,21
0022000902,WAS,23
0022000900,CHA,16
0022000910,HOU,16
0022000908,LAL,22
0022000907,MIA,12
0022000905,MIL,28
0022000909,MIN,19
0022000904,NYK,17
0022000906,IND,21
0022000905,PHI,20
0022000264,NOP,24
0022000907,CHI,20
0022000908,DAL,17
0022000910,DEN,22
0022000264,SAS,23
0022000904,TOR,19
0022000909,UTA,21
0022000906,DET,25
0022000913,MIL,18
0022000912,BKN,17
0022000914,ORL,14
0022000914,IND,20
0022000913,ATL,20
0022000911,BOS,13
0022000197,CLE,25
0022000915,GSW,16
0022000912,PHX,24
0022000240,POR,22
0022000915,SAC,15
0022000240,MEM,22
0022000197,WAS,21
0022000911,CHA,21
0022000924,LAC,23
0022000917,LAL,18
0022000922,MIA,19
0022000923,MIN,21
0022000920,NYK,19
0022000917,ORL,18
0022000918,PHI,19
0022000916,ATL,17
0022000921,CLE,16
0022000924,NOP,18
0022000922,CHI,21
0022000926,DAL,15
0022000925,DEN,20
0022000920,PHX,13
0022000926,SAC,15
0022000919,SAS,21
0022000918,OKC,16
0022000921,TOR,19
0022000923,UTA,18
0022000925,MEM,22
0022000919,WAS,23
0022000916,DET,16
0022000931,HOU,22
0022000928,MIL,24
0022000931,MIN,20
0022000930,BKN,20
0022000929,IND,17
0022000927,BOS,26
0022000932,DAL,19
0022000932,GSW,18
0022000929,POR,19
0022000927,OKC,24
0022000930,TOR,19
0022000928,CHA,17
0022000941,LAC,16
0022000935,LAL,20
0022000938,MIA,23
0022000937,NYK,16
0022000933,ORL,21
0022000934,PHI,22
0022000934,ATL,18
0022000936,BOS,24
0022000933,CLE,15
0022000940,NOP,24
0022000937,CHI,12
0022000940,DEN,17
0022000941,PHX,11
0022000939,POR,20
0022000942,SAC,19
0022000938,SAS,20
0022000942,UTA,15
0022000939,MEM,21
0022000935,WAS,20
0022000936,CHA,18
0022000945,HOU,23
0022000945,MIL,21
0022000946,MIN,21
0022000944,BKN,19
0022000944,IND,23
0022000947,NOP,22
0022000943,DAL,20
0022000948,DEN,16
0022000946,GSW,21
0022000947,OKC,21
0022000948,TOR,19
0022000943,DET,23
0022000956,LAL,17
0022000954,MIL,19
0022000952,BKN,18
0022000953,ORL,19
0022000949,PHI,21
0022000949,ATL,23
0022000950,BOS,26
0022000951,CLE,17
0022000954,CHI,18
0022000955,PHX,14
0022000952,POR,17
0022000956,SAC,16
0022000950,SAS,27
0022000955,UTA,17
0022000953,MEM,15
0022000951,WAS,19
0022000958,HOU,18
0022000966,LAC,19
0022000960,MIA,16
0022000962,MIN,30
0022000961,ORL,17
0022000963,IND,22
0022000959,ATL,21
0022000960,CLE,17
0022000962,NOP,20
0022000959,CHI,22
0022000964,DAL,25
0022000966,DEN,23
0022000958,GSW,18
0022000963,OKC,15
0022000965,TOR,15
0022000965,UTA,15
0022000961,MEM,20
0022000964,WAS,23
0022000957,DET,16
0022000957,CHA,16
0022000971,HOU,18
0022000974,LAL,22
0022000969,MIA,22
0022000967,MIL,18
0022000967,BKN,11
0022000971,NYK,21
0022000973,PHI,19
0022000968,BOS,21
0022000970,DAL,16
0022000972,PHX,17
0022000968,POR,18
0022000970,SAC,26
0022000973,SAS,25
0022000972,OKC,22
0022000974,TOR,23
0022000969,CHA,20
0022000982,LAL,20
0022000980,NYK,21
0022000975,ORL,18
0022000976,IND,17
0022000979,PHI,13
0022000978,ATL,18
0022000977,NOP,8
0022000979,CHI,15
0022000982,DEN,24
0022000977,GSW,28
0022000978,POR,15
0022000981,SAS,13
0022000981,UTA,11
0022000980,MEM,14
0022000976,WAS,19
0022000975,DET,19
0022000989,LAC,14
0022000986,MIA,17
0022000985,MIL,21
0022000985,BKN,25
0022000983,CLE,13
0022000987,NOP,9
0022000986,DAL,17
0022000987,GSW,17
0022000983,PHX,26
0022000988,SAC,19
0022000988,OKC,14
0022000989,TOR,15
0022000984,DET,21
0022000984,CHA,23
0022000994,HOU,16
0022000235,MIL,31
0022000183,MIN,22
0022000995,NYK,24
0022000990,ORL,11
0022000993,IND,13
0022000994,PHI,16
0022000992,ATL,21
0022000990,BOS,23
0022000991,CLE,18
0022000995,DEN,24
0022000992,PHX,16
0022000991,POR,20
0022000993,SAC,14
0022000996,SAS,13
0022000996,UTA,20
0022000183,MEM,19
0022000235,WAS,23
0022001002,LAC,25
0022001002,LAL,23
0022000998,BKN,18
0022001000,IND,19
0022001000,ATL,17
0022000434,CHI,20
0022000998,DAL,15
0022001001,GSW,19
0022001001,OKC,19
0022000997,TOR,30
0022000999,MEM,14
0022000997,WAS,22
0022000999,DET,18
0022000434,CHA,16
0022001006,HOU,21
0022001010,LAL,20
0022001005,MIA,22
0022001006,MIL,14
0022001005,MIN,24
0022001009,NYK,25
0022001004,ORL,24
0022001003,PHI,19
0022000160,BOS,15
0022001007,CLE,18
0022001003,NOP,21
0022000160,CHI,20
0022001007,DAL,22
0022001008,DEN,16
0022001009,PHX,17
0022001010,POR,20
0022001011,SAC,19
0022001011,SAS,12
0022001008,UTA,20
0022001004,CHA,23
0022001016,HOU,15
0022001015,BKN,24
0022001012,IND,24
0022001013,PHI,18
0022001015,DEN,23
0022001017,GSW,19
0022001018,POR,15
0022001018,SAS,24
0022001017,OKC,16
0022001014,TOR,21
0022001016,UTA,13
0022001014,MEM,21
0022001012,WAS,24
0022001013,DET,25
0022001019,LAC,12
0022001024,LAL,21
0022000145,MIA,20
0022001022,MIN,20
0022001019,NYK,17
0022001022,ORL,20
0022000145,BOS,22
0022001021,CLE,12
0022001020,NOP,20
0022001023,CHI,22
0022001021,DAL,24
0022001024,PHX,29
0022001025,SAC,19
0022001025,OKC,18
0022001023,DET,14
0022001020,CHA,19
0022001031,HOU,26
0022001029,MIL,13
0022001027,IND,21
0022001026,ATL,17
0022001027,CLE,13
0022001028,NOP,18
0022001030,GSW,20
0022001031,POR,18
0022001029,SAS,16
0022001030,UTA,20
0022001028,MEM,17
0022001026,WAS,21
0022001034,LAC,17
0022001041,LAL,17
0022001032,MIA,21
0022001038,MIL,15
0022001033,MIN,22
0022001036,BKN,19
0022001041,NYK,21
0022001038,ORL,20
0022001035,IND,15
0022001035,PHI,17
0022001032,BOS,21
0022001036,CHI,20
0022001037,DAL,15
0022000448,DEN,19
0022001039,GSW,20
0022001039,PHX,20
0022001040,SAC,21
0022001040,OKC,18
0022001034,TOR,22
0022001037,MEM,16
0022001033,DET,23
0022000448,CHA,17
0022001046,HOU,23
0022001046,LAL,20
0022001043,BKN,19
0022001042,ATL,21
0022001044,BOS,23
0022001044,CLE,13
0022000154,NOP,18
0022000154,DAL,27
0022001045,POR,18
0022001043,SAS,19
0022001045,UTA,22
0022001042,WAS,20
0022001047,LAC,17
0022001050,MIA,15
0022001048,MIL,10
0022001052,MIN,17
0022000458,NYK,19
0022001049,ORL,16
0022001048,IND,22
0022001050,PHI,18
0022001049,ATL,16
0022001051,CHI,15
0022001052,DEN,25
0022001053,PHX,17
0022001053,POR,18
0022000255,SAC,16
0022000458,SAS,16
0022001051,TOR,14
0022000255,MEM,13
0022001047,CHA,15
0022001058,HOU,20
0022001058,LAC,15
0022001055,ORL,15
0022001055,PHI,25
0022000204,CLE,21
0022001059,NOP,23
0022001057,DAL,18
0022001054,DEN,17
0022001059,GSW,21
0022000263,SAC,21
0022001056,OKC,20
0022001057,TOR,18
0022001056,UTA,17
0022000263,MEM,20
0022000204,WAS,19
0022001054,DET,13
0022001061,LAL,15
0022001062,MIA,18
0022001062,MIL,15
0022001063,MIN,19
0022001060,BKN,16
0022001064,NYK,20
0022001061,IND,23
0022001063,BOS,24
0022001060,CHI,13
0022001065,PHX,15
0022001065,SAS,17
0022001064,CHA,18
0022001066,HOU,18
0022001074,LAC,14
0022001072,LAL,16
0022001069,MIA,19
0022001068,MIL,16
0022001071,MIN,22
0022001067,BKN,20
0022001073,NYK,17
0022001075,ORL,25
0022001079,IND,19
0022001075,PHI,27
0022001066,ATL,16
0022001073,BOS,19
0022001067,CLE,14
0022001072,NOP,18
0022001068,CHI,20
0022001071,DAL,19
0022001076,DEN,20
0022001070,GSW,19
0022001078,PHX,13
0022001076,POR,16
0022001077,SAC,22
0022001078,SAS,8
0022001074,OKC,11
0022001079,TOR,12
0022001077,UTA,14
0022001070,MEM,21
0022001080,WAS,20
0022001069,DET,21
0022001080,CHA,15
0022100002,GSW,18
0022100001,BKN,17
0022100001,MIL,19
0022100002,LAL,25
0022100008,HOU,25
0022100005,BOS,24
0022100010,SAS,22
0022100003,CHA,21
0022100009,NOP,16
0022100012,DEN,20
0022100013,SAC,22
0022100013,POR,22
0022100010,ORL,20
0022100005,NYK,22
0022100007,MEM,15
0022100009,PHI,11
0022100004,DET,16
0022100012,PHX,18
0022100008,MIN,22
0022100011,UTA,19
0022100006,WAS,17
0022100011,OKC,15
0022100007,CLE,17
0022100006,TOR,21
0022100004,CHI,19
0022100003,IND,24
0022100015,MIL,26
0022100015,MIA,26
0022100014,DAL,21
0022100014,ATL,16
0022100016,LAC,25
0022100016,GSW,20
0022100025,PHX,22
0022100021,PHI,21
0022100018,ORL,18
0022100018,NYK,19
0022100019,WAS,21
0022100021,BKN,16
0022100025,LAL,26
0022100026,UTA,17
0022100024,DEN,21
0022100020,TOR,13
0022100017,CHA,16
0022100022,CHI,14
0022100022,NOP,20
0022100024,SAS,17
0022100023,OKC,21
0022100023,HOU,18
0022100020,BOS,19
0022100026,SAC,22
0022100019,IND,22
0022100017,CLE,15
0022100028,IND,18
0022100032,SAS,18
0022100031,NOP,22
0022100028,MIA,25
0022100033,POR,15
0022100033,PHX,19
0022100032,MIL,15
0022100027,CLE,16
0022100027,ATL,23
0022100031,MIN,25
0022100030,DET,17
0022100029,TOR,23
0022100034,MEM,19
0022100029,DAL,22
0022100034,LAC,21
0022100030,CHI,17
0022100040,MEM,20
0022100035,CHA,17
0022100036,ORL,25
0022100036,NYK,21
0022100038,OKC,17
0022100039,GSW,13
0022100037,HOU,20
0022100039,SAC,16
0022100037,BOS,22
0022100038,PHI,17
0022100040,LAL,14
0022100035,BKN,19
0022100045,ORL,22
0022100042,IND,24
0022100047,NOP,20
0022100044,WAS,17
0022100045,MIA,19
0022100042,MIL,19
0022100049,LAC,23
0022100043,DET,15
0022100041,CHA,25
0022100048,DEN,22
0022100047,MIN,19
0022100046,TOR,18
0022100048,CLE,18
0022100049,POR,18
0022100046,CHI,16
0022100044,BKN,19
0022100043,ATL,19
0022100041,BOS,23
0022100053,SAS,22
0022100050,PHI,14
0022100050,NYK,18
0022100053,LAL,21
0022100052,HOU,21
0022100054,UTA,22
0022100051,OKC,18
0022100052,DAL,22
0022100051,GSW,20
0022100054,DEN,23
0022100061,OKC,16
0022100057,BKN,24
0022100060,MIN,20
0022100060,MIL,18
0022100057,MIA,19
0022100055,CHA,14
0022100058,TOR,20
0022100062,SAC,20
0022100063,MEM,25
0022100062,PHX,16
0022100059,NOP,19
0022100056,WAS,20
0022100064,LAC,24
0022100059,ATL,14
0022100064,CLE,14
0022100061,LAL,22
0022100058,IND,19
0022100063,POR,20
0022100056,BOS,21
0022100055,ORL,21
0022100067,CHI,18
0022100065,DET,22
0022100069,DAL,19
0022100066,WAS,16
0022100067,NYK,21
0022100069,SAS,16
0022100070,MEM,14
0022100068,UTA,23
0022100068,HOU,24
0022100070,GSW,17
0022100066,ATL,16
0022100065,PHI,23
0022100077,CLE,13
0022100073,CHA,17
0022100072,IND,27
0022100071,TOR,18
0022100072,BKN,21
0022100076,LAC,14
0022100074,NOP,22
0022100077,LAL,20
0022100074,SAC,20
0022100075,DEN,24
0022100075,DAL,17
0022100076,POR,19
0022100071,ORL,24
0022100073,MIA,20
0022100084,MEM,17
0022100085,SAS,13
0022100087,DEN,15
0022100080,NOP,24
0022100079,DET,18
0022100081,TOR,17
0022100082,ATL,17
0022100088,CLE,21
0022100085,MIL,18
0022100082,PHI,24
0022100078,WAS,22
0022100088,PHX,14
0022100080,NYK,21
0022100083,UTA,21
0022100087,MIN,23
0022100086,OKC,8
0022100086,GSW,21
0022100081,IND,17
0022100083,CHI,19
0022100084,MIA,17
0022100078,BOS,32
0022100079,ORL,21
0022100093,HOU,18
0022100091,UTA,10
0022100092,DET,18
0022100090,CHA,18
0022100089,DAL,20
0022100089,SAC,19
0022100093,LAL,20
0022100091,MIL,22
0022100092,BKN,19
0022100090,POR,18
0022100101,ORL,19
0022100099,TOR,20
0022100101,MIN,20
0022100095,SAS,9
0022100096,POR,15
0022100096,PHI,18
0022100095,IND,19
0022100097,WAS,24
0022100098,CHI,19
0022100094,CHA,23
0022100098,BOS,15
0022100100,MEM,18
0022100102,OKC,18
0022100102,LAC,14
0022100099,NYK,13
0022100100,DEN,10
0022100097,ATL,17
0022100094,CLE,14
0022100107,HOU,21
0022100104,DAL,21
0022100103,DET,22
0022100106,NOP,16
0022100105,UTA,23
0022100106,PHX,17
0022100104,MIA,25
0022100107,LAL,19
0022100105,SAC,24
0022100103,MIL,23
0022100115,LAC,14
0022100113,ATL,16
0022100109,IND,22
0022100110,BOS,20
0022100109,NYK,19
0022100111,CHI,17
0022100108,CLE,14
0022100118,NOP,16
0022100116,DAL,23
0022100113,BKN,18
0022100110,ORL,20
0022100108,POR,19
0022100118,SAC,21
0022100111,PHI,15
0022100116,SAS,24
0022100114,MEM,16
0022100117,CHA,14
0022100115,MIN,16
0022100112,WAS,15
0022100114,DEN,16
0022100112,TOR,23
0022100117,GSW,17
0022100123,OKC,16
0022100121,BOS,16
0022100119,DET,18
0022100122,HOU,21
0022100120,UTA,20
0022100121,MIA,19
0022100122,PHX,24
0022100123,LAL,21
0022100120,ATL,24
0022100119,PHI,17
0022100128,NYK,17
0022100129,LAC,16
0022100124,DET,22
0022100128,MIL,20
0022100125,SAS,14
0022100131,POR,15
0022100131,IND,18
0022100132,CHA,19
0022100125,ORL,13
0022100127,TOR,19
0022100130,GSW,16
0022100130,NOP,18
0022100129,MIN,33
0022100127,CLE,13
0022100126,WAS,13
0022100126,MEM,15
0022100124,BKN,21
0022100132,SAC,21
0022100138,POR,21
0022100134,UTA,19
0022100135,CHI,19
0022100137,ATL,16
0022100138,LAL,17
0022100137,PHX,22
0022100136,DAL,18
0022100135,PHI,22
0022100136,BOS,14
0022100133,HOU,16
0022100133,DEN,20
0022100134,MIA,18
0022100142,WAS,16
0022100139,TOR,16
0022100140,CLE,18
0022100141,UTA,17
0022100143,SAC,18
0022100143,IND,24
0022100144,OKC,14
0022100140,NYK,14
0022100145,HOU,16
0022100145,GSW,28
0022100146,CHA,21
0022100144,SAS,16
0022100139,BKN,15
0022100141,ORL,22
0022100142,MIL,10
0022100146,LAC,16
0022100154,CHA,23
0022100151,DEN,23
0022100149,MEM,22
0022100148,CHI,17
0022100147,PHI,13
0022100147,NYK,18
0022100153,SAC,18
0022100153,PHX,21
0022100152,GSW,22
0022100150,DAL,15
0022100148,BKN,16
0022100150,NOP,16
0022100151,MIA,20
0022100152,ATL,16
0022100149,MIN,27
0022100154,LAL,23
0022100155,PHI,20
0022100155,MIL,10
0022100157,LAC,17
0022100156,UTA,20
0022100157,POR,15
0022100156,ATL,18
0022100170,MIA,25
0022100170,LAL,27
0022100161,NYK,17
0022100169,GSW,21
0022100159,ORL,18
0022100161,MIL,17
0022100159,BKN,18
0022100167,DEN,14
0022100168,POR,21
0022100168,PHX,20
0022100166,SAS,16
0022100166,SAC,26
0022100160,TOR,17
0022100158,WAS,20
0022100165,OKC,23
0022100163,DAL,16
0022100163,CHI,15
0022100167,IND,19
0022100169,MIN,28
0022100162,DET,26
0022100165,NOP,20
0022100160,BOS,13
0022100164,CHA,16
0022100158,CLE,18
0022100162,HOU,20
0022100164,MEM,18
0022100173,LAC,14
0022100172,UTA,16
0022100171,TOR,18
0022100173,MIA,21
0022100171,PHI,16
0022100172,IND,23
0022100184,MIN,21
0022100175,BOS,12
0022100184,LAL,14
0022100179,NOP,26
0022100174,CHA,18
0022100178,MEM,16
0022100177,HOU,23
0022100180,OKC,18
0022100181,DAL,18
0022100182,DEN,21
0022100175,MIL,19
0022100176,DET,13
0022100179,BKN,20
0022100183,GSW,15
0022100181,SAS,17
0022100182,ATL,20
0022100183,CHI,16
0022100177,POR,27
0022100180,SAC,12
0022100178,PHX,22
0022100176,CLE,11
0022100174,NYK,22
0022100185,UTA,19
0022100191,LAC,17
0022100187,WAS,17
0022100186,PHI,22
0022100186,IND,21
0022100190,CLE,19
0022100190,BOS,16
0022100188,MEM,19
0022100191,MIN,15
0022100189,DET,23
0022100185,MIA,25
0022100188,NOP,22
0022100187,ORL,15
0022100189,TOR,25
0022100192,SAS,17
0022100193,ATL,19
0022100196,OKC,22
0022100195,HOU,19
0022100197,DEN,14
0022100192,LAL,16
0022100193,MIL,17
0022100198,LAC,15
0022100197,POR,15
0022100194,CHA,21
0022100195,PHX,19
0022100198,CHI,20
0022100196,BKN,15
0022100194,GSW,17
0022100209,CHI,21
0022100207,OKC,15
0022100206,PHX,23
0022100203,IND,15
0022100202,ATL,17
0022100203,NYK,15
0022100206,MIN,28
0022100208,TOR,17
0022100200,DET,10
0022100202,ORL,27
0022100199,CLE,18
0022100199,BOS,16
0022100201,WAS,22
0022100209,LAL,15
0022100204,DEN,16
0022100204,DAL,19
0022100205,MEM,21
0022100207,MIA,13
0022100208,POR,15
0022100205,HOU,16
0022100201,NOP,25
0022100200,SAC,17
0022100210,GSW,27
0022100211,UTA,20
0022100212,LAC,13
0022100210,BKN,23
0022100212,SAS,17
0022100211,PHI,16
0022100219,MIL,10
0022100217,NOP,21
0022100219,LAL,19
0022100220,SAC,22
0022100216,CLE,17
0022100218,ORL,19
0022100218,NYK,20
0022100214,DET,20
0022100222,DAL,14
0022100223,CHI,23
0022100220,MIN,24
0022100215,BOS,17
0022100215,ATL,17
0022100216,BKN,20
0022100217,MIA,25
0022100223,POR,19
0022100222,PHX,9
0022100221,OKC,19
0022100221,HOU,14
0022100213,CHA,16
0022100214,IND,22
0022100213,WAS,12
0022100225,WAS,19
0022100227,SAS,12
0022100228,DEN,14
0022100227,MIN,17
0022100224,GSW,17
0022100228,PHI,18
0022100224,CLE,11
0022100226,MEM,17
0022100229,UTA,18
0022100229,TOR,13
0022100226,LAC,15
0022100225,MIA,13
0022100232,BOS,20
0022100234,OKC,22
0022100233,ORL,25
0022100233,BKN,19
0022100230,CHA,26
0022100237,DAL,17
0022100238,TOR,24
0022100232,LAL,29
0022100235,LAC,12
0022100236,DEN,22
0022100237,PHX,22
0022100236,CHI,20
0022100231,DET,22
0022100235,NOP,12
0022100234,MIL,18
0022100238,SAC,18
0022100231,GSW,23
0022100230,IND,24
0022100241,WAS,19
0022100244,ORL,24
0022100245,MEM,24
0022100239,HOU,21
0022100244,MIL,18
0022100240,NOP,14
0022100246,POR,21
0022100246,PHI,24
0022100247,UTA,16
0022100242,CHA,22
0022100243,OKC,15
0022100240,IND,16
0022100239,NYK,23
0022100243,BOS,11
0022100247,SAC,14
0022100245,MIN,26
0022100241,MIA,26
0022100242,ATL,22
0022100249,DET,24
0022100250,CHI,26
0022100251,DEN,22
0022100250,NYK,25
0022100248,LAC,15
0022100251,PHX,20
0022100252,TOR,21
0022100248,DAL,21
0022100252,GSW,18
0022100249,LAL,21
0022100258,ORL,17
0022100259,NOP,23
0022100253,CLE,16
0022100258,MIL,22
0022100257,CHI,16
0022100262,SAC,19
0022100260,SAS,16
0022100262,PHI,20
0022100260,PHX,18
0022100255,OKC,15
0022100256,HOU,20
0022100253,BKN,23
0022100259,MIN,20
0022100257,IND,15
0022100256,BOS,24
0022100255,ATL,16
0022100261,MEM,20
0022100261,UTA,20
0022100254,CHA,22
0022100254,WAS,20
0022100264,NYK,23
0022100263,DET,23
0022100264,LAL,17
0022100265,DEN,15
0022100266,LAC,24
0022100265,POR,18
0022100266,DAL,23
0022100263,MIA,19
0022100268,IND,25
0022100274,MIN,26
0022100273,DET,18
0022100274,MIA,25
0022100270,BOS,24
0022100269,CHA,16
0022100268,LAL,21
0022100278,GSW,21
0022100267,CLE,23
0022100279,SAC,21
0022100279,POR,26
0022100277,ATL,11
0022100277,SAS,16
0022100270,BKN,23
0022100267,PHX,23
0022100275,WAS,23
0022100271,HOU,16
0022100278,PHI,22
0022100271,CHI,22
0022100276,UTA,15
0022100272,MEM,20
0022100276,OKC,18
0022100272,TOR,20
0022100275,NOP,26
0022100273,MIL,18
0022100269,ORL,19
0022100291,SAC,26
0022100288,DEN,19
0022100281,CHA,21
0022100282,PHX,19
0022100283,CHI,24
0022100284,TOR,18
0022100282,NYK,20
0022100290,GSW,19
0022100291,LAL,27
0022100287,BOS,20
0022100285,MEM,19
0022100287,SAS,15
0022100289,UTA,22
0022100283,ORL,16
0022100288,MIL,14
0022100290,POR,13
0022100280,DET,19
0022100286,WAS,15
0022100284,IND,19
0022100289,NOP,21
0022100285,ATL,15
0022100286,OKC,15
0022100280,LAC,27
0022100281,MIN,20
0022100296,CHI,20
0022100292,PHI,25
0022100294,PHX,17
0022100293,ATL,17
0022100295,CLE,18
0022100292,MIN,31
0022100294,BKN,15
0022100293,NYK,17
0022100295,ORL,16
0022100299,UTA,25
0022100296,MIA,19
0022100298,WAS,18
0022100297,CHA,23
0022100299,NOP,20
0022100298,DAL,21
0022100297,HOU,25
0022100304,DET,20
0022100301,IND,21
0022100301,MIL,14
0022100303,MEM,25
0022100302,TOR,24
0022100300,LAC,21
0022100300,GSW,27
0022100302,BOS,19
0022100303,SAC,18
0022100304,LAL,18
0022100306,DEN,18
0022100309,IND,18
0022100305,PHI,19
0022100309,MIN,25
0022100305,ORL,21
0022100312,UTA,19
0022100311,WAS,15
0022100310,DAL,15
0022100313,LAC,16
0022100307,CHA,14
0022100310,CLE,22
0022100306,MIA,18
0022100308,OKC,14
0022100313,NOP,21
0022100308,HOU,19
0022100312,POR,18
0022100311,SAS,15
0022100307,CHI,19
0022100318,SAC,21
0022100314,NYK,21
0022100314,BKN,14
0022100316,GSW,13
0022100317,DET,20
0022100318,LAL,20
0022100316,PHX,12
0022100315,MEM,15
0022100315,TOR,21
0022100317,POR,22
0022100323,CLE,15
0022100324,CHA,21
0022100321,WAS,23
0022100320,DEN,19
0022100319,ATL,15
0022100322,BOS,15
0022100327,LAC,15
0022100319,IND,18
0022100322,PHI,17
0022100323,MIA,17
0022100325,DAL,19
0022100325,NOP,12
0022100320,ORL,15
0022100326,OKC,21
0022100327,SAC,16
0022100326,HOU,25
0022100321,MIN,23
0022100324,MIL,20
0022100329,TOR,24
0022100328,CHI,22
0022100331,DET,22
0022100332,SAS,15
0022100332,POR,20
0022100328,NYK,20
0022100330,MEM,15
0022100329,MIL,12
0022100330,OKC,14
0022100331,PHX,20
0022100341,LAC,19
0022100333,IND,19
0022100336,BKN,31
0022100336,MIN,25
0022100337,HOU,16
0022100333,MIA,22
0022100335,ATL,20
0022100340,GSW,29
0022100335,PHI,24
0022100339,UTA,27
0022100334,WAS,22
0022100338,DAL,23
0022100338,NOP,26
0022100340,PHX,15
0022100337,ORL,21
0022100341,LAL,19
0022100339,BOS,22
0022100334,CLE,19
0022100344,MIL,22
0022100344,MIA,17
0022100343,CHI,12
0022100342,DEN,19
0022100347,BOS,21
0022100348,LAC,24
0022100346,GSW,18
0022100347,POR,21
0022100343,BKN,19
0022100345,MEM,23
0022100342,NYK,12
0022100346,SAS,17
0022100348,SAC,25
0022100345,DAL,21
0022100350,CHA,18
0022100349,UTA,14
0022100352,HOU,23
0022100352,NOP,26
0022100351,WAS,22
0022100349,CLE,8
0022100351,TOR,24
0022100350,ATL,19
0022100356,MEM,18
0022100358,CLE,17
0022100359,ATL,20
0022100361,GSW,19
0022100355,WAS,19
0022100353,CHA,18
0022100360,SAS,18
0022100362,LAC,21
0022100360,PHX,20
0022100359,MIN,17
0022100358,MIL,20
0022100357,DEN,17
0022100357,CHI,15
0022100361,ORL,20
0022100362,POR,19
0022100354,DET,26
0022100356,MIA,19
0022100355,IND,20
0022100354,OKC,13
0022100353,PHI,19
0022100365,BOS,16
0022100363,DAL,15
0022100364,SAS,18
0022100364,NYK,19
0022100365,LAL,21
0022100363,BKN,22
0022100370,MIL,20
0022100370,MIA,23
0022100374,UTA,20
0022100372,HOU,23
0022100369,IND,19
0022100377,SAC,22
0022100369,NYK,20
0022100366,CHA,24
0022100376,GSW,19
0022100377,ORL,18
0022100378,LAC,18
0022100367,CHI,17
0022100375,DEN,19
0022100367,CLE,22
0022100373,MEM,23
0022100375,NOP,22
0022100376,POR,24
0022100372,BKN,23
0022100378,BOS,21
0022100371,TOR,19
0022100371,OKC,18
0022100374,MIN,17
0022100373,DAL,21
0022100368,DET,26
0022100368,WAS,21
0022100366,PHI,21
0022100380,MEM,14
0022100379,UTA,14
0022100381,DEN,21
0022100381,SAS,21
0022100379,PHI,20
0022100380,LAL,15
0022100389,OKC,17
0022100386,HOU,28
0022100387,CLE,23
0022100384,ATL,19
0022100385,TOR,19
0022100383,DAL,18
0022100390,BOS,17
0022100382,CHA,20
0022100384,BKN,22
0022100390,PHX,21
0022100387,MIN,19
0022100388,DET,15
0022100383,IND,19
0022100386,MIL,21
0022100389,LAL,14
0022100385,NYK,17
0022100388,NOP,16
0022100382,SAC,20
0022100394,CHI,15
0022100391,LAC,17
0022100396,GSW,22
0022100393,CLE,24
0022100397,DEN,25
0022100393,SAC,21
0022100394,MIA,21
0022100397,SAS,18
0022100396,PHI,16
0022100395,MEM,24
0022100391,ORL,11
0022100392,WAS,15
0022100395,HOU,25
0022100392,UTA,14
0022100403,ORL,13
0022100398,NYK,16
0022100402,POR,25
0022100399,DET,22
0022100398,MIL,12
0022100403,LAL,17
0022100402,MIN,22
0022100401,NOP,17
0022100401,SAS,19
0022100400,OKC,25
0022100400,DAL,18
0022100399,BKN,20
0022100404,CLE,16
0022100408,BOS,15
0022100405,GSW,25
0022100409,MEM,20
0022100412,LAC,20
0022100406,TOR,19
0022100407,HOU,24
0022100408,MIL,14
0022100404,MIA,15
0022100410,CHA,18
0022100411,WAS,26
0022100405,IND,18
0022100407,ATL,26
0022100412,PHX,23
0022100406,SAC,16
0022100409,PHI,19
0022100411,DEN,19
0022100410,DAL,19
0022100413,TOR,21
0022100414,GSW,22
0022100416,POR,18
0022100416,PHX,24
0022100414,NYK,21
0022100413,BKN,20
0022100420,DAL,21
0022100419,PHI,19
0022100421,IND,16
0022100424,DEN,15
0022100418,ATL,16
0022100421,MIL,11
0022100419,MIA,18
0022100426,MEM,21
0022100427,WAS,22
0022100423,CHA,16
0022100418,ORL,17
0022100417,HOU,21
0022100422,OKC,25
0022100420,LAL,20
0022100424,MIN,23
0022100417,CLE,25
0022100425,UTA,18
0022100422,NOP,19
0022100425,LAC,22
0022100426,POR,21
0022100427,SAC,21
0022100423,SAS,14
0022100429,PHI,22
0022100431,HOU,25
0022100428,DET,23
0022100429,BKN,15
0022100432,WAS,21
0022100431,NYK,26
0022100432,PHX,23
0022100428,IND,21
0022100436,MIN,25
0022100433,ORL,19
0022100438,NOP,13
0022100436,LAL,22
0022100433,MIA,14
0022100439,CHA,19
0022100440,MEM,21
0022100437,UTA,18
0022100434,DEN,22
0022100435,GSW,25
0022100438,MIL,19
0022100434,ATL,17
0022100435,BOS,19
0022100437,SAS,18
0022100440,SAC,20
0022100439,POR,20
0022100446,CLE,13
0022100442,ORL,14
0022100445,BOS,20
0022100442,BKN,14
0022100445,NYK,21
0022100446,MIL,15
0022100443,TOR,21
0022100441,DET,24
0022100444,OKC,18
0022100444,LAC,16
0022100443,GSW,21
0022100447,WAS,23
0022100447,UTA,23
0022100441,HOU,18
0022100448,CHI,17
0022100449,DET,28
0022100455,DAL,25
0022100456,CHA,12
0022100450,MEM,22
0022100451,SAS,12
0022100451,SAC,19
0022100448,LAL,25
0022100455,MIN,22
0022100450,POR,18
0022100449,MIA,27
0022100456,PHX,21
0022100457,BOS,23
0022100462,GSW,18
0022100463,LAC,15
0022100457,PHI,23
0022100459,HOU,17
0022100462,SAC,9
0022100459,CHI,23
0022100463,SAS,19
0022100460,MEM,21
0022100461,CHA,25
0022100460,OKC,17
0022100461,UTA,14
0022100469,PHX,18
0022100465,IND,13
0022100468,DAL,22
0022100466,DET,18
0022100465,MIA,21
0022100469,LAL,18
0022100467,NOP,19
0022100467,POR,17
0022100468,MIN,22
0022100466,NYK,19
0022100473,HOU,21
0022100470,ATL,19
0022100475,LAC,15
0022100470,ORL,24
0022100471,CLE,15
0022100471,BOS,24
0022100474,OKC,25
0022100473,MIL,24
0022100475,SAC,15
0022100474,DEN,18
0022100487,SAS,21
0022100479,DET,25
0022100481,DAL,21
0022100484,UTA,17
0022100480,WAS,18
0022100477,NOP,13
0022100476,HOU,17
0022100478,ATL,19
0022100483,OKC,10
0022100487,LAL,20
0022100478,PHI,13
0022100477,ORL,26
0022100481,MIL,16
0022100482,CHA,21
0022100485,MEM,20
0022100476,IND,21
0022100483,PHX,22
0022100484,MIN,19
0022100485,GSW,19
0022100480,NYK,21
0022100479,MIA,25
0022100482,DEN,22
0022100491,BKN,25
0022100489,BOS,23
0022100491,LAL,23
0022100488,ATL,12
0022100490,GSW,22
0022100488,NYK,13
0022100489,MIL,20
0022100492,UTA,24
0022100490,PHX,17
0022100492,DAL,31
0022100493,ORL,19
0022100493,MIA,19
0022100499,CHI,20
0022100495,WAS,18
0022100496,MEM,19
0022100498,DET,30
0022100494,TOR,13
0022100497,OKC,23
0022100499,IND,16
0022100500,LAC,22
0022100500,DEN,20
0022100497,NOP,19
0022100494,CLE,17
0022100496,SAC,23
0022100495,PHI,23
0022100498,SAS,28
0022100503,BOS,16
0022100507,LAC,17
0022100505,MEM,23
0022100506,DAL,31
0022100504,UTA,15
0022100502,CHI,19
0022100503,MIN,17
0022100502,ATL,14
0022100506,POR,28
0022100501,CHA,18
0022100507,BKN,25
0022100504,SAS,24
0022100505,PHX,16
0022100501,HOU,15
0022100511,HOU,20
0022100509,WAS,20
0022100508,ORL,25
0022100512,NYK,20
0022100512,MIN,22
0022100508,MIL,20
0022100510,TOR,24
0022100515,OKC,21
0022100513,NOP,16
0022100513,CLE,19
0022100514,GSW,20
0022100514,DEN,19
0022100511,LAL,23
0022100515,SAC,22
0022100510,PHI,18
0022100509,MIA,13
0022100520,MEM,11
0022100516,DET,23
0022100517,CHA,20
0022100522,OKC,24
0022100523,UTA,20
0022100524,DAL,19
0022100519,CHI,18
0022100518,LAC,12
0022100519,ATL,17
0022100524,SAC,21
0022100518,BOS,16
0022100522,PHX,15
0022100523,POR,28
0022100520,LAL,25
0022100516,NYK,14
0022100517,IND,20
0022100526,ORL,26
0022100525,PHI,20
0022100526,MIL,19
0022100525,BKN,22
0022100527,WAS,19
0022100527,CLE,17
0022100538,POR,22
0022100532,HOU,27
0022100537,UTA,20
0022100536,OKC,17
0022100530,CHI,19
0022100529,BOS,18
0022100538,LAL,21
0022100531,DAL,14
0022100535,MEM,18
0022100533,CLE,18
0022100529,PHX,21
0022100533,ATL,23
0022100530,IND,22
0022100531,SAC,16
0022100532,MIA,16
0022100534,TOR,18
0022100536,NYK,12
0022100534,LAC,24
0022100537,MIN,30
0022100535,SAS,15
0022100539,NOP,16
0022100542,LAC,19
0022100540,DET,23
0022100539,MIL,20
0022100541,WAS,22
0022100543,HOU,24
0022100544,UTA,21
0022100543,DEN,23
0022100542,BKN,20
0022100544,GSW,24
0022100541,CHI,24
0022100540,SAS,27
0022100551,MIN,22
0022100548,SAC,18
0022100551,LAL,16
0022100545,TOR,27
0022100546,BOS,23
0022100547,CLE,11
0022100549,CHA,15
0022100548,MIA,18
0022100546,ORL,24
0022100547,IND,24
0022100550,OKC,16
0022100550,DAL,12
0022100545,NYK,26
0022100549,PHX,21
0022100559,GSW,17
0022100556,DET,21
0022100561,LAC,10
0022100554,MEM,21
0022100555,CHI,16
0022100552,HOU,16
0022100560,ATL,24
0022100560,POR,19
0022100557,UTA,24
0022100555,ORL,17
0022100558,DEN,24
0022100558,DAL,21
0022100559,MIA,13
0022100552,PHI,21
0022100561,MIN,14
0022100557,NOP,21
0022100554,BKN,20
0022100553,CHA,22
0022100556,MIL,12
0022100553,WAS,12
0022100566,SAC,18
0022100564,IND,20
0022100564,NYK,23
0022100565,NOP,21
0022100566,LAL,16
0022100563,TOR,20
0022100562,MEM,18
0022100565,PHX,24
0022100563,SAS,23
0022100562,CLE,14
0022100576,POR,23
0022100573,TOR,20
0022100574,OKC,18
0022100571,IND,19
0022100568,PHI,16
0022100571,BKN,20
0022100568,ORL,30
0022100576,MIA,21
0022100577,ATL,14
0022100570,BOS,12
0022100577,SAC,20
0022100570,SAS,13
0022100572,GSW,20
0022100575,UTA,18
0022100572,DAL,15
0022100569,WAS,27
0022100574,MIN,16
0022100573,MIL,18
0022100575,DEN,21
0022100569,HOU,24
0022100567,CHA,21
0022100567,DET,21
0022100578,BOS,16
0022100581,LAC,16
0022100578,NYK,17
0022100580,GSW,24
0022100580,NOP,18
0022100581,PHX,20
0022100579,DET,14
0022100579,MEM,18
0022100589,ATL,18
0022100583,BKN,16
0022100587,OKC,23
0022100583,MIL,20
0022100582,SAS,21
0022100590,CLE,15
0022100588,DEN,20
0022100582,PHI,18
0022100589,LAL,26
0022100590,POR,19
0022100585,WAS,15
0022100586,HOU,20
0022100588,SAC,19
0022100586,DAL,24
0022100587,MIN,18
0022100584,UTA,21
0022100584,TOR,17
0022100585,CHI,21
0022100596,PHX,14
0022100592,CHA,25
0022100595,BOS,15
0022100593,DET,21
0022100594,UTA,25
0022100596,MIA,18
0022100595,NYK,15
0022100591,MEM,21
0022100594,IND,21
0022100591,LAC,23
0022100593,ORL,20
0022100592,MIL,20
0022100606,MEM,22
0022100600,HOU,17
0022100602,SAS,19
0022100598,WAS,21
0022100605,SAC,17
0022100605,POR,23
0022100602,BKN,18
0022100597,LAC,18
0022100604,GSW,20
0022100599,TOR,20
0022100603,DAL,14
0022100603,CHI,15
0022100601,OKC,13
0022100604,CLE,10
0022100600,MIN,22
0022100597,ATL,14
0022100601,DEN,14
0022100599,NOP,18
0022100606,LAL,25
0022100598,ORL,21
0022100607,CHA,16
0022100486,POR,17
0022100610,SAS,18
0022100609,BOS,19
0022100711,HOU,11
0022100486,BKN,22
0022100611,CLE,18
0022100610,NYK,22
0022100609,IND,21
0022100611,SAC,16
0022100711,PHI,21
0022100608,DET,20
0022100608,UTA,16
0022100607,MIL,17
0022100615,NOP,26
0022100613,TOR,20
0022100615,MIN,24
0022100415,DET,20
0022100616,LAC,22
0022100614,MEM,18
0022100616,DEN,19
0022100612,WAS,15
0022100613,PHX,23
0022100614,GSW,19
0022100612,OKC,20
0022100415,CHI,23
0022100626,SAC,20
0022100621,ATL,15
0022100625,CHI,20
0022100622,DAL,18
0022100620,WAS,14
0022100618,BOS,22
0022100619,CHA,21
0022100626,LAL,19
0022100623,HOU,24
0022100621,MIA,20
0022100618,IND,24
0022100624,UTA,16
0022100625,BKN,21
0022100622,NYK,21
0022100623,SAS,24
0022100624,CLE,17
0022100620,ORL,16
0022100619,PHI,13
0022100627,GSW,15
0022100628,MEM,15
0022100630,OKC,19
0022100631,DEN,25
0022100629,LAC,16
0022100631,POR,18
0022100627,MIL,16
0022100629,NOP,18
0022100630,BKN,19
0022100628,MIN,26
0022100636,ATL,27
0022100632,CHA,20
0022100634,PHX,18
0022100635,BOS,21
0022100634,IND,20
0022100640,HOU,19
0022100638,CLE,13
0022100636,MIA,27
0022100635,PHI,19
0022100638,SAS,24
0022100637,GSW,17
0022100639,MEM,16
0022100637,CHI,19
0022100640,SAC,23
0022100633,DET,25
0022100639,DAL,19
0022100633,TOR,24
0022100632,ORL,18
0022100649,DEN,17
0022100645,PHI,22
0022100641,TOR,25
0022100644,NOP,18
0022100643,ATL,20
0022100650,DAL,18
0022100645,MIA,18
0022100642,WAS,26
0022100648,LAC,21
0022100643,NYK,20
0022100647,CHI,19
0022100646,OKC,21
0022100644,BKN,21
0022100647,BOS,15
0022100650,ORL,26
0022100649,LAL,15
0022100648,SAS,12
0022100646,CLE,13
0022100641,MIL,23
0022100642,POR,25
0022100652,GSW,17
0022100617,DET,20
0022100651,HOU,20
0022100653,UTA,16
0022100652,MIN,21
0022100651,SAC,24
0022100653,DEN,22
0022100617,PHX,26
0022100665,UTA,21
0022100662,TOR,21
0022100660,ATL,18
0022100657,CLE,14
0022100655,CHA,14
0022100661,POR,17
0022100659,LAC,18
0022100656,WAS,18
0022100664,SAS,16
0022100661,ORL,15
0022100664,PHX,18
0022100660,MIL,28
0022100654,NOP,15
0022100657,BKN,22
0022100654,BOS,18
0022100658,MEM,13
0022100663,OKC,23
0022100659,IND,23
0022100663,DAL,19
0022100662,MIA,18
0022100665,LAL,19
0022100658,CHI,15
0022100656,PHI,26
0022100655,NYK,19
0022100666,NYK,30
0022100666,MIN,25
0022100667,DET,23
0022100667,GSW,25
0022100680,IND,22
0022100672,POR,22
0022100674,MEM,20
0022100670,ATL,23
0022100669,WAS,19
0022100668,PHI,15
0022100680,LAL,18
0022100668,ORL,19
0022100672,MIA,15
0022100679,DET,26
0022100676,OKC,14
0022100670,MIN,24
0022100671,CHA,17
0022100673,CHI,18
0022100673,CLE,15
0022100675,TOR,21
0022100678,LAC,24
0022100677,UTA,16
0022100678,DEN,15
0022100676,SAS,17
0022100675,DAL,20
0022100677,HOU,18
0022100674,MIL,21
0022100669,BKN,25
0022100679,SAC,17
0022100671,BOS,20
0022100681,NOP,26
0022100683,GSW,28
0022100682,DAL,22
0022100681,NYK,21
0022100682,PHX,21
0022100683,IND,23
0022100685,ORL,21
0022100687,ATL,17
0022100690,CHI,21
0022100691,SAS,13
0022100685,LAL,24
0022100686,LAC,21
0022100688,BOS,24
0022100691,BKN,17
0022100687,MIA,22
0022100688,POR,21
0022100690,MIL,17
0022100692,MEM,24
0022100694,HOU,15
0022100694,GSW,18
0022100686,PHI,17
0022100684,CHA,18
0022100689,WAS,16
0022100693,DET,24
0022100692,DEN,25
0022100689,TOR,15
0022100693,UTA,21
0022100684,OKC,21
0022100696,SAC,20
0022100697,PHX,19
0022100697,IND,18
0022100696,MIL,14
0022100695,OKC,28
0022100695,CLE,20
0022100700,MIA,31
0022100700,LAL,20
0022100706,BKN,29
0022100706,MIN,17
0022100698,LAC,19
0022100701,CHI,22
0022100704,SAS,15
0022100702,TOR,18
0022100704,PHI,19
0022100703,CHA,24
0022100699,WAS,14
0022100701,ORL,25
0022100705,MEM,25
0022100707,DET,29
0022100708,UTA,13
0022100698,NYK,22
0022100702,POR,17
0022100708,GSW,19
0022100705,DAL,23
0022100699,BOS,16
0022100707,DEN,22
0022100703,ATL,22
0022100709,CLE,18
0022100712,NOP,22
0022100713,UTA,15
0022100709,NYK,19
0022100712,IND,28
0022100730,OKC,15
0022100730,CHI,23
0022100713,PHX,17
0022100718,BKN,12
0022100721,POR,24
0022100718,LAL,19
0022100454,NOP,25
0022100721,MIN,19
0022100717,BOS,12
0022100719,HOU,12
0022100717,SAC,14
0022100454,PHI,22
0022100720,GSW,17
0022100714,DET,25
0022100720,DAL,17
0022100719,SAS,22
0022100716,WAS,24
0022100715,CHA,20
0022100716,LAC,29
0022100714,DEN,17
0022100715,TOR,22
0022100727,NYK,23
0022100722,CLE,19
0022100453,DEN,21
0022100727,MIA,23
0022100724,LAC,22
0022100723,CHA,29
0022100731,UTA,28
0022100732,DAL,21
0022100725,ATL,18
0022100728,MEM,18
0022100725,SAC,20
0022100722,MIL,19
0022100472,TOR,17
0022100732,POR,21
0022100453,BKN,25
0022100724,ORL,23
0022100472,CHI,22
0022100731,PHX,20
0022100728,SAS,19
0022100723,IND,31
0022100733,PHI,14
0022100734,GSW,23
0022100733,LAL,16
0022100734,MIN,15
0022100735,CHA,24
0022100738,LAC,21
0022100744,NYK,23
0022100743,PHX,22
0022100744,MIL,24
0022100736,DET,24
0022100741,OKC,27
0022100743,MIN,26
0022100739,HOU,22
0022100742,CHI,16
0022100737,BOS,25
0022100737,ATL,21
0022100729,DEN,22
0022100742,SAS,18
0022100729,NOP,19
0022100739,POR,24
0022100738,MIA,23
0022100741,IND,20
0022100740,MEM,19
0022100740,UTA,16
0022100736,ORL,22
0022100735,LAL,23
0022100748,TOR,22
0022100750,GSW,23
0022100746,DAL,19
0022100747,SAC,21
0022100747,PHI,17
0022100745,NOP,14
0022100745,BOS,19
0022100746,IND,21
0022100750,BKN,15
0022100748,MIA,26
0022100749,WAS,12
0022100749,MEM,21
0022100751,ATL,21
0022100756,DEN,15
0022100757,UTA,24
0022100755,DAL,19
0022100758,SAS,15
0022100753,CHI,16
0022100758,PHX,12
0022100751,LAL,24
0022100754,DET,21
0022100753,POR,12
0022100755,ORL,16
0022100756,MIL,10
0022100752,CHA,15
0022100757,MIN,15
0022100754,CLE,20
0022100752,LAC,23
0022100762,BOS,15
0022100763,SAC,23
0022100760,LAC,15
0022100761,MEM,15
0022100765,OKC,13
0022100763,NYK,20
0022100767,TOR,15
0022100762,MIA,22
0022100759,NOP,18
0022100759,CLE,19
0022100764,HOU,19
0022100764,GSW,24
0022100760,IND,12
0022100765,POR,20
0022100767,ATL,20
0022100761,PHI,23
0022100784,TOR,24
0022100768,WAS,16
0022100770,DEN,17
0022100772,PHX,19
0022100769,CHI,15
0022100772,BKN,27
0022100771,GSW,17
0022100766,DET,25
0022100769,ORL,18
0022100770,MIN,21
0022100771,SAS,17
0022100784,MIA,25
0022100768,MIL,17
0022100766,NOP,17
0022100781,POR,28
0022100780,SAC,15
0022100776,MEM,18
0022100773,IND,19
0022100773,ORL,21
0022100774,WAS,14
0022100781,LAL,18
0022100780,BKN,16
0022100775,CHA,20
0022100777,HOU,23
0022100778,OKC,16
0022100779,UTA,12
0022100777,CLE,27
0022100778,DAL,21
0022100779,DEN,20
0022100776,NYK,19
0022100774,PHI,20
0022100775,BOS,21
0022100786,LAC,22
0022100521,SAS,19
0022100782,DET,24
0022100783,ATL,21
0022100785,GSW,19
0022100521,MIA,27
0022100783,PHX,20
0022100430,TOR,17
0022100785,SAC,16
0022100786,LAL,13
0022100430,CHI,19
0022100782,MIN,18
0022100793,UTA,16
0022100789,CHI,17
0022100791,DAL,18
0022100795,OKC,18
0022100792,HOU,20
0022100790,TOR,18
0022100788,DET,24
0022100787,CHA,22
0022100794,DEN,20
0022100789,IND,19
0022100791,PHI,22
0022100794,NOP,18
0022100792,SAS,25
0022100795,POR,18
0022100790,ATL,16
0022100793,BKN,12
0022100788,BOS,17
0022100787,CLE,17
0022100799,NYK,26
0022100797,CHA,19
0022100800,POR,18
0022100799,LAL,23
0022100796,MEM,21
0022100798,WAS,17
0022100800,MIL,18
0022100801,OKC,16
0022100801,SAC,15
0022100796,ORL,20
0022100798,PHX,16
0022100797,MIA,17
0022100809,LAC,20
0022100803,DET,22
0022100804,DEN,20
0022100806,BOS,17
0022100805,CLE,22
0022100802,CHI,19
0022100807,DAL,25
0022100806,ORL,16
0022100805,IND,26
0022100808,HOU,23
0022100802,PHI,17
0022100807,ATL,18
0022100804,BKN,19
0022100808,NOP,23
0022100809,MIL,15
0022100803,MIN,19
0022100811,WAS,18
0022100814,UTA,26
0022100812,CHI,18
0022100812,PHX,23
0022100813,OKC,14
0022100813,GSW,19
0022100810,CHA,19
0022100814,NYK,23
0022100811,MIA,23
0022100810,TOR,20
0022100822,MIL,24
0022100822,LAL,20
0022100824,SAC,20
0022100817,BOS,14
0022100821,DEN,18
0022100823,POR,12
0022100816,ATL,26
0022100815,PHX,15
0022100815,PHI,22
0022100823,ORL,18
0022100824,MIN,24
0022100816,IND,16
0022100817,BKN,18
0022100819,HOU,23
0022100820,DET,24
0022100821,NYK,25
0022100819,NOP,29
0022100818,MEM,18
0022100818,LAC,17
0022100820,DAL,18
0022100829,POR,15
0022100830,SAC,19
0022100829,LAL,15
0022100830,MIN,21
0022100825,CLE,12
0022100825,SAS,17
0022100826,CHA,16
0022100828,UTA,16
0022100827,TOR,16
0022100827,OKC,17
0022100828,GSW,19
0022100826,CHI,17
0022100833,NOP,23
0022100836,PHX,22
0022100832,WAS,23
0022100837,GSW,24
0022100836,MIL,22
0022100833,MIA,19
0022100835,LAC,25
0022100837,NYK,18
0022100834,TOR,28
0022100835,DAL,23
0022100834,HOU,20
0022100831,DET,29
0022100832,BKN,21
0022100831,MEM,23
0022100843,CHI,15
0022100844,UTA,14
0022100839,CLE,16
0022100840,OKC,21
0022100841,ATL,18
0022100841,SAS,21
0022100842,DEN,22
0022100839,IND,25
0022100843,MIN,12
0022100842,BOS,20
0022100840,PHI,16
0022100844,ORL,15
0022100838,CHA,22
0022100838,DET,20
0022100854,GSW,24
0022100851,BKN,27
0022100851,MIA,21
0022100845,POR,26
0022100855,PHX,19
0022100849,CLE,16
0022100855,ORL,9
0022100845,NYK,24
0022100847,WAS,19
0022100848,NOP,19
0022100849,PHI,21
0022100848,SAS,19
0022100852,OKC,15
0022100853,LAC,20
0022100850,TOR,19
0022100854,LAL,24
0022100853,DAL,17
0022100852,CHI,19
0022100850,DEN,16
0022100846,CHA,29
0022100847,SAC,20
0022100846,MEM,26
0022100857,IND,21
0022100857,MIN,25
0022100856,BOS,15
0022100856,ATL,22
0022100862,POR,19
0022100859,SAC,17
0022100860,OKC,19
0022100864,DEN,18
0022100862,MIL,18
0022100859,BKN,22
0022100861,CHI,19
0022100863,TOR,14
0022100861,SAS,15
0022100864,ORL,19
0022100866,LAC,18
0022100865,UTA,22
0022100866,GSW,18
0022100860,NYK,25
0022100863,NOP,24
0022100865,HOU,20
0022100858,DET,19
0022100858,WAS,16
0022100868,DAL,26
0022100870,IND,23
0022100871,CHA,30
0022100870,MIL,17
0022100869,BOS,25
0022100873,LAC,12
0022100867,CLE,23
0022100869,PHI,17
0022100867,ATL,18
0022100872,MEM,24
0022100868,MIA,23
0022100873,PHX,12
0022100872,NOP,23
0022100871,MIN,26
0022100884,UTA,22
0022100880,TOR,21
0022100877,NYK,17
0022100877,BKN,16
0022100874,ATL,20
0022100876,WAS,20
0022100882,HOU,27
0022100879,MEM,26
0022100878,CHI,16
0022100881,OKC,19
0022100874,ORL,19
0022100875,DET,17
0022100878,SAC,14
0022100883,GSW,21
0022100883,DEN,18
0022100882,PHX,20
0022100881,SAS,15
0022100880,MIN,18
0022100884,LAL,18
0022100879,POR,27
0022100876,IND,14
0022100875,BOS,14
0022100885,CHA,28
0022100887,PHI,23
0022100464,WAS,21
0022100887,MIL,22
0022100886,DAL,22
0022100886,NOP,18
0022100888,LAC,16
0022100888,HOU,20
0022100464,BKN,20
0022100885,MIA,23
0022100892,MEM,21
0022100890,BOS,20
0022100893,OKC,19
0022100894,GSW,23
0022100895,DEN,24
0022100891,CHI,20
0022100890,BKN,16
0022100889,DET,24
0022100891,ATL,18
0022100895,SAC,17
0022100894,POR,29
0022100893,PHX,12
0022100892,MIN,27
0022100889,CLE,21
0022100904,LAC,19
0022100900,NYK,30
0022100901,PHI,23
0022100900,MIA,28
0022100898,HOU,24
0022100897,OKC,19
0022100901,MIN,27
0022100902,NOP,18
0022100899,WAS,29
0022100902,PHX,27
0022100903,UTA,14
0022100898,ORL,22
0022100904,LAL,17
0022100897,IND,19
0022100896,CHA,20
0022100903,DAL,21
0022100899,SAS,22
0022100896,TOR,12
0022100908,SAS,31
0022100910,BKN,24
0022100910,MIL,26
0022100911,DEN,25
0022100908,MIA,20
0022100906,TOR,26
0022100905,DET,22
0022100907,WAS,24
0022100909,MEM,24
0022100911,SAC,25
0022100906,ATL,19
0022100909,CHI,17
0022100907,CLE,10
0022100905,BOS,21
0022100919,NOP,19
0022100912,PHI,26
0022100914,BOS,13
0022100912,NYK,24
0022100913,UTA,16
0022100918,DEN,20
0022100914,IND,23
0022100919,LAL,18
0022100917,GSW,23
0022100918,POR,25
0022100917,DAL,18
0022100916,LAC,22
0022100916,HOU,21
0022100913,PHX,19
0022100915,CHA,19
0022100915,DET,29
0022100922,CHI,24
0022100924,CHA,27
0022100920,CLE,17
0022100726,TOR,20
0022100921,IND,18
0022100921,ORL,19
0022100925,OKC,26
0022100923,MEM,18
0022100920,MIN,31
0022100922,MIA,18
0022100925,SAC,25
0022100726,BKN,20
0022100923,SAS,18
0022100924,MIL,28
0022100931,DAL,19
0022100930,GSW,25
0022100928,TOR,19
0022100927,BOS,20
0022100927,ATL,20
0022100931,LAL,20
0022100930,MIN,20
0022100929,LAC,19
0022100929,HOU,18
0022100928,BKN,21
0022100926,DET,21
0022100926,WAS,22
0022100936,MIL,16
0022100936,MIA,22
0022100934,PHI,25
0022100933,IND,19
0022100933,ORL,28
0022100934,NYK,25
0022100939,POR,23
0022100939,PHX,21
0022100937,NOP,23
0022100932,CHA,21
0022100937,SAC,19
0022100938,OKC,15
0022100935,UTA,24
0022100938,DEN,19
0022100935,HOU,25
0022100932,CLE,18
0022100945,LAC,22
0022100941,BKN,24
0022100941,MIA,22
0022100944,SAS,24
0022100944,SAC,13
0022100710,CHI,19
0022100940,MEM,16
0022100710,ATL,15
0022100943,GSW,19
0022100943,DAL,16
0022100945,LAL,17
0022100942,DET,29
0022100940,BOS,15
0022100942,TOR,22
0022100949,CHI,23
0022100951,OKC,16
0022100953,PHX,22
0022100458,TOR,18
0022100946,DET,22
0022100947,CLE,22
0022100953,NYK,22
0022100948,WAS,29
0022100947,PHI,24
0022100950,UTA,14
0022100949,MIL,18
0022100952,HOU,21
0022100952,DEN,21
0022100951,MIN,17
0022100458,ORL,18
0022100950,NOP,23
0022100948,ATL,16
0022100946,IND,16
0022100959,GSW,20
0022100956,PHI,17
0022100958,POR,23
0022100957,MEM,14
0022100956,MIA,19
0022100958,MIN,21
0022100954,DAL,22
0022100955,CHA,16
0022100954,SAC,28
0022100959,LAL,18
0022100957,ORL,20
0022100955,SAS,18
0022100961,PHX,20
0022100960,BOS,19
0022100966,LAC,23
0022100963,WAS,16
0022100961,MIL,19
0022100960,BKN,26
0022100962,TOR,20
0022100967,DEN,26
0022100967,NOP,30
0022100964,MEM,27
0022100966,NYK,18
0022100965,UTA,21
0022100962,CLE,22
0022100965,OKC,19
0022100964,HOU,22
0022100963,IND,22
0022100973,SAS,18
0022100970,HOU,24
0022100971,POR,30
0022100974,SAC,16
0022100969,CHI,24
0022100971,MIN,25
0022100974,NYK,31
0022100973,LAL,26
0022100968,DET,27
0022100969,PHI,19
0022100972,UTA,20
0022100528,GSW,30
0022100528,DEN,25
0022100970,MIA,17
0022100972,DAL,21
0022100968,ATL,25
0022100979,OKC,20
0022100975,CHA,24
0022100977,PHX,20
0022100976,CLE,16
0022100977,ORL,20
0022100976,IND,20
0022100978,MEM,20
0022100980,LAC,12
0022100980,GSW,20
0022100979,MIL,18
0022100978,NOP,18
0022100975,BKN,20
0022100985,HOU,21
0022100983,PHX,18
0022100984,ATL,20
0022100986,OKC,18
0022100988,DAL,24
0022100987,NOP,22
0022100983,MIA,9
0022100990,UTA,23
0022100991,DEN,20
0022100989,TOR,23
0022100984,MIL,19
0022100981,CHA,15
0022100987,ORL,20
0022100982,DET,25
0022100988,NYK,25
0022100991,SAC,22
0022100985,LAL,21
0022100992,WAS,13
0022100986,MIN,18
0022100989,SAS,18
0022100990,POR,23
0022100992,LAC,15
0022100982,CHI,15
0022100981,BOS,20
0022100993,PHI,19
0022100993,BKN,22
0022100994,GSW,25
0022100994,DEN,20
0022101004,WAS,18
0022100998,CLE,23
0022100995,ORL,11
0022101000,MEM,27
0022100995,MIN,24
0022101003,TOR,19
0022101002,UTA,26
0022100996,LAC,20
0022100997,DET,22
0022100998,MIA,26
0022101001,CHA,23
0022100999,HOU,23
0022100999,DAL,21
0022100996,ATL,19
0022101003,PHX,23
0022101002,SAS,20
0022101000,NYK,31
0022101004,LAL,25
0022100997,BOS,19
0022101001,NOP,21
0022101005,MIN,19
0022101008,GSW,19
0022101005,MIA,24
0022101007,SAS,15
0022101011,WAS,16
0022101010,UTA,20
0022101007,IND,20
0022101006,CHI,18
0022101006,CLE,19
0022101009,TOR,23
0022101008,MIL,16
0022101009,DEN,23
0022101010,SAC,20
0022101011,POR,21
0022101019,PHX,24
0022101012,NYK,21
0022101012,BKN,19
0022101015,PHI,17
0022101016,ATL,21
0022101015,ORL,27
0022101019,LAL,14
0022101016,IND,21
0022101014,DAL,16
0022101017,HOU,26
0022101014,BOS,12
0022101017,NOP,20
0022101013,DET,18
0022101018,MEM,20
0022101018,OKC,21
0022101013,LAC,15
0022101028,TOR,20
0022101027,UTA,23
0022101024,SAS,24
0022101022,DEN,24
0022101021,ATL,15
0022101026,CHI,20
0022101024,MIN,20
0022101021,POR,25
0022101020,LAC,24
0022101026,SAC,21
0022101022,PHI,17
0022101025,WAS,18
0022101020,CLE,19
0022101023,CHA,17
0022101028,LAL,27
0022101027,MIL,19
0022101025,GSW,21
0022101023,OKC,19
0022101031,DET,30
0022101030,ORL,25
0022101030,BKN,23
0022101029,MEM,16
0022101032,NOP,19
0022101032,PHX,22
0022101029,IND,21
0022101031,MIA,21
0022101039,MIN,23
0022101043,SAC,21
0022101039,LAL,25
0022101036,DAL,17
0022101037,POR,31
0022101034,CLE,17
0022101038,HOU,13
0022101037,NYK,14
0022101043,MIL,19
0022101040,OKC,18
0022101033,CHA,18
0022101042,GSW,21
0022101034,PHI,25
0022101041,UTA,18
0022101036,BKN,21
0022101035,WAS,18
0022101042,BOS,15
0022101038,PHX,18
0022101044,TOR,12
0022101040,SAS,18
0022101044,LAC,15
0022101041,CHI,22
0022101035,DEN,25
0022101033,ATL,23
0022101045,DET,21
0022101045,ORL,21
0022101051,TOR,19
0022101052,OKC,10
0022101048,POR,26
0022101050,WAS,27
0022101053,HOU,19
0022101046,DAL,17
0022101056,CHI,18
0022101048,BKN,22
0022101057,BOS,23
0022101054,NOP,21
0022101047,MEM,18
0022101057,SAC,14
0022101049,DEN,24
0022101054,SAS,12
0022101056,PHX,20
0022101046,PHI,21
0022101049,CLE,17
0022101053,IND,26
0022101055,UTA,18
0022101052,MIA,19
0022101051,LAL,19
0022101055,LAC,13
0022101047,ATL,20
0022101050,NYK,20
0022101061,WAS,13
0022101058,MIN,19
0022101058,MIL,18
0022101060,DET,22
0022101059,CHA,18
0022101061,LAL,23
0022101060,CLE,16
0022101059,DAL,26
0022101067,UTA,17
0022101065,OKC,24
0022101062,POR,19
0022101069,TOR,16
0022101066,SAC,21
0022101062,IND,19
0022101066,PHX,30
0022101070,GSW,20
0022101064,NOP,23
0022101068,DEN,15
0022101064,ATL,22
0022101068,BOS,18
0022101070,SAS,18
0022101063,MEM,24
0022101065,ORL,17
0022101069,PHI,23
0022101067,NYK,19
0022101063,HOU,16
0022101072,CLE,19
0022101074,PHI,20
0022101079,DAL,21
0022101075,UTA,16
0022101074,MIA,16
0022101073,DET,34
0022101078,OKC,26
0022101072,LAL,19
0022101071,CHA,19
0022101076,TOR,20
0022101079,MIN,18
0022101077,WAS,15
0022101078,BOS,18
0022101076,CHI,14
0022101075,BKN,19
0022101077,HOU,22
0022101073,POR,26
0022101071,NOP,16
0022101082,CHI,12
0022101081,ATL,18
0022101080,GSW,23
0022101081,NYK,23
0022101082,MIL,12
0022101083,LAC,19
0022101080,ORL,14
0022101083,DEN,19
0022101093,PHI,13
0022101088,GSW,24
0022101090,PHX,20
0022101089,MEM,22
0022101084,CHA,18
0022101091,OKC,16
0022101086,SAC,10
0022101093,LAL,19
0022101090,MIN,21
0022101094,SAS,13
0022101086,IND,17
0022101094,POR,21
0022101085,DET,19
0022101087,UTA,14
0022101092,HOU,21
0022101088,MIA,19
0022101092,DAL,24
0022101091,ORL,22
0022101087,BOS,20
0022101089,BKN,20
0022101085,ATL,17
0022101084,NYK,17
0022101097,WAS,17
0022101096,MEM,22
0022101099,DEN,22
0022101095,TOR,22
0022101098,CHI,24
0022101098,NOP,17
0022101099,PHX,23
0022101095,CLE,14
0022101096,IND,19
0022101097,MIL,17
0022101103,NYK,24
0022101104,DAL,19
0022101103,MIA,25
0022101106,LAC,18
0022101105,HOU,22
0022101102,GSW,22
0022101104,MIN,21
0022101102,ATL,18
0022101105,POR,21
0022101106,PHI,18
0022101100,CHA,17
0022101101,DET,20
0022101101,WAS,15
0022101100,UTA,16
0022101111,BKN,22
0022101112,MEM,19
0022101111,MIA,23
0022101108,SAC,12
0022101109,TOR,16
0022101114,HOU,14
0022101108,ORL,20
0022101107,NOP,19
0022101110,CHI,21
0022101107,SAS,17
0022101110,CLE,23
0022101113,OKC,19
0022101114,POR,19
0022101113,DEN,19
0022101109,IND,14
0022101112,MIL,21
0022101119,NOP,13
0022101116,BOS,20
0022101120,CHA,22
0022101115,DET,21
0022101118,PHX,21
0022101118,PHI,19
0022101116,MIN,21
0022101119,LAL,20
0022101121,UTA,20
0022101117,WAS,24
0022101121,DAL,13
0022101117,GSW,24
0022101115,NYK,16
0022101120,BKN,20
0022101125,SAC,12
0022101126,CHI,24
0022101123,CLE,13
0022101124,ATL,19
0022101130,OKC,15
0022101125,MIA,20
0022101128,HOU,24
0022101124,IND,22
0022101127,TOR,28
0022101123,ORL,24
0022101126,NYK,22
0022101122,CHA,21
0022101129,MEM,21
0022101128,SAS,20
0022101130,POR,23
0022101127,BOS,15
0022101129,GSW,27
0022101122,DEN,17
0022101134,DAL,14
0022101131,PHI,19
0022101133,DET,25
0022101131,MIL,17
0022101132,WAS,17
0022101134,LAL,22
0022101135,UTA,24
0022101135,LAC,23
0022101132,CHI,14
0022101133,BKN,19
0022101139,BOS,22
0022101141,TOR,23
0022101140,CHA,21
0022101138,WAS,15
0022101137,DEN,20
0022101145,GSW,24
0022101146,NOP,16
0022101142,HOU,34
0022101144,MEM,15
0022101143,OKC,17
0022101139,MIA,23
0022101136,DAL,17
0022101146,POR,27
0022101136,CLE,15
0022101137,IND,21
0022101145,PHX,19
0022101142,SAC,21
0022101143,ATL,19
0022101141,MIN,19
0022101144,SAS,13
0022101138,ORL,23
0022101140,NYK,19
0022101150,UTA,20
0022101148,BKN,25
0022101148,MIL,14
0022101147,DET,21
0022100452,CLE,20
0022100452,ATL,22
0022101149,LAC,24
0022101149,CHI,17
0022101150,LAL,21
0022101147,PHI,17
0022101160,NOP,21
0022101156,LAC,17
0022101159,DEN,23
0022101151,TOR,14
0022101153,BOS,19
0022101155,MEM,18
0022101158,SAS,16
0022101154,HOU,25
0022101158,POR,20
0022101153,IND,30
0022101160,LAL,24
0022101152,WAS,19
0022101159,MIN,23
0022101154,SAC,19
0022101156,MIL,19
0022101157,DET,20
0022101151,ORL,14
0022101155,PHX,25
0022101152,DAL,16
0022101157,OKC,15
0022101164,CHI,19
0022101163,ATL,18
0022101162,CLE,24
0022101161,CHA,18
0022101163,BKN,29
0022101162,NYK,19
0022101164,MIA,21
0022101165,UTA,17
0022101165,GSW,22
0022101161,PHI,18
0022101168,DEN,18
0022101172,TOR,20
0022101167,DAL,20
0022101173,HOU,24
0022101171,ORL,12
0022101171,NYK,22
0022101169,DET,19
0022101170,CLE,28
0022101174,OKC,18
0022101175,SAS,18
0022101176,GSW,28
0022101175,POR,22
0022101166,WAS,14
0022101170,PHI,19
0022101177,LAC,21
0022101167,MIL,22
0022101168,LAL,25
0022101176,SAC,15
0022101173,MIN,27
0022101177,NOP,13
0022101174,PHX,17
0022101172,MIA,21
0022101166,BOS,20
0022101169,IND,21
0022101189,PHX,22
0022101181,CHA,18
0022101183,CHI,21
0022101184,WAS,25
0022101180,HOU,20
0022101179,CLE,11
0022101178,PHI,14
0022101178,IND,18
0022101189,LAL,14
0022101185,OKC,10
0022101188,NOP,20
0022101186,DEN,19
0022101182,TOR,14
0022101179,ORL,19
0022101188,SAC,20
0022101183,MIL,19
0022101186,SAS,14
0022101180,BKN,23
0022101185,POR,19
0022101182,ATL,22
0022101187,MEM,29
0022101187,UTA,21
0022101184,MIN,16
0022101181,MIA,19
0022101191,NYK,19
0022101191,BKN,26
0022101195,LAC,17
0022101192,WAS,17
0022101193,CHI,22
0022101193,BOS,18
0022101190,DET,21
0022101195,PHX,26
0022101194,UTA,13
0022101194,OKC,22
0022101192,ATL,13
0022101190,DAL,24
0022101202,GSW,26
0022101198,BOS,15
0022101199,SAS,22
0022101196,CHA,17
0022101197,TOR,17
0022101200,NOP,14
0022101199,MIN,29
0022101198,MIL,19
0022101200,POR,27
0022101201,MEM,21
0022101202,LAL,13
0022101197,PHI,18
0022101201,DEN,22
0022101196,ORL,22
0022101211,OKC,26
0022101207,ATL,23
0022101203,DET,22
0022101205,CLE,20
0022101204,WAS,19
0022101210,UTA,18
0022101209,DAL,19
0022101207,MIA,17
0022101205,BKN,20
0022101208,CHA,21
0022101209,POR,23
0022101206,TOR,18
0022101211,LAL,17
0022101206,HOU,19
0022101210,PHX,25
0022101204,NYK,19
0022101203,MIL,20
0022101208,CHI,12
0022101214,PHI,24
0022101214,IND,22
0022101212,LAC,22
0022101215,GSW,22
0022101213,MEM,24
0022101215,SAS,24
0022101212,SAC,16
0022101213,NOP,22
0022101220,DEN,34
0022101227,ORL,16
0022101218,CLE,26
0022101224,CHI,22
0022101216,IND,23
0022101226,TOR,17
0022101227,MIA,13
0022101216,BKN,16
0022101228,DET,16
0022101229,SAC,18
0022101230,UTA,16
0022101229,PHX,25
0022101219,DAL,16
0022101221,HOU,19
0022101223,MEM,16
0022101218,MIL,14
0022101225,GSW,15
0022101224,MIN,23
0022101219,SAS,17
0022101220,LAL,24
0022101225,NOP,17
0022101221,ATL,19
0022101222,OKC,16
0022101222,LAC,11
0022101226,NYK,17
0022101230,POR,27
0022101223,BOS,20
0022101217,CHA,20
0022101228,PHI,23
0022101217,WAS,16
0022200002,GSW,23
0022200001,BOS,24
0022200001,PHI,25
0022200002,LAL,18
0022200007,CHI,26
0022200010,OKC,26
0022200006,NOP,21
0022200009,MEM,17
0022200003,DET,21
0022200004,WAS,19
0022200013,DAL,22
0022200014,SAC,25
0022200014,POR,17
0022200011,CHA,20
0022200005,HOU,20
0022200008,TOR,23
0022200006,BKN,25
0022200007,MIA,24
0022200013,PHX,29
0022200012,UTA,21
0022200005,ATL,18
0022200010,MIN,21
0022200008,CLE,21
0022200012,DEN,23
0022200009,NYK,26
0022200004,IND,20
0022200003,ORL,24
0022200011,SAS,19
0022200016,LAC,24
0022200015,PHI,14
0022200015,MIL,16
0022200016,LAL,24
0022200022,BOS,23
0022200025,UTA,23
0022200021,TOR,21
0022200023,DET,21
0022200020,ATL,22
0022200018,SAS,22
0022200027,POR,19
0022200027,PHX,29
0022200018,IND,34
0022200020,ORL,19
0022200022,MIA,18
0022200017,CHA,24
0022200019,WAS,22
0022200026,GSW,23
0022200026,DEN,22
0022200024,MEM,21
0022200021,BKN,19
0022200025,MIN,22
0022200024,HOU,22
0022200019,CHI,15
0022200023,NYK,26
0022200017,NOP,14
0022200031,TOR,25
0022200033,HOU,22
0022200030,BOS,21
0022200029,DET,20
0022200028,SAS,20
0022200036,LAC,21
0022200028,PHI,15
0022200030,ORL,24
0022200032,CHI,19
0022200032,CLE,17
0022200034,MEM,29
0022200035,OKC,27
0022200033,MIL,22
0022200036,SAC,21
0022200035,DEN,21
0022200031,MIA,26
0022200034,DAL,24
0022200029,IND,21
0022200037,POR,20
0022200041,OKC,15
0022200043,LAC,18
0022200037,LAL,24
0022200042,GSW,21
0022200038,CHA,24
0022200039,WAS,24
0022200040,UTA,20
0022200042,SAC,29
0022200043,PHX,18
0022200041,MIN,17
0022200040,NOP,22
0022200039,CLE,20
0022200038,ATL,21
0022200045,TOR,22
0022200050,SAS,21
0022200049,MEM,22
0022200046,ORL,23
0022200046,NYK,24
0022200044,PHI,20
0022200044,IND,23
0022200051,DEN,28
0022200050,MIN,18
0022200047,CHI,18
0022200047,BOS,24
0022200051,POR,15
0022200048,UTA,27
0022200045,MIA,15
0022200048,HOU,20
0022200049,BKN,30
0022200055,GSW,28
0022200053,DAL,16
0022200053,NOP,21
0022200055,PHX,19
0022200054,OKC,13
0022200054,LAC,18
0022200052,DET,26
0022200052,WAS,21
0022200064,DEN,17
0022200065,POR,17
0022200060,BKN,24
0022200062,SAS,18
0022200060,MIL,22
0022200058,CHA,24
0022200056,CLE,22
0022200061,CHI,25
0022200059,TOR,21
0022200065,MIA,22
0022200062,MIN,19
0022200057,DET,25
0022200056,ORL,29
0022200061,IND,18
0022200064,LAL,16
0022200063,UTA,28
0022200059,PHI,12
0022200063,HOU,30
0022200057,ATL,20
0022200058,NYK,24
0022200068,GSW,13
0022200066,DAL,23
0022200069,MEM,18
0022200066,BKN,28
0022200068,MIA,15
0022200067,OKC,21
0022200067,LAC,17
0022200069,SAC,20
0022200076,MIN,21
0022200075,NYK,19
0022200076,LAL,21
0022200075,MIL,23
0022200071,CHA,18
0022200074,WAS,23
0022200073,TOR,15
0022200079,NOP,21
0022200080,HOU,18
0022200077,CHI,19
0022200070,DET,22
0022200072,CLE,28
0022200072,BOS,27
0022200079,PHX,18
0022200077,SAS,17
0022200078,UTA,30
0022200080,POR,19
0022200073,PHI,20
0022200078,DEN,18
0022200074,IND,19
0022200070,ATL,26
0022200071,ORL,22
0022200081,SAC,29
0022200085,ATL,23
0022200083,IND,25
0022200083,BKN,20
0022200084,CHI,20
0022200081,MIA,25
0022200085,MIL,18
0022200084,PHI,22
0022200086,OKC,29
0022200082,CHA,14
0022200086,DAL,30
0022200087,MEM,26
0022200087,UTA,17
0022200082,GSW,31
0022200095,DEN,15
0022200092,SAS,21
0022200090,CLE,22
0022200093,DAL,22
0022200094,HOU,25
0022200092,MIN,23
0022200089,WAS,20
0022200090,NYK,25
0022200088,LAC,15
0022200093,ORL,23
0022200095,LAL,17
0022200091,DET,25
0022200094,PHX,22
0022200088,NOP,15
0022200089,BOS,15
0022200091,GSW,24
0022200100,DET,24
0022200098,IND,24
0022200098,BKN,18
0022200097,WAS,18
0022200096,CHA,26
0022200099,TOR,22
0022200102,LAC,18
0022200102,HOU,16
0022200099,ATL,27
0022200101,MEM,17
0022200101,UTA,30
0022200097,PHI,20
0022200100,MIL,21
0022200096,SAC,19
0022200104,GSW,22
0022200106,PHX,20
0022200103,CHI,13
0022200105,OKC,17
0022200106,MIN,24
0022200103,BKN,20
0022200104,MIA,16
0022200105,ORL,14
0022200117,NOP,20
0022200109,SAC,18
0022200113,DET,22
0022200110,ATL,18
0022200108,WAS,18
0022200116,MEM,19
0022200109,MIA,20
0022200114,TOR,17
0022200110,NYK,19
0022200107,CLE,23
0022200107,BOS,24
0022200117,LAL,17
0022200111,CHA,14
0022200115,UTA,17
0022200112,LAC,20
0022200112,HOU,22
0022200114,SAS,20
0022200115,DAL,14
0022200116,POR,17
0022200108,PHI,25
0022200113,MIL,16
0022200111,CHI,18
0022200118,GSW,32
0022200119,OKC,19
0022200118,ORL,22
0022200119,DEN,15
0022200131,UTA,22
0022200121,IND,19
0022200129,MIN,25
0022200129,MIL,22
0022200123,WAS,15
0022200122,PHI,25
0022200121,MIA,22
0022200122,NYK,21
0022200130,POR,24
0022200130,PHX,22
0022200126,LAC,25
0022200124,CHI,28
0022200120,DET,22
0022200128,GSW,25
0022200124,BOS,23
0022200127,TOR,22
0022200128,NOP,21
0022200126,SAS,17
0022200127,DAL,21
0022200131,LAL,17
0022200125,CHA,17
0022200123,BKN,19
0022200120,CLE,15
0022200125,MEM,20
0022200136,OKC,18
0022200137,HOU,18
0022200133,CHA,21
0022200135,BOS,17
0022200132,SAC,20
0022200139,POR,26
0022200139,PHX,22
0022200132,ORL,26
0022200138,DEN,15
0022200134,NOP,24
0022200135,NYK,14
0022200134,ATL,23
0022200138,SAS,13
0022200137,MIN,27
0022200136,MIL,16
0022200133,BKN,21
0022200140,CLE,20
0022200140,LAL,26
0022200141,TOR,16
0022200143,UTA,15
0022200141,CHI,20
0022200143,LAC,26
0022200142,WAS,21
0022200142,MEM,17
0022200157,UTA,23
0022200150,POR,16
0022200149,ATL,18
0022200153,NYK,23
0022200155,DAL,20
0022200153,MIN,18
0022200145,HOU,23
0022200147,NOP,20
0022200148,PHX,24
0022200148,PHI,17
0022200150,MIA,18
0022200156,GSW,21
0022200154,DEN,14
0022200149,MIL,18
0022200152,MEM,23
0022200158,LAC,19
0022200147,IND,19
0022200151,TOR,20
0022200155,BKN,26
0022200154,SAS,17
0022200156,SAC,20
0022200145,ORL,25
0022200158,CLE,21
0022200146,DET,19
0022200151,CHI,21
0022200157,LAL,21
0022200152,BOS,19
0022200144,CHA,23
0022200146,OKC,26
0022200144,WAS,18
0022200170,LAC,24
0022200168,OKC,26
0022200167,PHX,21
0022200164,NYK,18
0022200164,BKN,22
0022200161,DAL,19
0022200160,DEN,15
0022200167,MIN,22
0022200159,CHA,22
0022200171,CLE,23
0022200169,MEM,22
0022200162,UTA,20
0022200163,DET,19
0022200171,SAC,20
0022200166,CHI,23
0022200166,NOP,18
0022200161,ORL,20
0022200160,IND,23
0022200165,TOR,26
0022200170,LAL,20
0022200168,MIL,23
0022200165,HOU,18
0022200162,ATL,16
0022200169,SAS,17
0022200163,BOS,25
0022200159,POR,19
0022200174,CHA,30
0022200173,ATL,22
0022200175,NOP,21
0022200173,PHI,22
0022200175,POR,14
0022200172,WAS,21
0022200172,DAL,13
0022200174,MIA,25
0022200183,SAC,17
0022200180,SAS,22
0022200181,MEM,19
0022200178,DET,23
0022200177,PHX,14
0022200177,ORL,11
0022200183,LAL,22
0022200180,MIL,14
0022200176,DEN,16
0022200182,GSW,27
0022200176,BOS,19
0022200182,CLE,17
0022200179,TOR,16
0022200179,OKC,27
0022200181,MIN,25
0022200178,NYK,31
0022200189,CHA,21
0022200184,LAC,17
0022200187,TOR,18
0022200188,ATL,19
0022200190,DAL,27
0022200188,PHI,26
0022200186,DET,23
0022200191,HOU,23
0022200190,POR,21
0022200191,NOP,23
0022200184,BKN,18
0022200187,IND,23
0022200185,WAS,14
0022200185,UTA,17
0022200186,BOS,17
0022200189,MIA,19
0022200198,BKN,17
0022200193,CLE,22
0022200198,LAL,22
0022200192,OKC,27
0022200195,UTA,17
0022200197,GSW,20
0022200193,MIN,30
0022200196,DEN,17
0022200196,CHI,19
0022200197,SAC,17
0022200192,NYK,18
0022200195,PHI,19
0022200194,WAS,15
0022200194,MEM,24
0022200202,PHX,22
0022200204,ATL,23
0022200200,CHA,23
0022200202,MIA,10
0022200205,GSW,17
0022200204,MIL,26
0022200201,OKC,21
0022200205,SAS,17
0022200203,LAC,23
0022200203,HOU,22
0022200201,BOS,20
0022200199,DET,23
0022200199,TOR,27
0022200200,ORL,18
0022200210,SAC,24
0022200208,UTA,22
0022200209,SAS,25
0022200210,BKN,18
0022200209,POR,17
0022200206,MEM,17
0022200207,LAC,27
0022200207,DAL,20
0022200208,NYK,25
0022200206,NOP,20
0022200215,TOR,23
0022200216,CLE,18
0022200212,ORL,26
0022200219,DEN,25
0022200212,MIN,15
0022200211,CHA,23
0022200220,GSW,23
0022200214,BOS,20
0022200214,ATL,11
0022200216,MIL,16
0022200217,CHI,18
0022200217,NOP,18
0022200218,HOU,19
0022200219,NYK,18
0022200220,PHX,22
0022200218,DAL,19
0022200213,WAS,20
0022200215,MIA,20
0022200213,OKC,22
0022200211,IND,18
0022200221,POR,22
0022200221,BKN,24
0022200222,SAS,22
0022200222,SAC,15
0022200223,DET,26
0022200223,LAC,21
0022200234,DET,30
0022200224,WAS,25
0022200226,PHI,18
0022200233,GSW,26
0022200227,CHI,19
0022200228,HOU,24
0022200226,MIL,18
0022200232,UTA,28
0022200231,NOP,18
0022200225,CHA,33
0022200231,BOS,13
0022200227,ORL,25
0022200230,DEN,20
0022200230,DAL,19
0022200233,NYK,16
0022200228,IND,26
0022200229,MEM,13
0022200232,PHX,25
0022200229,OKC,28
0022200224,MIA,15
0022200234,LAL,24
0022200225,CLE,25
0022200237,PHI,24
0022200236,IND,18
0022200236,ORL,17
0022200237,MIN,25
0022200238,UTA,20
0022200239,LAC,20
0022200235,TOR,25
0022200239,SAS,13
0022200235,ATL,20
0022200238,POR,22
0022200247,SAS,17
0022200244,CLE,23
0022200243,MEM,12
0022200240,PHX,22
0022200240,NYK,15
0022200242,DET,24
0022200247,LAL,10
0022200244,MIA,16
0022200246,DEN,20
0022200246,DAL,18
0022200245,HOU,12
0022200245,GSW,22
0022200243,BKN,25
0022200241,CHA,18
0022200242,SAC,18
0022200241,WAS,19
0022200252,MIN,25
0022200251,POR,17
0022200252,MIA,20
0022200254,OKC,18
0022200249,IND,23
0022200249,ORL,25
0022200251,MIL,17
0022200248,CLE,17
0022200250,CHI,19
0022200248,ATL,21
0022200253,GSW,20
0022200250,BOS,18
0022200253,NOP,16
0022200255,UTA,18
0022200254,NYK,28
0022200255,LAC,20
0022200259,PHX,22
0022200256,PHI,12
0022200256,BKN,15
0022200259,LAL,12
0022200257,MEM,23
0022200258,DET,24
0022200257,SAC,25
0022200258,DEN,21
0022200265,WAS,20
0022200267,CHI,20
0022200262,IND,16
0022200266,TOR,13
0022200262,MIN,18
0022200260,CHA,15
0022200261,CLE,14
0022200263,ATL,20
0022200269,NOP,22
0022200263,SAC,23
0022200264,DAL,23
0022200261,POR,24
0022200269,SAS,23
0022200267,MIL,17
0022200264,BOS,22
0022200268,OKC,27
0022200271,LAC,13
0022200271,GSW,26
0022200268,DEN,24
0022200266,BKN,24
0022200270,DET,20
0022200265,MIA,18
0022200270,UTA,21
0022200260,PHI,23
0022200282,SAS,18
0022200277,WAS,18
0022200280,CLE,17
0022200272,CHA,18
0022200276,IND,11
0022200274,POR,24
0022200273,PHI,19
0022200276,BKN,28
0022200273,ORL,15
0022200283,DET,22
0022200274,NYK,35
0022200275,BOS,24
0022200282,LAL,16
0022200278,HOU,29
0022200275,SAC,22
0022200280,MIL,22
0022200279,MEM,20
0022200281,OKC,21
0022200285,LAC,20
0022200284,UTA,15
0022200278,ATL,26
0022200285,DEN,24
0022200281,CHI,24
0022200284,GSW,15
0022200279,NOP,22
0022200277,MIA,19
0022200283,PHX,18
0022200272,MIN,27
0022200288,SAS,32
0022200289,UTA,19
0022200288,LAL,20
0022200286,TOR,21
0022200287,OKC,15
0022200287,HOU,19
0022200286,DAL,26
0022200289,PHX,20
0022200293,ATL,12
0022200298,DAL,17
0022200291,GSW,26
0022200290,POR,16
0022200296,MEM,23
0022200297,PHI,19
0022200292,LAC,18
0022200297,ORL,20
0022200290,BKN,24
0022200293,MIA,16
0022200294,WAS,21
0022200295,DET,26
0022200298,MIL,24
0022200291,MIN,19
0022200292,IND,28
0022200296,NYK,27
0022200294,BOS,23
0022200295,CLE,20
0022200308,IND,24
0022200300,WAS,25
0022200302,ORL,18
0022200302,BKN,19
0022200308,LAL,16
0022200299,ATL,21
0022200307,SAC,15
0022200307,PHX,20
0022200299,PHI,19
0022200301,CHA,14
0022200303,TOR,17
0022200304,OKC,22
0022200306,UTA,17
0022200305,HOU,20
0022200305,DEN,22
0022200304,NOP,18
0022200303,CLE,18
0022200306,CHI,17
0022200300,MIN,23
0022200301,BOS,18
0022200309,DET,17
0022200311,LAC,18
0022200310,GSW,23
0022200310,DAL,21
0022200311,POR,23
0022200309,NYK,19
0022200324,POR,25
0022200314,BOS,18
0022200316,NYK,20
0022200317,MEM,20
0022200315,WAS,21
0022200316,MIL,15
0022200313,ATL,17
0022200323,SAC,25
0022200312,CLE,13
0022200321,CHI,19
0022200324,LAL,18
0022200323,IND,21
0022200319,OKC,20
0022200313,ORL,21
0022200314,MIA,21
0022200312,PHI,11
0022200318,TOR,21
0022200321,PHX,28
0022200320,HOU,20
0022200320,DEN,21
0022200322,UTA,24
0022200319,SAS,20
0022200318,NOP,16
0022200322,LAC,23
0022200317,MIN,25
0022200315,BKN,25
0022200325,DET,26
0022200325,DAL,24
0022200331,MIL,18
0022200328,BOS,18
0022200331,LAL,16
0022200329,TOR,19
0022200330,CLE,14
0022200335,UTA,28
0022200332,MEM,18
0022200334,HOU,22
0022200333,NOP,18
0022200327,DEN,12
0022200328,MIA,24
0022200330,ORL,13
0022200333,SAS,23
0022200336,GSW,19
0022200327,ATL,14
0022200336,CHI,28
0022200334,PHX,28
0022200329,BKN,27
0022200335,IND,35
0022200332,PHI,21
0022200326,CHA,24
0022200326,WAS,23
0022200339,CHA,19
0022200341,OKC,18
0022200337,DAL,20
0022200340,TOR,24
0022200343,UTA,22
0022200338,LAC,23
0022200337,NYK,17
0022200342,HOU,14
0022200342,GSW,24
0022200338,SAC,22
0022200341,MIN,23
0022200340,ORL,20
0022200343,POR,20
0022200339,MIL,17
0022200349,WAS,23
0022200346,BOS,19
0022200348,CLE,15
0022200351,POR,17
0022200345,SAS,24
0022200351,IND,22
0022200350,CHI,16
0022200345,PHX,18
0022200346,BKN,18
0022200348,NYK,16
0022200344,DEN,22
0022200350,SAC,17
0022200344,NOP,22
0022200347,DET,24
0022200349,LAL,14
0022200347,MEM,21
0022200357,MEM,14
0022200353,ORL,19
0022200353,MIL,20
0022200359,GSW,19
0022200356,HOU,27
0022200358,DAL,23
0022200354,OKC,19
0022200355,TOR,20
0022200358,PHX,16
0022200359,IND,18
0022200356,PHI,34
0022200352,CHA,16
0022200354,ATL,24
0022200355,BOS,22
0022200357,MIA,11
0022200352,LAC,17
0022200360,CLE,20
0022200361,DET,19
0022200360,LAL,13
0022200362,DEN,28
0022200362,DAL,32
0022200361,MIA,20
0022200366,TOR,22
0022200369,SAC,17
0022200370,IND,17
0022200364,CHA,18
0022200365,ATL,17
0022200363,LAC,19
0022200370,MIN,21
0022200373,BOS,20
0022200369,MIL,15
0022200365,NYK,23
0022200373,PHX,17
0022200371,DET,23
0022200367,WAS,16
0022200372,UTA,17
0022200363,ORL,21
0022200368,MEM,19
0022200366,LAL,17
0022200372,GSW,18
0022200368,OKC,16
0022200367,CHI,20
0022200371,NOP,21
0022200364,BKN,20
0022200374,LAC,16
0022200376,DEN,16
0022200375,HOU,19
0022200376,POR,20
0022200375,SAS,19
0022200374,MIA,20
0022200382,PHI,30
0022200386,DAL,21
0022200385,UTA,20
0022200380,ATL,18
0022200377,CHA,26
0022200379,TOR,17
0022200378,WAS,19
0022200382,LAL,23
0022200384,NOP,15
0022200381,CLE,23
0022200380,BKN,18
0022200381,SAC,22
0022200384,PHX,25
0022200386,MIL,21
0022200379,ORL,27
0022200385,MIN,21
0022200383,DET,29
0022200378,IND,21
0022200383,MEM,19
0022200377,NYK,21
0022200387,SAS,21
0022200394,POR,24
0022200388,IND,27
0022200388,BKN,24
0022200394,MIN,21
0022200387,MIA,22
0022200392,GSW,20
0022200390,OKC,26
0022200391,DAL,17
0022200391,CHI,17
0022200393,UTA,20
0022200392,BOS,14
0022200389,WAS,15
0022200390,CLE,14
0022200393,DEN,17
0022200389,LAC,16
0022200396,DET,19
0022200401,HOU,17
0022200397,SAC,21
0022200398,TOR,25
0022200399,CHA,24
0022200395,NOP,26
0022200397,NYK,22
0022200400,CHI,21
0022200395,PHX,24
0022200400,ATL,22
0022200401,MIL,12
0022200398,ORL,28
0022200396,LAL,14
0022200399,PHI,24
0022200402,IND,18
0022200407,POR,21
0022200403,WAS,16
0022200402,MIA,17
0022200407,MIN,19
0022200406,CLE,13
0022200404,MEM,17
0022200408,LAC,26
0022200406,SAS,19
0022200405,OKC,22
0022200408,BOS,17
0022200405,DAL,19
0022200404,ATL,17
0022200403,BKN,20
0022200413,BOS,22
0022200410,GSW,22
0022200409,SAC,22
0022200411,HOU,21
0022200409,PHI,21
0022200413,LAL,17
0022200412,UTA,23
0022200410,MIL,18
0022200411,PHX,24
0022200412,NOP,17
0022200419,OKC,16
0022200423,LAC,21
0022200418,CHI,18
0022200416,ATL,21
0022200415,GSW,20
0022200420,SAS,16
0022200417,TOR,18
0022200420,POR,20
0022200416,ORL,22
0022200421,DAL,15
0022200418,NYK,25
0022200421,CLE,20
0022200422,WAS,28
0022200415,IND,25
0022200423,MIN,20
0022200419,MIA,21
0022200417,SAC,16
0022200422,DEN,17
0022200414,CHA,29
0022200414,DET,29
0022200424,HOU,19
0022200425,MEM,19
0022200427,LAC,18
0022200426,UTA,25
0022200424,MIA,19
0022200427,PHX,18
0022200426,NOP,30
0022200425,MIL,18
0022200437,DEN,17
0022200435,OKC,21
0022200433,TOR,19
0022200434,CHI,25
0022200430,BOS,21
0022200431,CLE,15
0022200432,GSW,21
0022200436,DAL,19
0022200429,DET,26
0022200428,CHA,25
0022200430,ORL,26
0022200431,IND,22
0022200434,NYK,13
0022200436,POR,22
0022200437,LAL,21
0022200432,PHI,13
0022200435,MIN,18
0022200433,BKN,25
0022200429,SAC,25
0022200428,ATL,22
0022200439,SAS,19
0022200442,UTA,13
0022200444,NOP,27
0022200441,HOU,18
0022200439,MIA,27
0022200440,DAL,20
0022200444,PHX,13
0022200440,CLE,24
0022200441,POR,20
0022200438,WAS,21
0022200443,MEM,20
0022200442,MIL,13
0022200443,OKC,25
0022200438,LAC,16
0022200451,WAS,20
0022200449,CHI,16
0022200447,DET,19
0022200446,IND,28
0022200445,BOS,17
0022200446,NYK,21
0022200445,ORL,18
0022200449,MIN,21
0022200450,CHA,26
0022200448,TOR,22
0022200448,GSW,21
0022200451,LAL,18
0022200447,BKN,24
0022200450,DEN,17
0022200459,PHX,16
0022200457,NOP,20
0022200456,DAL,23
0022200454,ATL,18
0022200453,TOR,20
0022200459,LAL,16
0022200458,OKC,21
0022200460,CHA,25
0022200455,HOU,16
0022200454,ORL,17
0022200452,UTA,22
0022200457,MIL,21
0022200456,MIN,24
0022200455,SAS,23
0022200458,POR,28
0022200453,PHI,21
0022200452,CLE,20
0022200460,SAC,23
0022200462,CHI,16
0022200463,GSW,22
0022200464,WAS,14
0022200462,MIA,16
0022200465,MEM,21
0022200463,NYK,15
0022200461,DET,19
0022200465,DEN,19
0022200464,PHX,23
0022200461,UTA,22
0022200475,SAC,23
0022200466,CLE,21
0022200473,DAL,12
0022200470,GSW,14
0022200471,TOR,16
0022200472,HOU,23
0022200469,BOS,9
0022200467,DET,15
0022200474,OKC,16
0022200475,LAL,24
0022200468,CHI,15
0022200469,IND,22
0022200466,MIL,23
0022200468,ATL,15
0022200473,MIN,24
0022200470,BKN,23
0022200472,ORL,18
0022200476,CHA,18
0022200474,POR,22
0022200471,NYK,19
0022200467,PHI,23
0022200476,LAC,22
0022200477,NOP,24
0022200477,SAS,24
0022200478,WAS,15
0022200478,UTA,16
0022200492,CHA,21
0022200486,IND,23
0022200483,BKN,18
0022200482,BOS,16
0022200483,MIL,13
0022200485,CHI,22
0022200479,SAS,18
0022200486,MIA,13
0022200480,LAC,16
0022200490,MEM,22
0022200489,DEN,19
0022200491,WAS,23
0022200479,ORL,15
0022200481,DET,19
0022200482,MIN,18
0022200484,TOR,20
0022200488,OKC,26
0022200485,NYK,17
0022200487,HOU,21
0022200489,POR,21
0022200487,DAL,21
0022200480,PHI,20
0022200488,NOP,21
0022200484,CLE,17
0022200490,PHX,26
0022200491,SAC,20
0022200481,ATL,20
0022200492,LAL,19
0022200494,DAL,26
0022200495,BOS,18
0022200493,PHI,19
0022200493,NYK,19
0022200497,DEN,23
0022200495,MIL,16
0022200494,LAL,23
0022200497,PHX,30
0022200496,MEM,23
0022200496,GSW,18
0022200500,MIN,14
0022200500,MIA,17
0022200498,CLE,14
0022200502,NOP,19
0022200504,CHA,21
0022200503,UTA,22
0022200498,BKN,25
0022200502,IND,18
0022200501,HOU,15
0022200501,CHI,19
0022200499,DET,23
0022200503,SAS,25
0022200499,LAC,24
0022200504,POR,20
0022200505,ORL,17
0022200512,DAL,25
0022200505,LAL,16
0022200508,ATL,19
0022200506,WAS,23
0022200510,MEM,23
0022200514,DEN,18
0022200511,OKC,18
0022200508,IND,16
0022200507,HOU,16
0022200512,NYK,23
0022200514,SAC,18
0022200513,CHA,20
0022200507,BOS,14
0022200509,TOR,16
0022200511,SAS,21
0022200509,LAC,17
0022200510,PHX,23
0022200506,PHI,24
0022200513,GSW,22
0022200518,MIA,15
0022200518,LAL,16
0022200519,CHI,23
0022200520,NOP,24
0022200517,ATL,14
0022200515,DET,25
0022200516,WAS,15
0022200522,DEN,24
0022200517,BKN,18
0022200520,MIN,28
0022200519,MIL,21
0022200522,SAC,17
0022200521,UTA,22
0022200521,GSW,26
0022200516,PHX,21
0022200515,ORL,26
0022200527,SAS,23
0022200524,CLE,17
0022200527,NYK,21
0022200525,LAC,20
0022200524,IND,18
0022200528,HOU,23
0022200528,DAL,26
0022200525,BOS,17
0022200523,CHA,17
0022200526,MEM,20
0022200526,TOR,20
0022200523,OKC,27
0022200530,ATL,19
0022200535,DEN,19
0022200533,MIN,28
0022200533,MIL,25
0022200529,WAS,18
0022200534,NOP,20
0022200531,TOR,22
0022200536,GSW,22
0022200537,UTA,20
0022200530,LAL,17
0022200534,PHI,22
0022200532,DET,16
0022200535,MIA,19
0022200536,POR,20
0022200531,PHX,17
0022200537,SAC,21
0022200529,ORL,18
0022200532,CHI,20
0022200546,UTA,23
0022200544,DET,22
0022200539,CHA,17
0022200541,HOU,24
0022200538,LAC,23
0022200545,OKC,21
0022200542,DAL,24
0022200540,CHI,15
0022200543,MEM,27
0022200540,CLE,18
0022200542,SAS,21
0022200541,NYK,20
0022200538,IND,20
0022200545,PHI,24
0022200546,MIA,32
0022200543,NOP,21
0022200544,MIN,22
0022200539,BKN,16
0022200548,WAS,10
0022200547,MEM,18
0022200549,DEN,17
0022200549,BOS,15
0022200547,SAC,18
0022200548,MIL,15
0022200551,CHA,22
0022200560,LAC,18
0022200557,DEN,21
0022200555,SAS,13
0022200550,PHX,17
0022200553,TOR,27
0022200554,NOP,22
0022200550,NYK,13
0022200559,DET,27
0022200555,BKN,16
0022200558,GSW,23
0022200552,CHI,33
0022200554,PHI,22
0022200552,CLE,27
0022200556,HOU,28
0022200557,MIN,22
0022200558,ATL,17
0022200556,DAL,19
0022200560,MIA,23
0022200553,IND,19
0022200559,POR,27
0022200551,LAL,21
0022200561,WAS,16
0022200563,UTA,19
0022200562,OKC,23
0022200562,BOS,15
0022200563,SAC,26
0022200561,MIL,14
0022200574,MIA,20
0022200574,LAL,18
0022200569,TOR,23
0022200571,POR,30
0022200570,CHI,16
0022200568,SAS,24
0022200566,OKC,23
0022200567,PHI,19
0022200567,IND,18
0022200565,CLE,17
0022200571,MIN,30
0022200575,ATL,21
0022200568,NYK,21
0022200575,SAC,19
0022200565,PHX,19
0022200572,HOU,22
0022200570,BKN,22
0022200573,DET,11
0022200572,NOP,19
0022200566,ORL,22
0022200569,MIL,24
0022200564,CHA,23
0022200573,GSW,20
0022200564,MEM,16
0022200576,MEM,22
0022200577,DAL,19
0022200577,BOS,22
0022200579,LAC,14
0022200578,UTA,20
0022200579,DEN,16
0022200578,HOU,21
0022200576,ORL,22
0022200590,ATL,15
0022200589,PHX,20
0022200583,CHA,17
0022200587,LAC,19
0022200586,NOP,20
0022200582,TOR,23
0022200580,POR,19
0022200581,CHI,14
0022200589,MIA,14
0022200580,IND,22
0022200585,DET,22
0022200590,LAL,18
0022200588,DEN,23
0022200586,BKN,23
0022200581,PHI,15
0022200588,CLE,18
0022200587,MIN,22
0022200584,WAS,18
0022200582,NYK,23
0022200584,OKC,26
0022200585,SAS,16
0022200583,MIL,18
0022200595,SAC,26
0022200594,GSW,17
0022200595,LAL,25
0022200591,BOS,15
0022200591,SAS,20
0022200593,DAL,24
0022200592,UTA,24
0022200593,NOP,25
0022200594,ORL,14
0022200592,CHI,22
0022200599,BKN,21
0022200601,HOU,19
0022200599,MIA,17
0022200598,CHA,26
0022200596,DET,20
0022200603,CLE,12
0022200597,TOR,28
0022200604,LAC,19
0022200603,PHX,14
0022200602,OKC,26
0022200601,MIN,18
0022200604,ATL,18
0022200602,DAL,19
0022200597,POR,24
0022200600,MEM,19
0022200600,UTA,18
0022200596,PHI,17
0022200598,IND,22
0022200609,DEN,19
0022200607,NYK,14
0022200607,MIL,17
0022200610,SAC,16
0022200610,ORL,18
0022200608,MEM,15
0022200606,CHI,18
0022200605,WAS,25
0022200606,BOS,12
0022200609,LAL,14
0022200608,SAS,24
0022200605,NOP,21
0022200611,OKC,27
0022200616,POR,22
0022200612,DET,22
0022200615,GSW,26
0022200616,ORL,20
0022200614,UTA,17
0022200617,LAC,23
0022200615,PHX,22
0022200617,DAL,17
0022200611,MIA,19
0022200613,CHA,19
0022200614,CLE,25
0022200612,PHI,29
0022200613,TOR,17
0022200620,ATL,12
0022200618,DET,20
0022200622,IND,25
0022200622,NYK,16
0022200624,DEN,20
0022200625,HOU,23
0022200623,MEM,17
0022200620,MIL,15
0022200621,NOP,17
0022200621,BOS,16
0022200619,WAS,18
0022200624,PHX,17
0022200625,SAC,19
0022200623,SAS,18
0022200619,CHI,19
0022200618,MIN,22
0022200630,DAL,26
0022200628,MIL,12
0022200628,MIA,8
0022200627,BOS,15
0022200626,OKC,22
0022200631,CLE,19
0022200627,BKN,19
0022200631,POR,27
0022200630,LAL,18
0022200626,PHI,29
0022200629,CHA,30
0022200629,TOR,23
0022200637,PHX,20
0022200634,WAS,23
0022200638,UTA,18
0022200633,ATL,22
0022200637,MIN,22
0022200640,HOU,24
0022200635,GSW,26
0022200633,IND,22
0022200632,DET,23
0022200636,OKC,19
0022200639,LAC,18
0022200635,SAS,19
0022200640,SAC,19
0022200639,DEN,11
0022200636,CHI,17
0022200638,ORL,25
0022200634,NYK,23
0022200632,NOP,21
0022200641,MIL,13
0022200641,MIA,14
0022200645,CLE,17
0022200643,MEM,21
0022200646,UTA,24
0022200647,DAL,18
0022200644,TOR,19
0022200642,CHA,11
0022200645,MIN,21
0022200647,POR,20
0022200644,ATL,22
0022200646,PHI,17
0022200643,IND,20
0022200642,BOS,15
0022200655,PHI,16
0022200651,OKC,14
0022200648,DET,22
0022200653,DEN,22
0022200655,LAL,19
0022200654,DAL,29
0022200652,SAS,21
0022200652,SAC,19
0022200650,GSW,22
0022200654,POR,29
0022200653,ORL,17
0022200650,CHI,18
0022200649,LAC,16
0022200649,HOU,17
0022200651,BKN,21
0022200648,NYK,12
0022200664,HOU,25
0022200661,ATL,17
0022200657,IND,17
0022200662,UTA,12
0022200659,TOR,25
0022200657,MIL,14
0022200663,MEM,19
0022200661,MIA,22
0022200656,CHA,18
0022200658,NOP,23
0022200658,CLE,19
0022200660,WAS,21
0022200664,LAL,19
0022200659,NYK,28
0022200662,MIN,20
0022200663,PHX,22
0022200660,GSW,23
0022200656,BOS,21
0022200665,TOR,14
0022200666,SAS,22
0022200668,LAC,23
0022200667,DEN,15
0022200666,BKN,26
0022200667,POR,24
0022200668,PHI,17
0022200665,MIL,19
0022200677,SAC,14
0022200673,NOP,17
0022200676,DEN,19
0022200669,WAS,23
0022200674,OKC,25
0022200677,LAL,20
0022200670,DAL,19
0022200672,MEM,19
0022200673,MIA,17
0022200670,ATL,23
0022200676,MIN,27
0022200671,CHA,20
0022200675,UTA,19
0022200674,IND,19
0022200675,LAC,20
0022200672,CLE,17
0022200669,NYK,20
0022200671,HOU,22
0022200680,TOR,19
0022200681,PHX,23
0022200682,POR,15
0022200681,BKN,34
0022200682,PHI,23
0022200679,GSW,26
0022200678,DET,15
0022200679,BOS,19
0022200680,MIN,20
0022200678,CHI,17
0022200690,MEM,31
0022200686,DAL,22
0022200689,UTA,18
0022200684,ATL,16
0022200683,NOP,21
0022200688,DEN,28
0022200691,OKC,20
0022200687,LAC,13
0022200684,NYK,15
0022200685,GSW,19
0022200683,ORL,18
0022200686,MIA,22
0022200688,IND,18
0022200685,CLE,15
0022200687,SAS,15
0022200691,SAC,17
0022200689,BKN,18
0022200690,LAL,26
0022200695,CLE,13
0022200696,HOU,19
0022200693,WAS,18
0022200697,PHX,20
0022200698,SAC,20
0022200697,IND,29
0022200698,PHI,26
0022200694,CHA,18
0022200692,TOR,13
0022200695,MIL,17
0022200696,MIN,26
0022200692,BOS,17
0022200693,ORL,19
0022200694,ATL,20
0022200705,POR,24
0022200699,NOP,22
0022200704,GSW,24
0022200700,TOR,20
0022200703,MEM,22
0022200705,LAL,19
0022200699,MIA,14
0022200701,LAC,23
0022200702,OKC,24
0022200704,BKN,22
0022200701,DAL,21
0022200702,DEN,16
0022200700,NYK,24
0022200703,PHX,26
0022200706,DET,21
0022200709,HOU,15
0022200707,BOS,23
0022200711,SAS,18
0022200712,MEM,21
0022200711,POR,16
0022200708,CHI,20
0022200707,ORL,12
0022200708,ATL,14
0022200709,MIN,22
0022200710,CHA,23
0022200712,SAC,11
0022200706,MIL,27
0022200710,UTA,26
0022200719,LAC,20
0022200714,BOS,22
0022200715,CLE,19
0022200713,CHI,23
0022200718,CHA,21
0022200714,MIA,18
0022200715,NYK,18
0022200716,DEN,20
0022200713,IND,21
0022200717,WAS,22
0022200716,NOP,14
0022200719,LAL,13
0022200717,DAL,25
0022200718,PHX,21
0022200729,SAS,19
0022200723,DEN,21
0022200724,NOP,21
0022200721,PHI,19
0022200720,IND,20
0022200720,ORL,22
0022200721,BKN,26
0022200727,UTA,18
0022200728,TOR,17
0022200729,LAL,13
0022200725,OKC,23
0022200724,MIN,18
0022200723,MIL,15
0022200726,MEM,26
0022200722,WAS,16
0022200725,ATL,16
0022200728,SAC,12
0022200727,POR,15
0022200726,GSW,27
0022200722,HOU,15
0022200731,DET,22
0022200730,BOS,19
0022200734,DAL,10
0022200735,LAC,21
0022200730,NYK,20
0022200733,HOU,20
0022200732,CHA,19
0022200734,PHX,21
0022200733,CLE,16
0022200735,SAS,18
0022200731,BKN,23
0022200732,CHI,20
0022200738,ORL,23
0022200736,IND,24
0022200737,MEM,12
0022200738,MIA,19
0022200736,MIL,20
0022200739,OKC,17
0022200740,TOR,17
0022200739,CLE,21
0022200740,GSW,18
0022200737,MIN,19
0022200749,BOS,22
0022200746,SAC,21
0022200742,NYK,14
0022200742,BKN,17
0022200744,CHI,22
0022200741,DEN,14
0022200748,SAS,20
0022200751,TOR,18
0022200746,MIN,26
0022200748,PHX,19
0022200745,LAC,15
0022200749,LAL,23
0022200747,WAS,17
0022200744,ORL,18
0022200750,UTA,23
0022200741,PHI,15
0022200743,DET,25
0022200745,ATL,18
0022200751,POR,16
0022200750,DAL,18
0022200747,NOP,26
0022200743,HOU,20
0022200752,CHA,18
0022200755,NOP,20
0022200753,MEM,21
0022200754,LAC,19
0022200755,MIL,18
0022200754,CLE,23
0022200753,IND,22
0022200752,MIA,17
0022200757,BKN,25
0022200758,SAC,21
0022200757,LAL,16
0022200756,PHI,25
0022200756,ORL,16
0022200762,TOR,19
0022200763,ATL,21
0022200758,MIN,16
0022200760,WAS,19
0022200763,POR,21
0022200761,DET,31
0022200759,OKC,18
0022200759,GSW,18
0022200762,PHX,16
0022200760,SAS,20
0022200761,DAL,18
0022200765,NYK,24
0022200764,CLE,20
0022200767,CHA,24
0022200765,LAL,23
0022200764,MIA,17
0022200768,DEN,21
0022200766,LAC,16
0022200768,NOP,24
0022200766,CHI,19
0022200767,MIL,21
0022200774,GSW,24
0022200772,BOS,13
0022200770,PHI,24
0022200770,ORL,21
0022200777,ATL,24
0022200771,MEM,22
0022200775,SAS,17
0022200775,SAC,13
0022200777,PHX,13
0022200772,BKN,12
0022200774,MIN,23
0022200773,OKC,23
0022200773,HOU,20
0022200776,UTA,17
0022200776,TOR,22
0022200771,POR,22
0022200778,IND,21
0022200780,NYK,17
0022200784,LAC,22
0022200780,MIA,15
0022200778,LAL,10
0022200779,MEM,23
0022200782,DAL,24
0022200781,CHA,15
0022200782,NOP,26
0022200783,GSW,23
0022200783,DEN,19
0022200784,MIL,17
0022200779,CLE,17
0022200781,CHI,18
0022200790,ORL,24
0022200790,MIN,27
0022200786,SAC,15
0022200791,SAS,25
0022200788,BOS,21
0022200787,WAS,19
0022200786,IND,18
0022200791,PHI,13
0022200792,UTA,22
0022200788,PHX,22
0022200789,TOR,25
0022200789,HOU,26
0022200792,ATL,18
0022200787,POR,17
0022200785,CHA,20
0022200785,DET,22
0022200798,NOP,22
0022200797,MIL,14
0022200797,MIA,23
0022200793,WAS,21
0022200795,LAC,20
0022200794,DET,27
0022200796,CHI,19
0022200801,DEN,15
0022200798,LAL,20
0022200796,POR,19
0022200800,GSW,24
0022200801,ATL,18
0022200800,DAL,18
0022200799,OKC,19
0022200795,NYK,30
0022200799,HOU,18
0022200793,BKN,28
0022200794,PHX,23
0022200806,DEN,23
0022200804,PHI,23
0022200802,CHA,23
0022200803,CLE,20
0022200804,NYK,28
0022200807,NOP,23
0022200803,IND,20
0022200807,SAC,22
0022200806,MIN,23
0022200805,MEM,16
0022200805,TOR,16
0022200802,ORL,18
0022200815,POR,20
0022200810,LAC,19
0022200815,MIL,27
0022200812,HOU,15
0022200811,CHI,12
0022200808,DET,20
0022200809,WAS,18
0022200811,SAS,23
0022200813,UTA,23
0022200814,OKC,10
0022200812,SAC,22
0022200810,BKN,26
0022200814,GSW,17
0022200813,DAL,25
0022200809,CLE,15
0022200808,BOS,22
0022200821,OKC,18
0022200820,DEN,21
0022200817,PHX,24
0022200816,ORL,19
0022200816,NYK,22
0022200817,BKN,21
0022200818,NOP,19
0022200818,ATL,21
0022200819,MEM,21
0022200820,MIN,16
0022200821,LAL,19
0022200819,CHI,16
0022200825,IND,25
0022200828,UTA,12
0022200825,MIA,22
0022200824,BOS,19
0022200830,GSW,24
0022200827,HOU,21
0022200826,TOR,19
0022200824,PHI,16
0022200822,DET,21
0022200829,LAC,18
0022200830,POR,16
0022200827,SAC,15
0022200829,DAL,20
0022200826,SAS,18
0022200828,MIN,19
0022200823,CHA,17
0022200822,CLE,16
0022200823,WAS,17
0022200834,MIL,20
0022200834,LAL,19
0022200833,CHI,16
0022200831,DEN,15
0022200832,ATL,22
0022200832,PHX,19
0022200833,BKN,20
0022200831,ORL,16
0022200840,HOU,21
0022200845,LAC,12
0022200841,MEM,19
0022200837,PHI,15
0022200836,PHX,24
0022200837,NYK,17
0022200836,IND,16
0022200843,OKC,26
0022200844,DAL,19
0022200835,DET,29
0022200838,CHA,18
0022200842,NOP,18
0022200842,CLE,22
0022200844,SAC,19
0022200840,MIA,23
0022200845,MIL,13
0022200843,POR,27
0022200839,UTA,20
0022200839,TOR,30
0022200841,MIN,20
0022200835,SAS,32
0022200838,BOS,22
0022200853,GSW,21
0022200848,ORL,24
0022200846,PHI,12
0022200851,UTA,24
0022200848,MIA,22
0022200849,WAS,16
0022200846,BKN,20
0022200854,DAL,19
0022200850,ATL,10
0022200850,SAS,17
0022200852,CHI,22
0022200852,CLE,15
0022200854,SAC,17
0022200847,CHA,18
0022200853,LAL,12
0022200851,NYK,24
0022200849,IND,18
0022200847,DEN,20
0022200855,MEM,22
0022200856,DET,26
0022200855,BOS,14
0022200856,TOR,26
0022200867,POR,15
0022200861,DEN,18
0022200865,DAL,21
0022200862,NYK,24
0022200862,BKN,19
0022200863,CHI,21
0022200859,UTA,17
0022200860,HOU,15
0022200867,LAL,16
0022200858,CLE,16
0022200857,CHA,19
0022200858,SAS,21
0022200864,OKC,17
0022200863,ORL,19
0022200865,MIN,26
0022200861,MIA,14
0022200866,WAS,15
0022200860,PHI,24
0022200864,NOP,21
0022200859,IND,21
0022200866,GSW,19
0022200857,ATL,15
0022200869,BOS,26
0022200868,TOR,16
0022200870,SAC,21
0022200872,WAS,17
0022200870,PHX,17
0022200869,MIL,23
0022200871,LAC,22
0022200871,GSW,22
0022200868,ORL,17
0022200872,POR,19
0022200882,NOP,28
0022200878,BKN,27
0022200878,MIA,18
0022200876,ATL,18
0022200874,CHI,21
0022200875,CLE,17
0022200873,CHA,17
0022200876,NYK,21
0022200877,DET,16
0022200875,PHI,22
0022200882,LAL,23
0022200874,IND,19
0022200881,DEN,14
0022200881,DAL,13
0022200880,OKC,21
0022200880,HOU,33
0022200879,MEM,21
0022200879,UTA,20
0022200877,BOS,18
0022200873,SAS,24
0022200883,CHI,17
0022200884,WAS,14
0022200885,LAC,19
0022200883,MIL,16
0022200885,PHX,24
0022200884,MIN,16
0022200893,GSW,23
0022200888,DET,25
0022200887,BOS,18
0022200889,MEM,27
0022200894,SAC,16
0022200894,POR,23
0022200891,DAL,18
0022200887,IND,23
0022200886,DEN,20
0022200890,TOR,20
0022200891,SAS,25
0022200886,CLE,21
0022200893,LAL,20
0022200892,UTA,29
0022200890,NOP,19
0022200892,OKC,23
0022200889,PHI,26
0022200888,ORL,19
0022200897,MIL,18
0022200897,MIA,17
0022200898,CHA,17
0022200900,CHI,15
0022200895,WAS,20
0022200899,OKC,21
0022200902,LAC,27
0022200896,CLE,23
0022200896,ATL,21
0022200900,BKN,25
0022200901,HOU,18
0022200901,GSW,20
0022200902,SAC,28
0022200899,PHX,22
0022200895,NYK,17
0022200898,MIN,20
0022200904,CHA,22
0022200906,NOP,15
0022200905,IND,24
0022200905,ORL,19
0022200908,BOS,22
0022200909,UTA,16
0022200908,PHI,13
0022200906,NYK,22
0022200907,MEM,13
0022200903,DET,27
0022200909,SAS,21
0022200907,DEN,13
0022200903,TOR,18
0022200904,MIA,25
0022200913,DAL,24
0022200910,PHX,22
0022200916,GSW,19
0022200911,ATL,18
0022200910,MIL,20
0022200917,HOU,26
0022200915,OKC,19
0022200911,BKN,21
0022200914,TOR,16
0022200912,WAS,18
0022200913,LAL,17
0022200918,LAC,25
0022200916,MIN,18
0022200917,POR,21
0022200918,DEN,23
0022200915,SAC,21
0022200914,CLE,17
0022200912,CHI,19
0022200920,PHI,24
0022200921,BOS,22
0022200922,NOP,26
0022200920,MIA,20
0022200921,NYK,11
0022200922,ORL,20
0022200919,CHA,22
0022200919,DET,18
0022200927,MEM,17
0022200924,BKN,19
0022200932,LAC,17
0022200924,MIL,21
0022200929,DAL,29
0022200931,GSW,19
0022200928,OKC,23
0022200930,UTA,15
0022200923,WAS,15
0022200925,TOR,17
0022200929,IND,19
0022200926,HOU,16
0022200931,POR,17
0022200926,DEN,10
0022200932,MIN,20
0022200928,SAC,21
0022200925,CHI,18
0022200930,SAS,22
0022200927,LAL,19
0022200923,ATL,17
0022200940,OKC,27
0022200936,PHI,20
0022200939,ORL,18
0022200937,NYK,21
0022200937,BKN,21
0022200939,MIL,23
0022200936,MIA,17
0022200933,CHA,17
0022200941,NOP,20
0022200935,CLE,18
0022200935,BOS,18
0022200941,POR,18
0022200934,DET,23
0022200938,MEM,21
0022200940,LAL,19
0022200938,HOU,18
0022200934,CHI,22
0022200933,PHX,22
0022200944,SAS,14
0022200943,DAL,22
0022200944,IND,18
0022200943,PHI,24
0022200945,LAC,24
0022200945,GSW,20
0022200942,WAS,12
0022200942,TOR,21
0022200955,MIN,21
0022200949,NYK,23
0022200955,LAL,19
0022200948,BOS,19
0022200949,MIA,17
0022200946,CHA,20
0022200950,CHI,15
0022200947,ATL,19
0022200954,LAC,24
0022200947,POR,15
0022200948,BKN,20
0022200953,GSW,22
0022200950,PHX,20
0022200952,MEM,24
0022200953,NOP,22
0022200954,SAC,22
0022200951,UTA,18
0022200951,OKC,22
0022200952,DEN,21
0022200946,ORL,24
0022200958,ATL,23
0022200960,PHI,21
0022200961,SAC,21
0022200960,MIL,23
0022200961,MIN,21
0022200959,HOU,24
0022200958,MIA,19
0022200957,DET,15
0022200959,SAS,20
0022200956,WAS,16
0022200956,TOR,21
0022200957,CLE,18
0022200964,GSW,21
0022200973,WAS,19
0022200965,CHA,19
0022200969,BOS,28
0022200966,POR,22
0022200963,CHI,20
0022200962,DAL,22
0022200966,ORL,25
0022200967,HOU,20
0022200969,NYK,27
0022200963,IND,18
0022200962,PHX,28
0022200964,LAL,17
0022200967,SAS,20
0022200970,MEM,23
0022200968,UTA,25
0022200968,OKC,20
0022200970,LAC,17
0022200973,MIL,15
0022200965,BKN,12
0022200974,ATL,25
0022200972,PHI,26
0022200972,IND,24
0022200977,DET,21
0022200976,NOP,19
0022200974,MIA,17
0022200971,CLE,20
0022200971,BOS,21
0022200976,SAC,12
0022200975,TOR,20
0022200975,DEN,12
0022200977,POR,17
0022200984,MEM,25
0022200978,ORL,22
0022200980,PHI,17
0022200981,HOU,22
0022200979,CHA,20
0022200978,MIL,18
0022200980,MIN,16
0022200983,UTA,23
0022200982,OKC,17
0022200981,BKN,21
0022200982,GSW,21
0022200983,DAL,20
0022200984,LAL,18
0022200769,DET,16
0022200769,WAS,20
0022200979,NYK,18
0022200987,CLE,23
0022200990,OKC,13
0022200986,BOS,20
0022200985,WAS,16
0022200986,POR,19
0022200987,MIA,19
0022200988,DAL,18
0022200989,DEN,16
0022200988,NOP,19
0022200989,CHI,16
0022200991,TOR,23
0022200990,PHX,17
0022200991,LAC,18
0022200985,ATL,17
0022200995,BKN,12
0022200995,MIL,14
0022200997,SAC,21
0022200994,UTA,26
0022200993,HOU,22
0022200997,NYK,25
0022200996,MEM,18
0022200993,IND,21
0022200994,ORL,16
0022200996,GSW,17
0022200992,CHA,18
0022200992,DET,22
0022201003,TOR,16
0022201000,CLE,20
0022201001,BKN,26
0022201001,MIN,21
0022200998,POR,17
0022200998,PHI,24
0022201002,DEN,14
0022200999,WAS,17
0022201000,MIA,20
0022201002,SAS,20
0022201003,LAL,10
0022200999,ATL,17
0022201007,ORL,20
0022201012,GSW,15
0022201004,LAC,20
0022201007,MIA,17
0022201006,DET,24
0022201013,SAC,19
0022201013,PHX,26
0022201008,BOS,21
0022201008,ATL,17
0022201011,OKC,17
0022201009,HOU,19
0022201010,MEM,16
0022201012,MIL,14
0022201009,CHI,17
0022201004,NYK,17
0022201011,NOP,25
0022201005,CHA,15
0022201010,DAL,17
0022201006,IND,20
0022201005,UTA,17
0022201019,NYK,18
0022201014,DEN,19
0022201019,LAL,17
0022201016,WAS,20
0022201017,NOP,19
0022201018,OKC,19
0022201015,CHA,26
0022201017,POR,21
0022201014,BKN,21
0022201018,SAS,18
0022201016,PHI,19
0022201015,CLE,22
0022201022,UTA,25
0022201026,SAC,21
0022201021,ATL,19
0022201020,DET,21
0022201025,GSW,21
0022201026,MIL,18
0022201021,MIN,22
0022201024,HOU,21
0022201023,MEM,17
0022201025,PHX,23
0022201024,BOS,22
0022201022,MIA,13
0022201023,DAL,16
0022201020,IND,15
0022201030,NOP,24
0022201033,PHX,26
0022201031,OKC,25
0022201034,POR,19
0022201032,SAS,17
0022201033,MIL,15
0022201034,NYK,13
0022201032,ORL,16
0022201027,CHA,18
0022201030,LAL,16
0022201029,TOR,18
0022201031,BKN,20
0022201029,DEN,17
0022201028,DET,19
0022201028,WAS,12
0022201027,CLE,19
0022201038,HOU,29
0022201036,MEM,20
0022201039,BOS,22
0022201035,CLE,18
0022201037,CHI,24
0022201040,DAL,25
0022201039,MIN,23
0022201035,PHI,21
0022201037,SAC,19
0022201040,SAS,30
0022201041,LAC,18
0022201038,LAL,17
0022201041,GSW,25
0022201036,MIA,16
0022201045,IND,20
0022201043,SAC,17
0022201046,PHX,22
0022201045,MIL,16
0022201046,ORL,20
0022201043,BKN,22
0022201042,DET,20
0022201044,TOR,20
0022201044,OKC,17
0022201042,DEN,15
0022201054,DAL,26
0022201050,CHI,21
0022201047,CHA,16
0022201053,BOS,19
0022201052,MEM,24
0022201048,GSW,20
0022201053,POR,26
0022201049,WAS,19
0022201051,HOU,19
0022201050,MIN,24
0022201054,LAL,18
0022201048,ATL,15
0022201051,NOP,17
0022201052,SAS,19
0022201049,CLE,19
0022201047,PHI,19
0022201060,CHI,18
0022201058,TOR,25
0022201055,DEN,21
0022201056,LAC,24
0022201057,PHI,17
0022201057,IND,17
0022201059,WAS,18
0022201062,UTA,14
0022201060,MIA,10
0022201055,NYK,16
0022201061,MEM,24
0022201056,ORL,22
0022201058,MIN,23
0022201062,BOS,17
0022201061,GSW,21
0022201059,SAC,22
0022201070,ORL,28
0022201066,DET,20
0022201068,TOR,15
0022201063,DEN,17
0022201070,LAL,19
0022201064,OKC,20
0022201069,LAC,18
0022201065,ATL,13
0022201065,SAS,18
0022201067,HOU,22
0022201063,BKN,16
0022201067,NOP,23
0022201069,POR,14
0022201064,PHX,31
0022201068,MIL,13
0022201066,MIA,17
0022201073,NYK,22
0022201073,MIN,24
0022201071,CHA,22
0022201072,CHI,18
0022201076,UTA,23
0022201072,PHI,25
0022201075,MEM,18
0022201074,HOU,14
0022201074,GSW,14
0022201076,SAC,20
0022201075,DAL,19
0022201071,IND,26
0022201079,CLE,20
0022201077,WAS,23
0022201081,BOS,15
0022201080,NOP,19
0022201078,DET,26
0022201081,SAC,19
0022201079,BKN,19
0022201080,SAS,19
0022201082,OKC,21
0022201082,LAC,21
0022201077,ORL,21
0022201078,ATL,20
0022201092,PHX,31
0022201084,NYK,25
0022201089,SAS,21
0022201090,ATL,25
0022201084,MIA,18
0022201085,TOR,22
0022201087,CHI,16
0022201092,LAL,20
0022201091,UTA,21
0022201089,MIL,14
0022201090,MIN,20
0022201087,PHI,22
0022201086,GSW,20
0022201083,WAS,15
0022201086,DAL,17
0022201088,MEM,21
0022201085,IND,29
0022201091,POR,24
0022201088,HOU,25
0022201083,DEN,18
0022201094,CLE,21
0022201093,ORL,19
0022201093,NYK,15
0022201094,BKN,21
0022201095,CHA,17
0022201096,OKC,20
0022201096,LAC,9
0022201095,NOP,14
0022201106,OKC,19
0022201102,UTA,15
0022201097,BOS,15
0022201103,GSW,21
0022201105,SAC,23
0022201104,CHI,19
0022201105,PHX,25
0022201098,WAS,16
0022201097,IND,16
0022201104,POR,14
0022201101,CHA,17
0022201103,PHI,20
0022201100,MEM,19
0022201106,LAL,14
0022201099,DET,18
0022201102,MIL,20
0022201100,HOU,14
0022201098,SAS,21
0022201099,TOR,24
0022201101,DAL,19
0022201108,BKN,18
0022201109,DEN,18
0022201108,MIA,19
0022201107,ATL,14
0022201110,PHX,22
0022201110,PHI,16
0022201111,UTA,14
0022201107,IND,18
0022201112,LAC,14
0022201109,MIL,19
0022201112,NOP,21
0022201111,SAC,13
0022201114,CHI,23
0022201121,GSW,19
0022201118,ORL,21
0022201118,BKN,20
0022201120,OKC,19
0022201116,BOS,18
0022201115,MEM,22
0022201116,SAS,16
0022201117,HOU,22
0022201114,LAL,18
0022201113,CHA,18
0022201121,MIN,20
0022201117,CLE,16
0022201120,POR,22
0022201119,WAS,12
0022201115,ATL,15
0022201119,TOR,19
0022201113,DAL,24
0022201122,DET,20
0022201128,SAC,23
0022201124,HOU,18
0022201123,DAL,23
0022201126,DEN,16
0022201125,UTA,19
0022201127,NOP,16
0022201128,MIN,27
0022201127,POR,16
0022201129,LAC,17
0022201123,IND,19
0022201126,PHI,20
0022201124,NYK,20
0022201129,CHI,11
0022201125,PHX,20
0022201122,MIL,23
0022201132,TOR,13
0022201133,MEM,17
0022201131,CLE,24
0022201130,WAS,13
0022201131,ATL,16
0022201135,GSW,18
0022201135,NOP,18
0022201134,CHA,24
0022201132,MIA,10
0022201133,ORL,15
0022201130,BOS,14
0022201134,OKC,21
0022201140,CHI,22
0022201138,NYK,14
0022201136,IND,25
0022201144,PHX,16
0022201137,HOU,18
0022201138,MIA,18
0022201136,MIL,18
0022201139,DAL,22
0022201144,MIN,24
0022201145,SAC,11
0022201145,POR,15
0022201143,UTA,17
0022201140,LAL,14
0022201139,PHI,19
0022201137,BKN,18
0022201141,MEM,20
0022201142,DET,22
0022201143,SAS,16
0022201141,LAC,21
0022201142,OKC,18
0022201146,BOS,18
0022201146,MIL,16
0022201147,DEN,21
0022201147,NOP,24
0022201157,MIN,22
0022201157,LAL,17
0022201153,ATL,14
0022201154,CLE,21
0022201151,WAS,24
0022201149,OKC,24
0022201150,TOR,19
0022201160,DEN,16
0022201159,SAC,21
0022201159,POR,15
0022201158,GSW,18
0022201153,BKN,17
0022201152,UTA,17
0022201154,NYK,12
0022201148,CHA,21
0022201160,PHX,16
0022201158,SAS,20
0022201155,DET,28
0022201156,MEM,16
0022201149,IND,21
0022201150,PHI,20
0022201152,BOS,14
0022201156,LAC,14
0022201151,ORL,16
0022201155,HOU,24
0022201148,CHI,13
0022201161,DAL,23
0022201162,LAC,29
0022201161,MIA,16
0022201162,NOP,15
0022201171,HOU,18
0022201174,PHI,17
0022201166,POR,26
0022201164,UTA,23
0022201168,WAS,18
0022201169,DET,29
0022201173,CLE,22
0022201174,MIL,17
0022201172,OKC,23
0022201166,MIN,17
0022201170,SAS,25
0022201170,SAC,23
0022201167,DAL,15
0022201173,IND,26
0022201165,MEM,22
0022201167,ATL,22
0022201175,GSW,22
0022201175,DEN,17
0022201171,LAL,9
0022201172,PHX,30
0022201163,CHA,11
0022201164,BKN,26
0022201165,CHI,13
0022201168,NYK,17
0022201169,ORL,26
0022201163,TOR,14
0022201186,UTA,28
0022201177,DET,22
0022201179,WAS,21
0022201180,BKN,18
0022201180,MIN,13
0022201178,CLE,16
0022201181,BOS,17
0022201188,SAS,16
0022201184,MEM,10
0022201185,NOP,14
0022201188,PHX,12
0022201182,CHI,18
0022201181,PHI,21
0022201178,ORL,22
0022201185,SAC,22
0022201182,ATL,18
0022201183,HOU,16
0022201187,OKC,22
0022201183,DEN,18
0022201187,GSW,22
0022201176,CHA,22
0022201186,LAL,21
0022201184,POR,18
0022201179,MIL,19
0022201177,MIA,18
0022201176,TOR,18
0022201196,LAC,18
0022201193,CHI,11
0022201189,DET,18
0022201190,IND,17
0022201190,NYK,21
0022201195,DAL,18
0022201191,WAS,26
0022201192,TOR,19
0022201194,MEM,25
0022201193,MIL,13
0022201195,SAC,19
0022201196,LAL,17
0022201192,BOS,14
0022201194,NOP,22
0022201191,ATL,23
0022201189,BKN,12
0022201198,PHI,18
0022201197,CLE,21
0022201198,MIA,13
0022201201,DEN,19
0022201199,SAS,12
0022201199,POR,22
0022201197,ORL,11
0022201201,PHX,16
0022201200,UTA,23
0022201200,OKC,17
0022201212,PHX,12
0022201204,WAS,18
0022201208,MEM,20
0022201207,ORL,19
0022201209,NOP,17
0022201207,BKN,12
0022201203,DET,24
0022201205,ATL,19
0022201212,LAL,12
0022201211,GSW,22
0022201205,PHI,22
0022201206,TOR,17
0022201209,NYK,17
0022201210,DAL,15
0022201210,CHI,15
0022201211,SAC,16
0022201202,CHA,21
0022201206,BOS,14
0022201208,MIL,15
0022201204,MIA,29
0022201203,IND,22
0022201202,HOU,23
0022201214,SAS,16
0022201215,LAC,17
0022201214,MIN,18
0022201213,UTA,18
0022201215,POR,20
0022201213,DEN,20
0022201228,UTA,16
0022201219,ORL,17
0022201221,TOR,19
0022201225,NOP,24
0022201217,PHI,23
0022201220,IND,24
0022201219,MIA,20
0022201220,NYK,24
0022201217,BKN,22
0022201229,LAC,18
0022201230,GSW,18
0022201227,DEN,15
0022201224,DAL,21
0022201216,BOS,13
0022201216,ATL,12
0022201218,CHA,14
0022201225,MIN,22
0022201223,DET,16
0022201224,SAS,13
0022201227,SAC,18
0022201230,POR,9
0022201222,WAS,21
0022201229,PHX,21
0022201226,MEM,16
0022201221,MIL,13
0022201228,LAL,9
0022201226,OKC,17
0022201222,HOU,15
0022201223,CHI,16
0022201218,CLE,24
0022300061,DEN,15
0022300062,GSW,23
0022300061,LAL,18
0022300062,PHX,22
0022300068,DET,23
0022300069,TOR,18
0022300067,CLE,23
0022300065,BOS,22
0022300066,HOU,24
0022300064,WAS,11
0022300074,LAC,20
0022300072,UTA,20
0022300073,DAL,20
0022300063,CHA,21
0022300065,NYK,22
0022300067,BKN,16
0022300071,MEM,19
0022300070,OKC,19
0022300073,SAS,23
0022300066,ORL,20
0022300074,POR,20
0022300070,CHI,16
0022300069,MIN,14
0022300072,SAC,25
0022300071,NOP,21
0022300064,IND,23
0022300068,MIA,18
0022300063,ATL,19
0022300076,PHX,21
0022300075,PHI,28
0022300075,MIL,23
0022300076,LAL,23
0022300080,BOS,19
0022300084,DAL,15
0022300079,ATL,20
0022300086,POR,24
0022300086,ORL,16
0022300087,GSW,24
0022300083,HOU,26
0022300079,NYK,21
0022300080,MIA,16
0022300081,OKC,17
0022300082,TOR,29
0022300084,BKN,28
0022300078,MEM,23
0022300087,SAC,16
0022300083,SAS,17
0022300085,UTA,24
0022300081,CLE,16
0022300082,CHI,22
0022300085,LAC,22
0022300078,DEN,18
0022300077,CHA,23
0022300077,DET,29
0022300093,MIN,17
0022300093,MIA,12
0022300090,NOP,22
0022300091,CLE,16
0022300092,TOR,19
0022300094,UTA,20
0022300091,IND,20
0022300090,NYK,17
0022300088,DET,18
0022300092,PHI,18
0022300094,PHX,19
0022300089,WAS,15
0022300089,MEM,21
0022300088,CHI,20
0022300100,SAC,28
0022300097,ATL,17
0022300098,POR,26
0022300098,PHI,20
0022300100,LAL,22
0022300099,LAC,16
0022300097,MIL,22
0022300095,OKC,14
0022300096,HOU,20
0022300096,GSW,18
0022300099,SAS,23
0022300095,DEN,21
0022300111,ORL,22
0022300107,MIL,23
0022300107,MIA,20
0022300104,ATL,12
0022300101,CHA,23
0022300111,LAL,17
0022300102,CHI,17
0022300105,TOR,17
0022300104,MIN,17
0022300103,WAS,13
0022300108,GSW,21
0022300102,IND,24
0022300106,MEM,22
0022300110,UTA,21
0022300108,NOP,18
0022300109,DET,25
0022300105,POR,19
0022300110,DEN,14
0022300106,DAL,17
0022300103,BOS,21
0022300109,OKC,19
0022300101,BKN,19
0022300112,CLE,19
0022300114,LAC,26
0022300113,SAS,17
0022300113,PHX,18
0022300112,NYK,17
0022300114,ORL,24
0022300127,LAC,31
0022300119,BKN,18
0022300116,TOR,25
0022300123,DEN,22
0022300119,MIA,20
0022300120,CLE,27
0022300118,BOS,19
0022300115,DET,31
0022300126,GSW,17
0022300117,WAS,25
0022300118,IND,20
0022300120,NYK,16
0022300121,OKC,24
0022300124,DAL,11
0022300124,CHI,23
0022300123,MIN,15
0022300126,SAC,17
0022300122,CHA,19
0022300127,LAL,24
0022300121,NOP,20
0022300116,MIL,17
0022300125,MEM,22
0022300125,UTA,22
0022300117,ATL,16
0022300115,POR,15
0022300122,HOU,22
0022300130,UTA,27
0022300128,TOR,20
0022300131,SAS,21
0022300131,PHX,15
0022300129,DET,31
0022300128,PHI,19
0022300130,ORL,25
0022300129,NOP,18
0022300003,WAS,18
0022300002,NYK,22
0022300004,CHI,13
0022300002,MIL,16
0022300001,CLE,20
0022300007,MEM,25
0022300001,IND,18
0022300004,BKN,12
0022300006,DEN,17
0022300006,DAL,19
0022300005,OKC,20
0022300005,GSW,25
0022300007,POR,15
0022300003,MIA,18
0022300134,ORL,18
0022300138,UTA,20
0022300136,BOS,17
0022300134,LAL,21
0022300133,CHA,20
0022300132,PHX,11
0022300132,PHI,24
0022300137,HOU,18
0022300135,NOP,15
0022300136,BKN,21
0022300135,ATL,16
0022300139,DEN,18
0022300139,CHI,19
0022300137,SAC,19
0022300138,MIN,23
0022300133,IND,18
0022300140,DET,23
0022300144,MEM,18
0022300141,TOR,15
0022300142,GSW,18
0022300143,CHA,25
0022300142,CLE,21
0022300141,SAS,21
0022300144,POR,21
0022300140,PHX,13
0022300143,DAL,19
0022300150,MIA,14
0022300150,LAL,17
0022300149,BKN,16
0022300154,BOS,26
0022300149,MIL,13
0022300151,LAC,15
0022300147,DAL,20
0022300146,SAS,15
0022300148,WAS,26
0022300153,HOU,19
0022300146,IND,24
0022300155,OKC,22
0022300154,MIN,26
0022300156,DEN,16
0022300152,UTA,20
0022300147,ORL,24
0022300156,NOP,18
0022300145,DET,20
0022300153,SAC,22
0022300151,NYK,13
0022300155,ATL,16
0022300152,CHI,18
0022300148,PHI,15
0022300145,GSW,14
0022300163,HOU,23
0022300164,MEM,27
0022300165,DET,24
0022300166,NOP,23
0022300160,LAC,15
0022300161,SAS,22
0022300158,UTA,17
0022300159,BOS,13
0022300162,CHI,22
0022300170,SAC,24
0022300170,POR,29
0022300161,NYK,14
0022300159,PHI,16
0022300167,OKC,27
0022300166,MIN,23
0022300162,PHX,20
0022300168,TOR,25
0022300169,GSW,20
0022300169,DEN,20
0022300163,LAL,18
0022300160,BKN,14
0022300167,CLE,24
0022300168,DAL,21
0022300158,IND,15
0022300164,MIA,24
0022300157,CHA,22
0022300165,MIL,18
0022300157,WAS,26
0022300171,IND,25
0022300172,ATL,25
0022300171,MIL,19
0022300172,ORL,24
0022300015,PHX,24
0022300013,SAS,21
0022300010,BOS,13
0022300008,DET,26
0022300015,LAL,20
0022300016,OKC,15
0022300013,MIN,19
0022300010,BKN,25
0022300011,HOU,22
0022300014,LAC,27
0022300011,NOP,26
0022300014,DAL,23
0022300016,SAC,22
0022300012,MEM,23
0022300012,UTA,17
0022300009,CHA,19
0022300008,PHI,23
0022300009,WAS,23
0022300175,ATL,19
0022300173,ORL,17
0022300173,MIL,24
0022300175,MIA,14
0022300174,TOR,14
0022300176,GSW,29
0022300176,CLE,24
0022300174,BOS,14
0022300187,POR,25
0022300184,SAS,21
0022300186,GSW,28
0022300178,WAS,15
0022300177,CHA,25
0022300180,PHI,15
0022300180,IND,14
0022300185,OKC,21
0022300187,LAL,11
0022300184,MIA,12
0022300183,DAL,19
0022300181,DET,19
0022300183,NOP,20
0022300182,HOU,16
0022300186,MIN,19
0022300182,DEN,20
0022300179,MEM,23
0022300185,PHX,19
0022300179,LAC,23
0022300178,BKN,18
0022300181,CHI,21
0022300177,NYK,18
0022300190,CHI,25
0022300188,BOS,22
0022300191,CLE,18
0022300188,NYK,16
0022300191,SAC,19
0022300190,MIL,23
0022300189,WAS,22
0022300189,TOR,13
0022300026,MEM,15
0022300017,CHA,21
0022300025,GSW,22
0022300020,ORL,16
0022300020,BKN,24
0022300019,PHI,26
0022300019,IND,28
0022300023,UTA,18
0022300021,OKC,17
0022300018,DET,20
0022300022,DAL,16
0022300022,NOP,20
0022300024,LAC,24
0022300025,MIN,19
0022300024,DEN,19
0022300021,SAS,13
0022300023,POR,15
0022300026,LAL,13
0022300018,ATL,19
0022300017,MIA,19
0022300198,SAC,20
0022300195,TOR,19
0022300197,PHX,21
0022300193,ATL,20
0022300196,CHI,25
0022300194,BOS,15
0022300197,MIN,14
0022300199,CLE,16
0022300198,LAL,17
0022300193,NYK,20
0022300194,PHI,14
0022300199,POR,21
0022300196,ORL,21
0022300192,WAS,22
0022300195,MIL,25
0022300192,DAL,16
0022300200,BKN,20
0022300200,MIA,20
0022300201,OKC,20
0022300201,GSW,19
0022300036,POR,17
0022300027,CHA,14
0022300028,WAS,18
0022300033,CHI,21
0022300029,ATL,20
0022300035,UTA,23
0022300036,LAL,16
0022300032,SAS,21
0022300032,SAC,22
0022300029,PHI,20
0022300031,TOR,11
0022300030,DET,19
0022300034,DEN,20
0022300033,ORL,22
0022300034,NOP,13
0022300037,LAC,19
0022300037,HOU,28
0022300031,BOS,13
0022300035,PHX,22
0022300028,NYK,21
0022300030,CLE,9
0022300027,MIL,21
0022300204,CHI,22
0022300205,DAL,16
0022300203,NOP,26
0022300202,CHA,22
0022300206,MEM,25
0022300203,MIN,21
0022300204,MIA,18
0022300205,MIL,16
0022300207,OKC,16
0022300207,GSW,18
0022300206,SAS,28
0022300202,NYK,13
0022300216,HOU,25
0022300208,PHI,18
0022300209,IND,32
0022300209,ORL,23
0022300208,BKN,14
0022300214,UTA,27
0022300215,OKC,18
0022300212,DAL,15
0022300213,MEM,21
0022300210,DEN,21
0022300212,SAC,20
0022300210,CLE,18
0022300216,LAL,13
0022300215,POR,15
0022300211,DET,23
0022300214,PHX,28
0022300213,BOS,19
0022300211,TOR,23
0022300220,CHI,16
0022300219,WAS,19
0022300221,NYK,23
0022300221,MIN,26
0022300222,NOP,19
0022300223,LAC,10
0022300217,CHA,18
0022300222,SAC,21
0022300220,MIA,19
0022300218,DET,24
0022300224,HOU,24
0022300224,GSW,21
0022300223,SAS,17
0022300219,MIL,13
0022300218,DEN,17
0022300217,BOS,15
0022300042,UTA,22
0022300038,TOR,20
0022300039,ATL,23
0022300040,CLE,21
0022300041,POR,20
0022300041,PHX,18
0022300039,IND,25
0022300040,PHI,25
0022300038,ORL,19
0022300042,LAL,15
0022300238,DAL,18
0022300229,CLE,17
0022300228,BOS,15
0022300232,PHI,23
0022300227,ATL,18
0022300226,DEN,25
0022300230,TOR,15
0022300232,MIN,21
0022300236,GSW,34
0022300237,UTA,13
0022300233,NOP,28
0022300235,LAC,23
0022300227,BKN,24
0022300228,MIL,19
0022300229,MIA,19
0022300233,SAC,25
0022300234,OKC,17
0022300238,LAL,17
0022300226,ORL,21
0022300236,PHX,22
0022300231,MEM,19
0022300235,SAS,24
0022300234,CHI,26
0022300230,IND,24
0022300237,POR,21
0022300231,HOU,22
0022300225,CHA,15
0022300225,WAS,18
0022300045,NYK,14
0022300049,WAS,24
0022300050,SAC,19
0022300045,MIA,19
0022300043,BOS,18
0022300047,DET,18
0022300044,MEM,22
0022300050,MIN,18
0022300051,GSW,21
0022300043,ORL,28
0022300052,LAC,24
0022300046,TOR,14
0022300048,HOU,21
0022300051,SAS,18
0022300048,DEN,14
0022300052,NOP,19
0022300046,CHI,20
0022300044,PHX,12
0022300049,MIL,22
0022300047,IND,21
0022300242,CLE,16
0022300240,BKN,18
0022300240,MIA,18
0022300239,OKC,27
0022300241,WAS,17
0022300242,LAL,15
0022300243,UTA,13
0022300244,LAC,16
0022300244,DAL,24
0022300239,PHI,26
0022300243,NOP,17
0022300241,ATL,15
0022300245,POR,26
0022300249,MEM,18
0022300250,CHI,18
0022300247,PHX,25
0022300248,CHA,26
0022300247,NYK,19
0022300245,MIL,20
0022300252,DEN,25
0022300246,BOS,19
0022300246,ATL,17
0022300251,TOR,11
0022300250,BKN,19
0022300252,SAS,22
0022300251,CLE,18
0022300249,MIN,26
0022300248,ORL,26
0022300255,PHI,17
0022300254,POR,21
0022300255,LAL,18
0022300254,IND,24
0022300256,UTA,23
0022300257,LAC,23
0022300257,DEN,22
0022300256,NOP,25
0022300253,DET,22
0022300253,WAS,19
0022300056,MIL,21
0022300056,MIA,22
0022300058,OKC,23
0022300054,TOR,21
0022300057,CHA,14
0022300060,GSW,31
0022300055,CLE,20
0022300053,CHI,13
0022300055,ATL,16
0022300053,BOS,18
0022300059,HOU,27
0022300060,SAC,23
0022300059,DAL,25
0022300058,MIN,17
0022300054,BKN,17
0022300057,NYK,12
0022300258,DET,31
0022300259,WAS,20
0022300262,NOP,22
0022300260,TOR,22
0022300264,LAC,20
0022300262,PHI,26
0022300263,HOU,20
0022300263,DEN,18
0022300264,SAC,20
0022300260,PHX,15
0022300261,MEM,15
0022300261,UTA,14
0022300259,ORL,22
0022300258,LAL,12
0022300271,OKC,24
0022300267,IND,31
0022300269,CHI,18
0022300270,UTA,19
0022300266,CHA,16
0022300268,DET,25
0022300267,MIA,28
0022300265,CLE,15
0022300272,ATL,25
0022300272,SAS,22
0022300265,POR,17
0022300269,MIL,21
0022300273,LAC,21
0022300273,GSW,18
0022300271,LAL,20
0022300270,MIN,16
0022300268,NYK,17
0022300266,BKN,11
0022300276,TOR,19
0022300274,WAS,29
0022300275,BOS,18
0022300279,DEN,21
0022300278,NOP,15
0022300275,PHI,24
0022300278,SAS,21
0022300277,MEM,23
0022300279,PHX,17
0022300276,NYK,15
0022300277,DAL,13
0022300274,ORL,23
0022300291,HOU,23
0022300284,IND,24
0022300286,ATL,14
0022300281,CHA,22
0022300282,ORL,27
0022300282,BKN,21
0022300284,MIA,22
0022300288,MEM,31
0022300289,UTA,21
0022300290,DEN,14
0022300286,MIL,19
0022300283,DET,20
0022300285,CHI,21
0022300285,NOP,17
0022300287,OKC,24
0022300290,SAC,14
0022300280,LAC,21
0022300291,LAL,17
0022300280,GSW,15
0022300287,DAL,21
0022300289,POR,20
0022300288,PHX,21
0022300283,CLE,18
0022300281,MIN,16
0022301202,BOS,19
0022301204,NOP,22
0022301202,IND,15
0022301204,SAC,18
0022301203,PHX,21
0022301201,NYK,17
0022301201,MIL,23
0022301203,LAL,19
0022301207,TOR,18
0022301210,SAS,17
0022301209,ATL,23
0022301205,CLE,27
0022301208,WAS,22
0022301214,GSW,19
0022301210,MIN,16
0022301209,BKN,19
0022301205,ORL,21
0022301211,CHA,24
0022301213,UTA,20
0022301215,LAC,14
0022301214,POR,30
0022301212,OKC,21
0022301215,DEN,20
0022301212,HOU,16
0022301207,MIA,18
0022301213,DAL,14
0022301206,DET,17
0022301208,PHI,14
0022301206,MEM,9
0022301211,CHI,16
0022301230,NOP,21
0022301229,IND,21
0022301229,MIL,17
0022301230,LAL,16
0022301220,CLE,17
0022301221,MEM,23
0022301219,WAS,19
0022301227,BOS,19
0022301217,DET,17
0022301218,ATL,23
0022301228,SAC,22
0022301226,DAL,23
0022301228,PHX,19
0022301223,CHI,19
0022301218,PHI,14
0022301227,NYK,20
0022301220,MIA,23
0022301223,SAS,20
0022301226,POR,24
0022301224,HOU,20
0022301222,OKC,22
0022301224,DEN,24
0022301225,UTA,17
0022301222,GSW,28
0022301216,CHA,15
0022301225,LAC,18
0022301221,MIN,17
0022301219,BKN,18
0022301217,ORL,20
0022301216,TOR,21
0022300292,CHA,22
0022300300,CHI,27
0022300301,NOP,20
0022300303,SAC,24
0022300297,TOR,21
0022300294,CLE,23
0022300293,DET,18
0022300295,WAS,19
0022300304,LAC,20
0022300303,BKN,13
0022300298,HOU,18
0022300296,DEN,19
0022300294,ORL,22
0022300301,MIN,28
0022300300,MIL,21
0022300299,MEM,19
0022300296,ATL,21
0022300298,SAS,14
0022300304,POR,21
0022300302,UTA,21
0022300297,NYK,22
0022300302,OKC,17
0022300299,DAL,17
0022300295,PHI,27
0022300293,IND,20
0022300292,MIA,22
0022300306,DAL,17
0022300308,GSW,28
0022300309,LAC,17
0022300305,CLE,18
0022300305,BOS,13
0022300307,DEN,20
0022300306,LAL,20
0022300307,CHI,22
0022300308,PHX,22
0022300309,SAC,19
0022300316,SAS,16
0022300312,CHA,18
0022300315,IND,32
0022300317,PHX,20
0022300318,UTA,27
0022300315,MIL,24
0022300310,DET,22
0022300317,BKN,17
0022300316,LAL,16
0022300313,TOR,18
0022300311,WAS,16
0022300314,MEM,30
0022300313,ATL,18
0022300318,NYK,21
0022300314,HOU,28
0022300311,NOP,17
0022300310,PHI,20
0022300312,MIA,12
0022300320,CHI,23
0022300321,DAL,19
0022300322,DEN,15
0022300323,UTA,14
0022300324,OKC,25
0022300319,CLE,18
0022300319,BOS,15
0022300320,MIA,20
0022300321,MIN,19
0022300322,BKN,23
0022300325,LAC,20
0022300325,GSW,24
0022300324,SAC,22
0022300323,POR,12
0022300331,SAS,19
0022300333,PHX,17
0022300329,BOS,22
0022300328,WAS,18
0022300327,DET,25
0022300333,NYK,20
0022300331,LAL,15
0022300330,TOR,19
0022300329,ORL,22
0022300326,CHA,24
0022300332,MEM,24
0022300330,ATL,19
0022300332,HOU,19
0022300328,IND,25
0022300327,PHI,23
0022300326,NOP,17
0022300337,CHI,19
0022300334,DET,23
0022300338,IND,15
0022300339,GSW,15
0022300343,LAC,21
0022300338,MIN,16
0022300335,CHA,14
0022300341,DAL,17
0022300342,UTA,12
0022300336,CLE,22
0022300336,ATL,21
0022300337,MIA,19
0022300341,POR,21
0022300340,OKC,19
0022300339,BKN,21
0022300343,NYK,22
0022300340,DEN,22
0022300342,SAC,17
0022300334,MIL,24
0022300335,PHI,17
0022300346,HOU,21
0022300344,BOS,19
0022300347,WAS,25
0022300348,GSW,20
0022300345,NOP,19
0022300344,ORL,16
0022300345,SAS,15
0022300348,POR,20
0022300346,MIL,23
0022300347,PHX,16
0022300359,NYK,16
0022300353,MIN,19
0022300353,MIA,18
0022300357,UTA,20
0022300359,LAL,17
0022300350,LAC,19
0022300351,CHI,15
0022300358,WAS,21
0022300352,DET,26
0022300349,HOU,32
0022300351,PHI,17
0022300356,DEN,19
0022300356,DAL,20
0022300349,CLE,25
0022300350,IND,21
0022300355,MEM,19
0022300354,CHA,19
0022300357,BKN,17
0022300355,OKC,18
0022300358,SAC,24
0022300352,ATL,24
0022300354,TOR,16
0022300361,SAS,17
0022300363,POR,18
0022300363,PHX,15
0022300361,MIL,15
0022300362,GSW,15
0022300360,MEM,19
0022300362,BOS,13
0022300360,NOP,23
0022300370,CHI,15
0022300366,ORL,24
0022300367,PHI,25
0022300368,NYK,15
0022300368,BKN,20
0022300366,MIA,17
0022300365,CHA,18
0022300367,MIN,22
0022300373,BOS,17
0022300371,HOU,23
0022300373,SAC,15
0022300364,UTA,22
0022300370,LAL,11
0022300372,LAC,22
0022300369,TOR,12
0022300371,ATL,18
0022300372,DAL,19
0022300369,DEN,13
0022300364,CLE,23
0022300365,IND,20
0022300380,MIN,19
0022300378,ORL,23
0022300380,LAL,18
0022300378,MIL,22
0022300377,MEM,14
0022300381,WAS,17
0022300376,CHI,18
0022300375,NOP,15
0022300375,CLE,13
0022300376,SAS,11
0022300379,OKC,11
0022300379,LAC,18
0022300374,DET,19
0022300377,IND,21
0022300381,POR,27
0022300374,UTA,18
0022300384,ATL,23
0022300383,DEN,19
0022300382,TOR,16
0022300387,SAC,24
0022300387,PHX,19
0022300384,MIA,18
0022300385,HOU,22
0022300383,BKN,23
0022300386,WAS,16
0022300385,DAL,17
0022300382,PHI,21
0022300386,GSW,17
0022300397,OKC,17
0022300388,NYK,22
0022300400,SAC,20
0022300394,DET,25
0022300388,MIL,22
0022300391,IND,30
0022300391,ORL,18
0022300399,GSW,14
0022300400,MIN,18
0022300398,DAL,18
0022300393,MEM,16
0022300389,LAC,24
0022300396,CHI,22
0022300392,HOU,20
0022300396,CLE,16
0022300398,SAS,16
0022300390,CHA,15
0022300399,POR,20
0022300392,NOP,22
0022300389,BOS,19
0022300397,LAL,13
0022300395,UTA,17
0022300395,TOR,17
0022300393,ATL,22
0022300394,BKN,22
0022300390,DEN,21
0022300403,BOS,17
0022300404,PHI,22
0022300401,NYK,18
0022300401,MIL,23
0022300404,MIA,17
0022300405,DAL,20
0022300403,LAL,19
0022300405,PHX,21
0022300402,GSW,23
0022300402,DEN,17
0022300411,OKC,24
0022300406,DET,27
0022300407,WAS,21
0022300409,HOU,16
0022300413,SAC,16
0022300413,POR,17
0022300412,UTA,21
0022300408,CHI,17
0022300410,MEM,24
0022300408,ATL,21
0022300409,IND,22
0022300414,CHA,23
0022300411,MIN,16
0022300412,SAS,18
0022300410,NOP,26
0022300407,ORL,16
0022300406,BKN,22
0022300414,LAC,14
0022300417,BKN,17
0022300417,MIL,18
0022300419,OKC,21
0022300415,PHI,19
0022300415,ORL,18
0022300418,HOU,21
0022300420,DAL,21
0022300420,CLE,21
0022300418,PHX,17
0022300419,NYK,21
0022300416,WAS,17
0022300416,TOR,18
0022300428,CHA,14
0022300426,GSW,19
0022300423,DAL,27
0022300422,CHI,20
0022300427,SAS,20
0022300427,POR,22
0022300421,DET,21
0022300424,UTA,15
0022300422,IND,21
0022300423,MIN,21
0022300425,MEM,13
0022300426,MIA,19
0022300424,NOP,19
0022300425,DEN,19
0022300421,BOS,15
0022300428,LAL,21
0022300433,CLE,20
0022300430,WAS,19
0022300429,ORL,20
0022300429,NYK,30
0022300434,HOU,24
0022300436,CHA,17
0022300437,SAS,19
0022300431,ATL,16
0022300437,POR,19
0022300431,SAC,20
0022300432,TOR,15
0022300433,MIL,15
0022300435,OKC,20
0022300434,PHI,21
0022300438,MEM,22
0022300435,DEN,17
0022300432,BOS,17
0022300438,LAC,19
0022300430,BKN,13
0022300436,PHX,14
0022300443,MIN,26
0022300439,UTA,25
0022300443,LAL,15
0022300441,IND,18
0022300441,NYK,19
0022300442,CHI,15
0022300442,PHI,22
0022300444,GSW,21
0022300444,DAL,14
0022300440,DET,22
0022300439,MIA,24
0022300440,TOR,27
0022300446,NOP,22
0022300447,OKC,24
0022300450,PHX,17
0022300450,ORL,18
0022300449,MEM,14
0022300448,BOS,12
0022300445,WAS,21
0022300448,SAS,17
0022300446,LAL,15
0022300447,BKN,21
0022300449,SAC,22
0022300445,ATL,18
0022300458,LAC,20
0022300454,IND,24
0022300451,NYK,24
0022300451,MIN,22
0022300454,MIL,26
0022300456,POR,19
0022300456,PHX,20
0022300452,TOR,22
0022300457,UTA,15
0022300455,CHA,15
0022300453,DET,21
0022300458,MIA,17
0022300452,CLE,29
0022300457,DAL,15
0022300453,HOU,19
0022300455,DEN,15
0022300461,NOP,12
0022300463,GSW,19
0022300459,CHI,21
0022300464,CHA,15
0022300460,MEM,23
0022300462,OKC,22
0022300461,BKN,13
0022300459,PHI,22
0022300463,ORL,24
0022300462,BOS,15
0022300460,SAS,24
0022300464,SAC,23
0022300475,MIA,23
0022300475,LAL,14
0022300466,IND,27
0022300471,NOP,24
0022300469,HOU,19
0022300468,CHI,17
0022300476,SAC,21
0022300466,MIL,25
0022300473,LAC,18
0022300472,DAL,18
0022300476,ORL,30
0022300467,OKC,23
0022300465,WAS,14
0022300471,MIN,13
0022300468,NYK,17
0022300472,POR,34
0022300469,BKN,19
0022300473,PHX,23
0022300467,ATL,21
0022300470,MEM,19
0022300474,DET,27
0022300470,TOR,20
0022300465,CLE,13
0022300474,UTA,22
0022300477,SAS,16
0022300477,MIL,16
0022300478,GSW,20
0022300478,DEN,15
0022300491,MEM,20
0022300489,PHX,18
0022300485,HOU,15
0022300481,OKC,26
0022300483,PHI,18
0022300488,DEN,23
0022300480,ATL,11
0022300483,NYK,22
0022300489,MIA,21
0022300487,DAL,21
0022300492,TOR,20
0022300480,IND,24
0022300479,UTA,24
0022300482,WAS,19
0022300486,LAC,18
0022300484,CHA,20
0022300487,POR,15
0022300488,ORL,20
0022300490,DET,23
0022300485,MIN,18
0022300486,NOP,17
0022300481,BKN,24
0022300492,SAC,23
0022300479,BOS,23
0022300491,LAL,14
0022300482,CLE,19
0022300490,GSW,18
0022300484,CHI,17
0022300496,HOU,24
0022300494,WAS,20
0022300493,BOS,20
0022300495,UTA,18
0022300493,IND,18
0022300496,MIL,24
0022300495,PHI,20
0022300494,NYK,16
0022300505,LAC,19
0022300501,DAL,19
0022300498,POR,20
0022300499,ATL,23
0022300503,MEM,24
0022300498,BKN,25
0022300500,NOP,14
0022300497,CLE,16
0022300499,ORL,24
0022300497,SAS,18
0022300500,SAC,12
0022300501,MIN,22
0022300502,DET,20
0022300504,TOR,14
0022300505,LAL,11
0022300504,GSW,11
0022300503,PHX,27
0022300502,DEN,23
0022300509,HOU,31
0022300510,UTA,15
0022300507,BOS,20
0022300511,LAC,21
0022300507,IND,23
0022300506,CHA,22
0022300509,MIA,21
0022300511,PHX,20
0022300508,WAS,23
0022300510,MIL,20
0022300508,OKC,21
0022300506,CHI,18
0022300516,TOR,26
0022300513,ORL,22
0022300514,POR,17
0022300513,MIN,18
0022300514,NYK,16
0022300512,DET,19
0022300515,MEM,18
0022300516,LAL,16
0022300515,DAL,17
0022300512,SAC,21
0022300522,OKC,19
0022300517,BOS,19
0022300520,WAS,23
0022300521,ATL,21
0022300518,CHA,16
0022300519,DET,19
0022300521,PHI,28
0022300517,MIN,27
0022300525,GSW,19
0022300523,HOU,18
0022300524,UTA,19
0022300525,NOP,19
0022300523,CHI,19
0022300526,TOR,17
0022300522,MIA,13
0022300526,LAC,17
0022300524,DEN,23
0022300520,IND,22
0022300519,SAS,15
0022300518,SAC,15
0022300531,PHX,16
0022300528,BOS,13
0022300527,CLE,24
0022300530,DAL,19
0022300531,LAL,19
0022300529,OKC,10
0022300528,MIL,22
0022300527,BKN,29
0022300530,NYK,25
0022300529,POR,19
0022300535,ORL,20
0022300538,POR,19
0022300535,MIA,17
0022300533,ATL,13
0022300532,SAC,18
0022300538,MIN,23
0022300532,PHI,19
0022300541,CHA,24
0022300533,IND,21
0022300539,DEN,18
0022300536,GSW,16
0022300539,NOP,10
0022300536,CHI,21
0022300534,DET,21
0022300537,MEM,21
0022300540,UTA,23
0022300540,TOR,21
0022300537,LAC,16
0022300534,HOU,16
0022300541,SAS,20
0022300549,UTA,20
0022300545,GSW,16
0022300544,MEM,16
0022300546,OKC,19
0022300548,CHI,18
0022300543,WAS,22
0022300542,HOU,18
0022300547,DAL,25
0022300548,SAS,19
0022300547,NOP,20
0022300545,MIL,15
0022300542,BOS,21
0022300546,ORL,22
0022300549,LAL,23
0022300544,NYK,15
0022300543,ATL,20
0022300551,CHA,17
0022300552,SAC,19
0022300553,LAC,24
0022300550,DEN,18
0022300554,POR,21
0022300554,PHX,20
0022300552,MIL,22
0022300550,IND,21
0022300553,MIN,23
0022300551,MIA,15
0022300565,OKC,18
0022300562,BKN,17
0022300562,MIA,16
0022300557,ORL,20
0022300557,NYK,20
0022300564,UTA,17
0022300555,HOU,23
0022300559,ATL,19
0022300559,SAS,18
0022300563,TOR,21
0022300561,CHI,17
0022300556,DAL,29
0022300561,CLE,14
0022300556,NOP,28
0022300560,MEM,12
0022300555,PHI,24
0022300565,LAL,12
0022300563,BOS,16
0022300564,IND,31
0022300560,GSW,25
0022300558,DET,13
0022300558,WAS,19
0022300566,DEN,19
0022300567,SAC,20
0022300567,PHX,15
0022300566,PHI,21
0022300568,OKC,19
0022300568,LAC,18
0022300577,DAL,19
0022300574,TOR,14
0022300572,CLE,9
0022300569,DET,18
0022300578,POR,16
0022300573,HOU,18
0022300570,ATL,17
0022300578,BKN,14
0022300571,BOS,15
0022300570,ORL,22
0022300571,SAS,15
0022300572,MIL,18
0022300575,CHA,19
0022300577,LAL,15
0022300573,NYK,20
0022300574,MIA,13
0022300569,MIN,14
0022300575,NOP,14
0022300582,MEM,23
0022300579,WAS,24
0022300583,SAC,20
0022300583,IND,20
0022300580,TOR,18
0022300581,UTA,21
0022300580,CHI,22
0022300581,OKC,29
0022300582,MIN,13
0022300579,NYK,18
0022300591,BKN,17
0022300587,ATL,20
0022300591,LAL,11
0022300585,PHI,23
0022300590,POR,21
0022300585,ORL,23
0022300588,NOP,16
0022300590,IND,26
0022300584,CHA,16
0022300587,MIA,17
0022300586,DEN,13
0022300588,PHX,17
0022300586,BOS,17
0022300584,SAS,17
0022300592,DET,30
0022300599,OKC,20
0022300596,TOR,18
0022300593,CHA,20
0022300594,WAS,21
0022300595,CLE,16
0022300595,ATL,15
0022300597,MEM,13
0022300598,UTA,24
0022300599,MIN,26
0022300596,NYK,20
0022300598,HOU,22
0022300597,CHI,18
0022300594,SAS,19
0022300592,MIL,18
0022300593,PHI,12
0022300605,POR,21
0022300601,ORL,16
0022300600,LAC,18
0022300601,MIA,22
0022300604,PHX,24
0022300604,IND,20
0022300605,LAL,18
0022300603,HOU,17
0022300602,WAS,23
0022300603,BOS,17
0022300600,BKN,21
0022300602,DEN,16
0022300606,DET,25
0022300610,CHA,20
0022300607,CLE,20
0022300608,SAS,22
0022300612,CHI,18
0022300613,ATL,19
0022300608,PHI,20
0022300613,SAC,21
0022300611,DAL,20
0022300607,ORL,17
0022300612,PHX,13
0022300611,BOS,20
0022300609,MEM,15
0022300609,TOR,14
0022300606,MIL,22
0022300610,MIN,15
0022300618,LAC,17
0022300615,NYK,13
0022300615,BKN,19
0022300614,DEN,17
0022300617,OKC,18
0022300616,UTA,15
0022300614,IND,16
0022300618,LAL,15
0022300617,POR,19
0022300616,NOP,24
0022300621,MEM,19
0022300624,CLE,18
0022300620,WAS,22
0022300625,DAL,16
0022300623,HOU,19
0022300622,OKC,20
0022300626,GSW,18
0022300624,MIL,16
0022300625,PHX,20
0022300626,ATL,16
0022300623,POR,18
0022300622,SAS,14
0022300621,MIA,17
0022300620,MIN,22
0022300619,CHA,22
0022300619,DET,17
0022300633,CHI,18
0022300630,BOS,10
0022300629,BKN,15
0022300629,MIN,17
0022300631,DEN,20
0022300627,PHI,20
0022300627,IND,33
0022300632,GSW,19
0022300630,MIA,12
0022300633,LAL,21
0022300631,NYK,14
0022300632,SAC,21
0022300628,WAS,14
0022300628,UTA,19
0022300639,CLE,22
0022300638,MEM,21
0022300636,PHX,17
0022300636,IND,17
0022300641,SAS,11
0022300641,POR,20
0022300634,DAL,25
0022300639,MIL,24
0022300640,OKC,11
0022300634,ATL,24
0022300635,CHA,25
0022300637,TOR,18
0022300640,NOP,16
0022300637,LAC,17
0022300638,ORL,14
0022300635,HOU,20
0022300650,GSW,34
0022300643,NYK,15
0022300648,NOP,17
0022300649,SAS,14
0022300645,HOU,29
0022300643,MIA,18
0022300644,DEN,15
0022300651,DAL,24
0022300649,MIN,13
0022300646,LAC,20
0022300648,MIL,25
0022300651,SAC,20
0022300644,PHI,29
0022300650,LAL,21
0022300645,BKN,22
0022300646,BOS,13
0022300647,CHA,22
0022300642,DET,20
0022300642,WAS,19
0022300647,UTA,18
0022300655,PHX,19
0022300652,MEM,20
0022300655,ORL,21
0022300656,CHI,19
0022300653,TOR,30
0022300656,POR,21
0022300654,DET,11
0022300653,ATL,21
0022300652,IND,26
0022300654,OKC,18
0022300662,HOU,19
0022300661,PHX,16
0022300667,DEN,22
0022300664,OKC,17
0022300660,UTA,14
0022300657,CHA,14
0022300666,DAL,24
0022300668,POR,24
0022300661,MIA,18
0022300668,PHI,25
0022300663,MEM,16
0022300665,WAS,15
0022300659,NOP,14
0022300658,LAC,21
0022300659,BOS,15
0022300666,ORL,33
0022300667,MIL,22
0022300662,LAL,13
0022300658,CLE,18
0022300664,MIN,19
0022300660,BKN,24
0022300663,SAC,17
0022300665,SAS,17
0022300657,NYK,16
0022300669,ATL,18
0022300671,UTA,16
0022300670,BOS,16
0022300673,GSW,20
0022300669,LAL,16
0022300670,IND,21
0022300672,TOR,20
0022300673,PHI,24
0022300672,CHI,16
0022300671,NYK,16
0022300678,SAC,17
0022300683,POR,20
0022300680,DAL,24
0022300677,PHX,12
0022300681,SAS,20
0022300677,BKN,24
0022300683,MIL,17
0022300678,MIA,16
0022300681,ORL,20
0022300675,DET,17
0022300679,HOU,21
0022300674,CHA,18
0022300680,MIN,24
0022300682,OKC,14
0022300679,NOP,22
0022300676,WAS,19
0022300682,DEN,23
0022300676,LAC,16
0022300675,CLE,15
0022300674,CHI,13
0022300684,BOS,19
0022300685,IND,25
0022300685,NYK,14
0022300686,UTA,15
0022300684,LAL,8
0022300687,MEM,19
0022300686,PHI,22
0022300687,CLE,16
0022300689,WAS,25
0022300694,ORL,17
0022300694,MIN,20
0022300691,SAC,17
0022300690,ATL,13
0022300697,DEN,20
0022300691,IND,20
0022300696,NOP,17
0022300690,PHX,17
0022300696,SAS,16
0022300697,POR,16
0022300693,MEM,20
0022300692,TOR,18
0022300688,DET,18
0022300695,CHA,21
0022300692,HOU,20
0022300693,GSW,17
0022300689,MIA,18
0022300688,LAC,21
0022300695,OKC,17
0022300701,NYK,20
0022300702,DAL,19
0022300698,PHI,17
0022300701,LAL,16
0022300698,BKN,20
0022300700,CHI,20
0022300703,CLE,19
0022300699,GSW,23
0022300703,SAS,13
0022300700,SAC,18
0022300702,MIL,21
0022300699,ATL,20
0022300708,LAC,12
0022300711,UTA,24
0022300709,HOU,26
0022300704,DET,18
0022300707,CHA,16
0022300705,WAS,19
0022300712,DEN,11
0022300706,MEM,15
0022300712,POR,16
0022300709,MIN,19
0022300708,MIA,19
0022300710,TOR,16
0022300710,OKC,15
0022300711,MIL,21
0022300706,BOS,13
0022300705,PHX,12
0022300704,ORL,18
0022300707,IND,15
0022300713,CHA,16
0022300717,GSW,17
0022300715,DAL,16
0022300714,CLE,15
0022300716,LAC,19
0022300714,SAC,18
0022300718,TOR,12
0022300715,PHI,21
0022300717,BKN,23
0022300716,ATL,22
0022300718,NOP,13
0022300713,LAL,12
0022300721,ORL,17
0022300725,PHX,19
0022300723,CHI,22
0022300720,DAL,12
0022300722,MEM,15
0022300721,MIA,19
0022300719,HOU,16
0022300725,MIL,21
0022300723,MIN,25
0022300720,BKN,13
0022300719,IND,20
0022300724,UTA,17
0022300724,OKC,16
0022300722,NYK,12
0022300730,SAS,21
0022300727,GSW,21
0022300732,DET,21
0022300730,MIA,20
0022300729,BOS,16
0022300729,ATL,13
0022300728,WAS,23
0022300731,LAC,17
0022300727,PHI,16
0022300731,NOP,17
0022300726,CHA,20
0022300728,CLE,11
0022300732,SAC,20
0022300726,TOR,17
0022300740,DEN,17
0022300738,MIN,17
0022300738,MIL,10
0022300735,CLE,18
0022300736,DAL,13
0022300734,SAS,16
0022300733,GSW,22
0022300739,UTA,14
0022300741,DET,23
0022300734,ORL,20
0022300735,BKN,17
0022300737,MEM,24
0022300736,NYK,19
0022300740,LAL,10
0022300733,IND,17
0022300739,PHX,22
0022300737,CHI,16
0022300741,POR,27
0022300747,NOP,22
0022300745,CHA,20
0022300742,ATL,19
0022300746,DEN,16
0022300742,PHI,24
0022300743,WAS,25
0022300747,LAL,20
0022300746,SAC,22
0022300744,TOR,17
0022300744,HOU,20
0022300743,BOS,17
0022300745,MIL,24
0022300750,SAS,11
0022300755,IND,20
0022300752,CHI,24
0022300755,NYK,15
0022300753,WAS,23
0022300757,GSW,20
0022300758,NOP,14
0022300750,BKN,23
0022300754,HOU,26
0022300756,TOR,14
0022300758,POR,14
0022300752,ORL,18
0022300748,OKC,23
0022300757,PHX,13
0022300754,ATL,18
0022300749,DET,19
0022300748,DAL,23
0022300756,CLE,18
0022300751,CHA,9
0022300753,PHI,18
0022300749,LAC,13
0022300751,MEM,13
0022300759,BOS,13
0022300760,OKC,17
0022300759,MIA,14
0022300760,SAC,22
0022300767,DEN,14
0022300770,LAC,14
0022300765,HOU,16
0022300761,CHA,17
0022300762,CLE,17
0022300764,TOR,20
0022300763,CHI,22
0022300762,PHI,22
0022300766,MEM,17
0022300763,ATL,20
0022300768,WAS,25
0022300767,MIL,19
0022300769,UTA,17
0022300765,NYK,23
0022300770,MIN,20
0022300764,SAS,14
0022300769,GSW,13
0022300766,NOP,18
0022300768,DAL,18
0022300761,IND,11
0022300776,DET,24
0022300773,MIL,12
0022300773,MIA,13
0022300775,POR,29
0022300771,BOS,24
0022300772,OKC,20
0022300774,SAC,27
0022300775,MIN,18
0022300774,PHX,16
0022300771,BKN,21
0022300772,ORL,19
0022300776,LAL,14
0022300788,UTA,21
0022300779,PHI,20
0022300780,BOS,13
0022300778,ORL,22
0022300778,NYK,11
0022300782,TOR,20
0022300779,MIA,17
0022300787,DET,32
0022300786,DEN,18
0022300785,DAL,14
0022300777,CHA,18
0022300780,BKN,12
0022300781,CHI,21
0022300784,WAS,22
0022300781,CLE,18
0022300785,SAS,9
0022300786,SAC,18
0022300789,LAC,21
0022300783,MEM,20
0022300789,GSW,25
0022300782,IND,20
0022300788,LAL,13
0022300783,HOU,25
0022300784,NOP,21
0022300787,PHX,20
0022300777,ATL,20
0022300790,MEM,16
0022300791,POR,23
0022300791,MIN,22
0022300576,UTA,22
0022300576,GSW,19
0022300790,MIL,22
0022300802,GSW,19
0022300795,TOR,18
0022300794,PHI,23
0022300792,CLE,18
0022300793,DET,21
0022300794,NYK,13
0022300796,DAL,21
0022300803,SAS,12
0022300803,SAC,12
0022300797,CHI,17
0022300792,ORL,23
0022300798,HOU,18
0022300797,BOS,16
0022300796,PHX,21
0022300800,WAS,15
0022300802,LAL,18
0022300798,NOP,21
0022300799,OKC,16
0022300799,LAC,15
0022300795,BKN,24
0022300801,CHA,23
0022300800,DEN,16
0022300793,IND,15
0022300801,UTA,21
0022300813,SAS,14
0022300810,NOP,19
0022300808,MIN,18
0022300808,MIL,18
0022300805,CLE,15
0022300806,HOU,23
0022300812,DEN,17
0022300813,LAL,18
0022300804,TOR,20
0022300805,PHI,25
0022300810,MIA,14
0022300812,POR,17
0022300811,CHA,15
0022300806,PHX,20
0022300807,MEM,17
0022300809,WAS,17
0022300804,ATL,11
0022300807,LAC,20
0022300809,OKC,22
0022300811,GSW,15
0022300815,BKN,17
0022300815,MIN,14
0022300816,BOS,16
0022300814,DET,21
0022300816,NYK,15
0022300814,ORL,15
0022300818,PHX,12
0022300817,PHI,18
0022300821,ATL,17
0022300819,DAL,13
0022300817,MIL,13
0022300818,LAL,14
0022300826,CHA,12
0022300827,LAC,14
0022300825,UTA,17
0022300821,ORL,19
0022300820,WAS,22
0022300823,CHI,15
0022300823,NOP,17
0022300819,IND,16
0022300824,GSW,18
0022300824,DEN,20
0022300822,OKC,22
0022300827,SAC,15
0022300822,HOU,16
0022300825,SAS,17
0022300820,CLE,16
0022300826,POR,16
0022300831,SAC,20
0022300830,MEM,13
0022300828,DET,15
0022300829,TOR,17
0022300831,MIA,12
0022300829,IND,19
0022300830,BKN,24
0022300828,NYK,16
0022300842,POR,25
0022300840,CHA,16
0022300838,SAS,15
0022300833,ORL,22
0022300837,NOP,21
0022300833,BKN,22
0022300836,BOS,16
0022300842,MIA,19
0022300838,MIN,14
0022300835,UTA,15
0022300836,PHI,23
0022300832,DAL,12
0022300837,NYK,20
0022300839,DET,19
0022300832,CLE,12
0022300834,WAS,12
0022300841,OKC,14
0022300841,HOU,16
0022300835,ATL,15
0022300834,GSW,11
0022300839,CHI,18
0022300840,MIL,17
0022300848,LAC,17
0022300845,MEM,22
0022300843,NOP,12
0022300847,DEN,17
0022300846,CHI,18
0022300843,IND,21
0022300846,CLE,25
0022300844,TOR,21
0022300847,SAC,14
0022300848,LAL,12
0022300844,DAL,20
0022300845,MIN,19
0022300856,WAS,19
0022300855,DEN,23
0022300849,CHA,18
0022300851,ATL,14
0022300852,GSW,19
0022300850,UTA,22
0022300854,HOU,29
0022300853,OKC,15
0022300851,BKN,16
0022300855,MIA,16
0022300852,NYK,15
0022300854,PHX,21
0022300853,SAS,20
0022300850,ORL,20
0022300856,LAL,16
0022300849,MIL,18
0022300864,CHI,21
0022300862,SAC,29
0022300863,NOP,17
0022300858,CHA,13
0022300861,MEM,17
0022300862,MIN,22
0022300859,DAL,12
0022300857,DET,23
0022300863,IND,21
0022300864,MIL,18
0022300859,BOS,15
0022300860,TOR,14
0022300865,WAS,17
0022300860,GSW,14
0022300861,POR,20
0022300865,LAC,13
0022300857,CLE,20
0022300858,PHI,17
0022300869,DEN,8
0022300867,UTA,19
0022300866,ATL,19
0022300870,HOU,22
0022300868,MEM,17
0022300866,BKN,19
0022300869,LAL,9
0022300870,PHX,17
0022300867,MIA,20
0022300868,POR,25
0022300873,LAC,12
0022300876,CLE,11
0022300874,DET,19
0022300877,SAS,17
0022300871,DAL,18
0022300878,OKC,15
0022300877,IND,14
0022300872,GSW,13
0022300876,NYK,13
0022300871,PHI,19
0022300872,BOS,19
0022300873,MIN,14
0022300878,PHX,15
0022300875,CHA,15
0022300874,ORL,16
0022300875,TOR,16
0022300884,OKC,20
0022300880,LAC,21
0022300881,POR,26
0022300879,MEM,22
0022300881,MIN,17
0022300883,CHI,17
0022300883,SAC,22
0022300880,MIL,20
0022300884,LAL,15
0022300882,WAS,15
0022300879,BKN,20
0022300882,UTA,16
0022300888,DET,16
0022300887,PHI,24
0022300889,ATL,13
0022300885,CHA,19
0022300892,DAL,23
0022300887,BKN,16
0022300893,DEN,15
0022300891,HOU,15
0022300889,NYK,18
0022300886,CLE,10
0022300886,BOS,13
0022300890,TOR,11
0022300892,IND,21
0022300893,PHX,19
0022300891,SAS,12
0022300890,NOP,19
0022300888,MIA,14
0022300885,ORL,16
0022300901,SAC,23
0022300899,GSW,13
0022300894,WAS,20
0022300896,MEM,14
0022300900,OKC,18
0022300901,LAL,14
0022300895,CLE,16
0022300895,ATL,17
0022300898,UTA,14
0022300899,MIL,10
0022300897,LAC,17
0022300897,HOU,21
0022300900,POR,28
0022300898,CHI,13
0022300896,PHI,21
0022300894,ORL,14
0022300904,DAL,16
0022300903,IND,24
0022300902,DET,18
0022300903,MIN,20
0022300905,TOR,20
0022300908,SAS,20
0022300908,SAC,15
0022300906,DEN,19
0022300907,GSW,22
0022300904,MIA,20
0022300906,BOS,18
0022300907,CHI,22
0022300905,PHX,16
0022300902,BKN,17
0022300915,MIL,17
0022300914,OKC,16
0022300915,LAL,16
0022300911,CLE,20
0022300912,ORL,12
0022300912,NYK,14
0022300909,NOP,18
0022300916,HOU,15
0022300913,MEM,19
0022300911,MIN,25
0022300909,PHI,19
0022300916,POR,16
0022300914,MIA,16
0022300913,ATL,20
0022300910,CHA,19
0022300910,WAS,20
0022300918,CHA,18
0022300920,BOS,12
0022300923,TOR,18
0022300921,GSW,24
0022300920,PHX,14
0022300917,LAC,20
0022300919,DET,26
0022300922,UTA,15
0022300921,SAS,22
0022300917,CHI,19
0022300923,POR,18
0022300922,DEN,22
0022300919,DAL,18
0022300918,BKN,14
0022300932,MIN,18
0022300926,WAS,18
0022300924,LAC,23
0022300932,LAL,12
0022300930,CLE,17
0022300927,PHI,18
0022300928,IND,21
0022300928,ORL,27
0022300927,NYK,14
0022300929,HOU,18
0022300925,NOP,10
0022300930,BKN,17
0022300925,ATL,15
0022300929,SAC,20
0022300924,MIL,15
0022300931,MEM,14
0022300931,OKC,18
0022300926,MIA,18
0022300934,CLE,18
0022300938,BOS,11
0022300936,GSW,19
0022300938,POR,11
0022300934,PHX,18
0022300935,DAL,17
0022300935,CHI,12
0022300937,TOR,16
0022300936,SAS,15
0022300937,DEN,14
0022300933,CHA,16
0022300933,DET,19
0022300945,SAC,26
0022300944,LAC,18
0022300939,PHI,16
0022300941,OKC,16
0022300939,NYK,15
0022300945,MIL,18
0022300942,HOU,19
0022300943,UTA,18
0022300942,SAS,20
0022300944,MIN,20
0022300941,IND,11
0022300943,BOS,14
0022300940,WAS,18
0022300940,MEM,19
0022300954,SAC,19
0022300949,DEN,13
0022300947,ORL,20
0022300947,BKN,19
0022300948,CHI,21
0022300953,ATL,23
0022300954,LAL,12
0022300953,POR,21
0022300951,NOP,13
0022300951,CLE,18
0022300948,IND,25
0022300952,GSW,20
0022300949,MIA,13
0022300952,DAL,16
0022300946,DET,21
0022300950,CHA,11
0022300946,TOR,20
0022300950,MEM,19
0022300958,PHI,18
0022300960,POR,19
0022300958,MIL,14
0022300955,BOS,13
0022300960,NYK,18
0022300955,PHX,12
0022300956,LAC,16
0022300959,OKC,24
0022300957,WAS,19
0022300956,CHI,14
0022300959,DAL,20
0022300957,HOU,19
0022300962,DET,16
0022300963,TOR,24
0022300961,CHA,16
0022300965,DEN,20
0022300966,UTA,21
0022300964,LAC,17
0022300965,SAS,13
0022300964,NOP,21
0022300963,ORL,15
0022300966,ATL,16
0022300962,MIA,16
0022300961,PHX,20
0022300973,GSW,19
0022300974,UTA,14
0022300968,IND,23
0022300975,SAC,20
0022300968,BKN,18
0022300969,CHA,21
0022300970,NOP,13
0022300975,NYK,21
0022300967,HOU,19
0022300970,POR,15
0022300971,WAS,21
0022300973,LAL,13
0022300967,CLE,12
0022300972,MEM,20
0022300974,MIN,16
0022300972,OKC,19
0022300971,CHI,16
0022300969,PHI,23
0022300977,DET,19
0022300976,PHX,16
0022300981,SAS,17
0022300979,TOR,18
0022300976,MIL,12
0022300981,BKN,20
0022300982,LAC,13
0022300980,WAS,20
0022300978,DEN,16
0022300978,DAL,21
0022300982,ATL,22
0022300979,ORL,16
0022300980,BOS,17
0022300977,MIA,11
0022300990,ATL,14
0022300985,PHI,16
0022300987,UTA,13
0022300988,GSW,16
0022300983,CLE,18
0022300985,MIA,13
0022300986,CHI,21
0022300989,MEM,23
0022300990,LAL,15
0022300984,DET,15
0022300983,IND,24
0022300986,POR,24
0022300988,NYK,17
0022300987,MIN,15
0022300989,SAC,25
0022300984,BOS,9
0022300995,DEN,19
0022300993,NOP,19
0022300991,CHA,13
0022300994,DAL,18
0022300993,BKN,13
0022300994,SAS,14
0022300995,MIN,16
0022300992,WAS,27
0022300992,HOU,15
0022300991,ORL,10
0022300996,CLE,19
0022300998,BOS,18
0022300997,DET,14
0022301002,PHX,18
0022301002,PHI,12
0022301003,LAC,13
0022300999,TOR,15
0022300998,MIL,25
0022300996,MIA,20
0022301001,MEM,15
0022301003,POR,16
0022301000,UTA,22
0022300999,SAC,16
0022301000,OKC,16
0022301001,GSW,17
0022300997,IND,16
0022301007,BKN,12
0022301007,MIL,17
0022301009,DEN,14
0022301004,NOP,18
0022301010,ATL,23
0022301005,WAS,19
0022301010,PHX,19
0022301004,ORL,16
0022301006,HOU,21
0022301008,UTA,23
0022301009,NYK,18
0022301006,CHI,17
0022301008,DAL,20
0022301005,SAC,20
0022301018,PHI,23
0022301013,NOP,13
0022301014,CLE,14
0022301016,GSW,15
0022301018,LAL,16
0022301017,LAC,21
0022301015,MEM,17
0022301011,DET,23
0022301014,MIN,12
0022301013,MIA,9
0022301016,IND,14
0022301017,POR,19
0022301012,TOR,18
0022301012,OKC,20
0022301015,SAS,23
0022301011,BOS,15
0022301019,NYK,15
0022301019,BKN,15
0022301020,SAC,19
0022301025,SAS,9
0022301026,DEN,17
0022301020,ORL,20
0022301025,PHX,18
0022301021,CHA,9
0022301023,CHI,18
0022301023,BOS,9
0022301026,POR,24
0022301024,UTA,11
0022301022,WAS,18
0022301024,HOU,26
0022301022,TOR,20
0022301021,ATL,14
0022301032,IND,31
0022301029,CLE,16
0022301030,OKC,16
0022301031,GSW,19
0022301032,LAL,14
0022301028,LAC,11
0022301029,MIA,17
0022301027,DET,25
0022301031,MIN,17
0022301028,PHI,18
0022301030,MIL,21
0022301027,NOP,22
0022301036,TOR,15
0022301035,DET,22
0022301043,LAC,19
0022301042,SAC,18
0022301039,SAS,15
0022301038,HOU,16
0022301042,PHI,25
0022301039,PHX,14
0022301034,BOS,16
0022301034,ATL,18
0022301033,CHA,13
0022301037,WAS,21
0022301041,UTA,15
0022301040,MEM,15
0022301038,POR,25
0022301043,IND,21
0022301036,BKN,16
0022301041,DAL,17
0022301040,DEN,23
0022301037,CHI,14
0022301035,NYK,18
0022301033,CLE,15
0022301045,MIL,26
0022301044,GSW,20
0022301045,LAL,13
0022301047,DAL,18
0022301046,OKC,17
0022301047,SAC,15
0022301044,MIA,9
0022301046,NOP,18
0022301055,MEM,23
0022301056,DET,14
0022301050,WAS,21
0022301053,TOR,17
0022301049,GSW,18
0022301054,CHI,19
0022301052,LAC,16
0022301059,DEN,13
0022301051,ATL,17
0022301058,UTA,16
0022301051,POR,18
0022301048,CHA,14
0022301054,IND,23
0022301059,PHX,13
0022301049,ORL,13
0022301057,OKC,24
0022301052,PHI,18
0022301057,HOU,24
0022301053,NYK,17
0022301058,SAS,21
0022301055,LAL,19
0022301050,BKN,16
0022301056,MIN,17
0022301048,CLE,21
0022301061,NOP,19
0022301060,BOS,15
0022301060,ATL,17
0022301061,MIL,25
0022301063,IND,14
0022301068,POR,19
0022301071,DEN,24
0022301066,CHI,18
0022301070,SAS,16
0022301064,LAC,17
0022301063,LAL,14
0022301067,CLE,17
0022301069,OKC,13
0022301068,MIA,13
0022301073,DAL,12
0022301070,NYK,24
0022301067,PHI,20
0022301066,BKN,22
0022301073,SAC,22
0022301071,MIN,20
0022301062,CHA,10
0022301072,UTA,23
0022301064,ORL,11
0022301069,PHX,15
0022301072,HOU,18
0022301065,DET,18
0022301065,WAS,18
0022301062,GSW,19
0022301076,ATL,26
0022301075,MEM,19
0022301076,MIL,18
0022301074,NOP,12
0022301074,BOS,13
0022301075,ORL,16
0022301078,BKN,17
0022301081,WAS,22
0022301084,CHI,18
0022301078,LAL,15
0022301082,OKC,23
0022301080,TOR,14
0022301086,UTA,18
0022301085,GSW,14
0022301077,DEN,19
0022301084,MIN,10
0022301083,HOU,14
0022301077,CLE,12
0022301085,SAS,12
0022301083,DAL,17
0022301079,CHA,25
0022301082,NYK,19
0022301080,PHI,17
0022301086,SAC,23
0022301081,MIA,19
0022301079,LAC,16
0022301089,IND,21
0022301090,POR,21
0022301089,BKN,19
0022301092,NOP,17
0022301090,ORL,17
0022301091,CHI,17
0022301087,CHA,15
0022301092,PHX,21
0022301091,ATL,21
0022301088,DET,16
0022301088,MEM,18
0022301087,BOS,15
0022301094,TOR,19
0022301096,NYK,17
0022301095,WAS,20
0022301098,HOU,23
0022301096,MIA,17
0022301093,OKC,18
0022301101,LAC,21
0022301099,DEN,15
0022301100,UTA,22
0022300589,GSW,18
0022301099,SAS,19
0022300589,DAL,14
0022301098,MIN,17
0022301101,SAC,18
0022301093,PHI,20
0022301094,LAL,17
0022301100,CLE,14
0022301095,MIL,17
0022301103,WAS,22
0022301107,MEM,12
0022301108,TOR,15
0022301106,IND,21
0022301109,NOP,26
0022301106,BKN,16
0022301110,CLE,14
0022301102,CHA,15
0022301104,DET,13
0022301105,OKC,11
0022301110,PHX,17
0022301109,ORL,20
0022301105,BOS,18
0022301108,MIN,12
0022301107,MIL,14
0022301103,LAL,10
0022301104,ATL,13
0022301102,POR,19
0022301111,PHI,15
0022301112,SAC,23
0022301111,MIA,10
0022301112,NYK,20
0022301124,DAL,17
0022301124,ATL,22
0022301114,LAC,20
0022301113,HOU,19
0022301113,GSW,23
0022301114,DEN,19
0022301120,HOU,13
0022301122,TOR,18
0022301125,PHX,19
0022301119,CHI,19
0022301115,CHA,22
0022301116,OKC,17
0022301125,MIN,20
0022301117,WAS,21
0022301118,BOS,11
0022301123,NOP,17
0022301118,SAC,15
0022301123,SAS,13
0022301119,NYK,15
0022301097,GSW,19
0022301097,DAL,17
0022301120,MIA,18
0022301126,UTA,16
0022301116,IND,23
0022301122,MIL,24
0022301126,LAC,22
0022301121,DET,14
0022301117,POR,23
0022301121,MEM,14
0022301115,ORL,19
0022301127,CLE,11
0022301128,DET,24
0022301129,MEM,18
0022301130,DEN,21
0022301127,LAL,12
0022301130,ATL,18
0022301129,PHI,22
0022301128,BKN,11
0022301143,MIN,20
0022301133,IND,24
0022301139,NYK,22
0022301143,LAL,14
0022301141,SAC,17
0022301139,MIL,16
0022301136,CHI,17
0022301133,MIA,22
0022301140,SAS,17
0022301138,NOP,17
0022301134,BOS,12
0022301141,BKN,14
0022301140,PHI,20
0022301134,POR,12
0022301132,LAC,22
0022301138,PHX,17
0022301136,ORL,17
0022301131,HOU,34
0022301142,UTA,9
0022301131,DAL,26
0022301132,CLE,16
0022301135,CHA,14
0022301137,WAS,25
0022301142,GSW,19
0022301137,TOR,26
0022301135,OKC,17
0022301155,GSW,17
0022301147,ATL,23
0022301148,BOS,8
0022301152,WAS,22
0022301149,CHI,18
0022301150,HOU,21
0022301146,TOR,20
0022301145,DET,17
0022301156,LAC,22
0022301157,NOP,9
0022301153,OKC,18
0022301151,MEM,13
0022301147,MIA,16
0022301148,MIL,4
0022301157,POR,19
0022301149,NYK,15
0022301144,CHA,16
0022301154,UTA,9
0022301155,LAL,14
0022301150,ORL,15
0022301156,PHX,13
0022301153,SAC,22
0022301146,IND,23
0022301154,DEN,10
0022301151,SAS,12
0022301152,MIN,14
0022301145,PHI,18
0022301144,DAL,19
0022301161,DAL,13
0022301162,ORL,15
0022301164,DEN,21
0022301160,TOR,22
0022301162,MIL,20
0022301165,LAC,13
0022301163,OKC,16
0022301159,CHA,18
0022301158,MEM,21
0022301161,MIA,16
0022301164,MIN,21
0022301165,PHX,13
0022301163,SAS,14
0022301160,BKN,16
0022301158,CLE,15
0022301159,ATL,20
0022301167,BOS,16
0022301169,GSW,18
0022301170,NOP,16
0022301167,NYK,12
0022301170,SAC,17
0022301166,DET,12
0022301169,POR,18
0022301168,UTA,20
0022301168,HOU,18
0022301166,CHI,15
0022301177,MEM,27
0022301176,TOR,21
0022301179,OKC,12
0022301178,ATL,25
0022301175,NYK,15
0022301175,BKN,19
0022301171,PHI,20
0022301174,CLE,14
0022301171,ORL,21
0022301185,SAC,19
0022301183,HOU,20
0022301185,PHX,16
0022301180,DEN,19
0022301178,MIN,22
0022301173,CHA,15
0022301174,IND,17
0022301182,GSW,15
0022301172,WAS,22
0022301181,DET,10
0022301180,SAS,13
0022301182,NOP,13
0022301183,POR,14
0022301184,UTA,14
0022301179,MIL,15
0022301176,MIA,16
0022301184,LAC,17
0022301177,LAL,17
0022301172,CHI,25
0022301181,DAL,9
0022301173,BOS,20
0022301195,NOP,17
0022301189,TOR,21
0022301191,ORL,18
0022301194,PHX,24
0022301192,PHI,16
0022301190,CHI,21
0022301191,MIL,18
0022301188,ATL,12
0022301192,BKN,14
0022301194,MIN,20
0022301200,SAC,19
0022301200,POR,19
0022301197,DET,9
0022301188,IND,24
0022301186,WAS,16
0022301187,CHA,11
0022301195,LAL,13
0022301190,NYK,17
0022301196,OKC,17
0022301193,MEM,18
0022301198,UTA,20
0022301199,LAC,14
0022301199,HOU,13
0022301196,DAL,15
0022301189,MIA,16
0022301198,GSW,14
0022301193,DEN,17
0022301186,BOS,13
0022301197,SAS,17
0022301187,CLE,8
0022400062,MIN,22
0022400062,LAL,22
0022400061,BOS,15
0022400061,NYK,12
0022400065,ORL,21
0022400066,PHI,28
0022400064,ATL,20
0022400065,MIA,19
0022400063,DET,21
0022400066,MIL,23
0022400071,LAC,29
0022400072,GSW,27
0022400064,BKN,32
0022400067,TOR,24
0022400069,CHI,16
0022400069,NOP,17
0022400072,POR,22
0022400068,CHA,21
0022400071,PHX,23
0022400067,CLE,22
0022400070,MEM,35
0022400070,UTA,24
0022400063,IND,23
0022400068,HOU,18
0022400076,SAC,18
0022400076,MIN,24
0022400074,DAL,21
0022400073,WAS,19
0022400074,SAS,18
0022400075,OKC,15
0022400075,DEN,12
0022400073,BOS,19
0022400085,PHX,26
0022400083,CHI,17
0022400077,ORL,19
0022400081,IND,24
0022400077,BKN,31
0022400081,NYK,18
0022400078,TOR,34
0022400085,LAL,18
0022400086,NOP,22
0022400079,CHA,28
0022400080,DET,22
0022400086,POR,22
0022400083,MIL,14
0022400084,UTA,11
0022400082,MEM,25
0022400078,PHI,32
0022400084,GSW,25
0022400082,HOU,32
0022400080,CLE,15
0022400079,ATL,28
0022400096,SAC,19
0022400088,CHA,24
0022400093,TOR,22
0022400092,MEM,24
0022400095,DAL,28
0022400096,LAL,19
0022400094,HOU,24
0022400089,DET,22
0022400090,WAS,25
0022400091,OKC,18
0022400095,PHX,17
0022400087,LAC,24
0022400094,SAS,18
0022400087,DEN,22
0022400091,CHI,19
0022400093,MIN,16
0022400092,ORL,20
0022400090,CLE,27
0022400089,BOS,16
0022400088,MIA,19
0022400098,BKN,26
0022400098,MIL,17
0022400097,PHI,26
0022400097,IND,26
0022400099,NOP,22
0022400100,OKC,23
0022400099,POR,21
0022400101,LAC,21
0022400101,GSW,22
0022400100,ATL,23
0022400111,PHX,22
0022400105,DET,19
0022400104,BOS,18
0022400106,CLE,20
0022400102,IND,28
0022400102,ORL,25
0022400111,LAL,19
0022400112,SAC,27
0022400112,POR,22
0022400109,HOU,23
0022400103,WAS,25
0022400104,MIL,24
0022400106,NYK,21
0022400108,MEM,21
0022400110,UTA,17
0022400107,TOR,27
0022400109,SAS,21
0022400107,DEN,20
0022400110,DAL,23
0022400108,CHI,15
0022400103,ATL,22
0022400105,MIA,14
0022400114,DAL,21
0022400113,DEN,22
0022400115,UTA,16
0022400116,GSW,20
0022400114,MIN,20
0022400113,BKN,32
0022400116,NOP,13
0022400115,SAC,19
0022400118,CLE,26
0022400122,NYK,16
0022400124,MEM,21
0022400122,MIA,17
0022400123,CHI,16
0022400119,BOS,19
0022400120,DET,25
0022400127,LAC,19
0022400125,OKC,15
0022400121,WAS,21
0022400119,IND,26
0022400118,LAL,7
0022400126,GSW,22
0022400123,ORL,19
0022400126,NOP,17
0022400127,POR,18
0022400125,SAS,8
0022400117,CHA,24
0022400124,BKN,25
0022400121,ATL,19
0022400120,PHI,21
0022400117,TOR,25
0022400128,MEM,21
0022400131,LAC,22
0022400130,UTA,19
0022400129,HOU,20
0022400129,DAL,27
0022400131,PHX,20
0022400130,SAS,17
0022400128,MIL,27
0022400137,TOR,29
0022400139,DEN,18
0022400136,CHI,15
0022400134,DET,12
0022400133,CLE,21
0022400138,NOP,15
0022400140,OKC,29
0022400135,ATL,22
0022400135,SAC,21
0022400132,CHA,26
0022400133,ORL,17
0022400138,IND,21
0022400136,BKN,20
0022400139,MIN,22
0022400140,POR,17
0022400137,LAL,17
0022400134,NYK,14
0022400132,BOS,13
0022400147,WAS,22
0022400145,CLE,20
0022400146,SAS,16
0022400142,MEM,22
0022400149,POR,18
0022400149,PHX,10
0022400143,TOR,25
0022400146,MIN,16
0022400141,CHA,25
0022400145,MIL,23
0022400148,UTA,22
0022400144,HOU,32
0022400144,GSW,22
0022400150,OKC,22
0022400150,LAC,17
0022400143,SAC,22
0022400148,DEN,25
0022400142,PHI,19
0022400147,MIA,18
0022400141,BOS,17
0022400151,DET,25
0022400153,DAL,22
0022400152,NOP,16
0022400152,ATL,17
0022400153,ORL,22
0022400151,BKN,24
0022400156,DET,25
0022400159,SAC,28
0022400154,CLE,15
0022400162,CHA,22
0022400158,MEM,16
0022400161,HOU,20
0022400163,OKC,21
0022400165,DAL,18
0022400167,PHX,16
0022400167,PHI,22
0022400164,NOP,20
0022400159,MIA,15
0022400168,LAC,21
0022400157,BOS,14
0022400157,ATL,13
0022400154,MIL,15
0022400164,POR,15
0022400160,UTA,18
0022400165,IND,16
0022400166,TOR,27
0022400155,WAS,23
0022400161,NYK,18
0022400168,SAS,16
0022400163,ORL,16
0022400166,DEN,21
0022400160,CHI,23
0022400158,BKN,22
0022400155,GSW,20
0022400156,LAL,16
0022400162,MIN,19
0022400174,MEM,17
0022400178,PHX,14
0022400171,ATL,14
0022400170,IND,24
0022400170,ORL,22
0022400179,LAC,16
0022400178,MIA,16
0022400180,TOR,23
0022400173,HOU,13
0022400171,NYK,18
0022400172,GSW,19
0022400175,NOP,14
0022400175,CLE,21
0022400176,DAL,19
0022400176,CHI,17
0022400177,OKC,28
0022400172,BOS,18
0022400173,SAS,13
0022400179,PHI,22
0022400177,DEN,22
0022400180,SAC,13
0022400174,LAL,18
0022400169,CHA,16
0022400169,DET,20
0022400182,UTA,19
0022400181,CHI,20
0022400183,SAS,15
0022400183,POR,14
0022400181,MIN,17
0022400182,MIL,21
0022400195,PHI,14
0022400194,DEN,13
0022400189,NYK,20
0022400193,POR,17
0022400187,BOS,15
0022400189,MIL,16
0022400186,NOP,19
0022400184,CHA,16
0022400195,LAL,17
0022400190,DAL,22
0022400193,MIN,21
0022400196,LAC,21
0022400185,DET,18
0022400187,BKN,22
0022400188,GSW,24
0022400186,ORL,14
0022400190,PHX,18
0022400194,MIA,19
0022400188,CLE,12
0022400192,OKC,23
0022400196,SAC,19
0022400192,HOU,18
0022400191,WAS,27
0022400191,MEM,19
0022400185,ATL,21
0022400184,IND,16
0022400199,CLE,18
0022400197,UTA,20
0022400198,CHI,18
0022400199,BKN,14
0022400198,ATL,19
0022400200,TOR,23
0022400200,LAC,20
0022400197,SAS,26
0022400211,TOR,23
0022400206,MIN,20
0022400202,BOS,16
0022400206,MIA,20
0022400203,IND,22
0022400204,WAS,25
0022400203,NYK,20
0022400205,CHA,22
0022400209,SAC,20
0022400210,MEM,17
0022400209,PHX,19
0022400202,MIL,18
0022400208,DEN,16
0022400208,DAL,17
0022400207,OKC,18
0022400201,DET,21
0022400207,GSW,26
0022400211,LAL,15
0022400210,POR,21
0022400204,ORL,21
0022400201,HOU,21
0022400205,PHI,23
0022400214,NOP,15
0022400216,SAS,10
0022400216,SAC,14
0022400212,CHI,17
0022400214,BKN,14
0022400212,CLE,13
0022400213,WAS,17
0022400215,OKC,23
0022400215,LAC,22
0022400213,HOU,17
0022400002,DET,19
0022400005,TOR,11
0022400008,POR,23
0022400004,PHI,20
0022400003,CHA,18
0022400004,NYK,15
0022400006,UTA,17
0022400008,MIN,22
0022400001,BOS,12
0022400001,ATL,17
0022400007,GSW,18
0022400007,DAL,23
0022400005,MIL,18
0022400006,PHX,11
0022400002,MIA,22
0022400003,ORL,21
0022400225,MEM,25
0022400223,DET,21
0022400226,POR,18
0022400218,BOS,17
0022400219,CHI,17
0022400217,IND,19
0022400217,ORL,19
0022400220,CLE,14
0022400227,SAC,20
0022400226,MIN,19
0022400227,PHX,12
0022400224,WAS,23
0022400218,BKN,20
0022400220,PHI,13
0022400221,OKC,17
0022400219,NYK,17
0022400222,LAC,16
0022400222,HOU,17
0022400221,NOP,15
0022400225,LAL,22
0022400224,SAS,15
0022400223,MIL,12
0022400228,UTA,20
0022400228,DAL,18
0022400015,SAS,19
0022400009,IND,15
0022400020,SAC,17
0022400014,NYK,21
0022400014,BKN,22
0022400010,PHI,23
0022400009,MIA,12
0022400010,ORL,21
0022400018,OKC,26
0022400020,MIN,19
0022400015,LAL,11
0022400012,WAS,23
0022400013,CHI,20
0022400017,DEN,16
0022400013,CLE,16
0022400017,NOP,13
0022400019,MEM,21
0022400016,LAC,15
0022400016,HOU,25
0022400018,PHX,20
0022400011,DET,16
0022400019,GSW,28
0022400012,ATL,17
0022400011,TOR,13
0022400231,NOP,19
0022400229,CHA,16
0022400233,UTA,20
0022400232,DAL,18
0022400230,TOR,19
0022400231,LAL,14
0022400232,SAS,17
0022400230,BOS,20
0022400233,SAC,29
0022400229,MIL,18
0022400235,IND,16
0022400234,PHX,26
0022400240,NYK,23
0022400240,BKN,19
0022400235,MIA,13
0022400234,MIN,13
0022400239,ATL,19
0022400239,POR,21
0022400236,CHA,23
0022400241,HOU,18
0022400242,OKC,25
0022400238,MEM,15
0022400241,CHI,21
0022400243,UTA,14
0022400242,DAL,20
0022400243,LAC,11
0022400238,DEN,12
0022400237,DET,19
0022400237,WAS,16
0022400236,CLE,15
0022400245,PHI,17
0022400248,HOU,15
0022400246,WAS,19
0022400249,PHX,21
0022400247,TOR,26
0022400245,MIA,13
0022400249,ORL,19
0022400250,ATL,19
0022400250,SAC,20
0022400244,DET,19
0022400251,LAC,13
0022400248,MIL,18
0022400251,GSW,14
0022400247,IND,19
0022400246,NYK,12
0022400244,CHI,16
0022400026,UTA,24
0022400022,CHA,20
0022400025,OKC,18
0022400021,CLE,15
0022400021,BOS,19
0022400024,DAL,15
0022400024,NOP,22
0022400023,MEM,24
0022400025,SAS,13
0022400026,LAL,16
0022400023,DEN,29
0022400022,BKN,19
0022400253,CHI,23
0022400257,PHX,16
0022400259,LAC,22
0022400254,HOU,21
0022400255,MEM,17
0022400257,NYK,15
0022400256,OKC,20
0022400258,GSW,17
0022400252,NOP,11
0022400252,CLE,16
0022400253,MIL,13
0022400258,ATL,17
0022400254,IND,24
0022400259,ORL,17
0022400256,POR,20
0022400255,PHI,19
0022400263,ORL,25
0022400261,TOR,24
0022400263,LAL,15
0022400262,UTA,29
0022400261,MIN,24
0022400262,SAS,20
0022400260,CHA,22
0022400260,DET,23
0022400029,IND,17
0022400027,PHI,16
0022400029,MIL,19
0022400027,BKN,17
0022400031,HOU,20
0022400034,LAC,24
0022400030,CHI,17
0022400028,WAS,29
0022400032,GSW,19
0022400030,ATL,16
0022400033,DEN,19
0022400033,DAL,22
0022400032,NOP,25
0022400031,POR,20
0022400034,SAC,13
0022400028,BOS,19
0022400270,DEN,18
0022400268,CHA,21
0022400264,UTA,19
0022400265,DET,21
0022400267,HOU,19
0022400269,GSW,21
0022400266,MEM,18
0022400270,LAL,16
0022400269,SAS,16
0022400267,POR,26
0022400264,NYK,19
0022400266,CHI,14
0022400265,ORL,20
0022400268,MIL,22
0022400273,DAL,24
0022400271,BOS,23
0022400276,SAC,22
0022400272,WAS,19
0022400274,LAC,22
0022400276,BKN,23
0022400271,MIN,18
0022400275,TOR,18
0022400273,MIA,22
0022400274,PHI,17
0022400275,CLE,21
0022400272,IND,18
0022400284,GSW,21
0022400283,DEN,18
0022400277,CHA,20
0022400279,NOP,16
0022400282,MEM,20
0022400285,OKC,18
0022400280,DAL,13
0022400281,LAC,12
0022400279,IND,16
0022400280,ATL,15
0022400283,NYK,23
0022400284,BKN,18
0022400281,BOS,12
0022400285,SAC,22
0022400278,DET,19
0022400282,POR,21
0022400278,TOR,27
0022400277,ORL,21
0022400039,PHX,18
0022400036,MIL,19
0022400036,MIA,14
0022400037,HOU,20
0022400039,LAL,11
0022400038,UTA,20
0022400035,WAS,18
0022400037,MIN,18
0022400038,SAS,17
0022400035,CHI,22
0022400296,SAS,13
0022400286,CHA,19
0022400294,SAC,21
0022400297,PHX,26
0022400292,DAL,25
0022400289,CHI,26
0022400288,POR,18
0022400290,HOU,19
0022400297,BKN,24
0022400288,IND,21
0022400294,MIN,19
0022400296,LAL,15
0022400287,CLE,21
0022400287,ATL,21
0022400295,TOR,16
0022400289,ORL,14
0022400292,NYK,19
0022400298,UTA,17
0022400299,OKC,21
0022400290,PHI,26
0022400291,WAS,18
0022400299,GSW,21
0022400295,NOP,16
0022400298,DEN,14
0022400293,DET,17
0022400291,LAC,19
0022400293,MEM,21
0022400286,MIA,9
0022400048,OKC,17
0022400046,TOR,17
0022400044,LAC,16
0022400043,ORL,21
0022400040,CHA,19
0022400043,BKN,21
0022400045,DET,16
0022400049,SAC,19
0022400049,POR,17
0022400041,CLE,22
0022400047,CHI,17
0022400041,ATL,20
0022400042,MEM,22
0022400047,BOS,13
0022400044,MIN,14
0022400048,LAL,18
0022400046,MIA,19
0022400042,NOP,17
0022400045,IND,18
0022400040,NYK,19
0022400302,WAS,26
0022400301,DET,19
0022400303,GSW,17
0022400300,CHA,23
0022400304,UTA,14
0022400303,PHX,13
0022400304,DAL,21
0022400302,MIL,18
0022400301,PHI,21
0022400300,ATL,15
0022400311,UTA,19
0022400309,TOR,23
0022400305,ORL,29
0022400308,NOP,19
0022400305,BKN,31
0022400306,MEM,22
0022400312,DAL,15
0022400313,SAS,17
0022400313,SAC,23
0022400307,CLE,20
0022400307,BOS,19
0022400308,NYK,14
0022400312,POR,25
0022400314,LAC,16
0022400310,OKC,26
0022400314,DEN,17
0022400310,HOU,21
0022400309,MIA,17
0022400311,LAL,18
0022400306,IND,22
0022400318,MIN,17
0022400316,BOS,20
0022400318,LAL,16
0022400317,CHI,16
0022400315,NOP,18
0022400316,MIA,11
0022400315,ATL,15
0022400317,BKN,19
0022400052,DET,21
0022400053,ORL,19
0022400053,NYK,25
0022400054,TOR,26
0022400050,CHA,17
0022400057,SAS,17
0022400060,LAC,14
0022400059,HOU,23
0022400057,PHX,16
0022400051,WAS,21
0022400056,MEM,29
0022400058,GSW,25
0022400058,DEN,15
0022400059,SAC,20
0022400060,POR,15
0022400055,UTA,14
0022400054,IND,23
0022400055,OKC,23
0022400056,DAL,23
0022400051,CLE,20
0022400052,MIL,17
0022400050,PHI,22
0022400321,MIA,16
0022400321,LAL,8
0022400323,ATL,25
0022400324,LAC,16
0022400320,IND,19
0022400322,PHI,19
0022400320,BKN,18
0022400322,ORL,18
0022400323,MIL,22
0022400319,DET,21
0022400324,MIN,16
0022400319,BOS,14
0022400327,CHA,22
0022400330,NOP,24
0022400329,MEM,21
0022400331,CHI,26
0022400325,DEN,13
0022400330,PHX,15
0022400331,SAS,17
0022400326,WAS,19
0022400325,CLE,17
0022400332,HOU,20
0022400332,GSW,16
0022400328,TOR,16
0022400328,OKC,16
0022400329,SAC,23
0022400326,DAL,16
0022400327,NYK,13
0022400334,ATL,24
0022400335,BOS,18
0022400338,GSW,11
0022400333,PHI,19
0022400336,CHI,13
0022400333,ORL,23
0022400339,UTA,17
0022400337,SAS,20
0022400337,SAC,20
0022400334,LAL,24
0022400335,MIL,16
0022400336,IND,10
0022400338,MIN,14
0022400339,POR,22
0022400346,PHX,20
0022400343,DET,20
0022400346,MIA,20
0022400345,MEM,25
0022400340,CHA,27
0022400342,OKC,24
0022400344,TOR,22
0022400341,WAS,21
0022400342,NOP,20
0022400344,DAL,16
0022400345,BOS,16
0022400341,DEN,23
0022400343,NYK,12
0022400340,CLE,20
0022400358,POR,19
0022400351,CLE,18
0022400348,BKN,25
0022400355,GSW,20
0022400348,MIL,18
0022400352,PHX,24
0022400349,CHA,18
0022400347,CHI,18
0022400352,ORL,19
0022400358,LAL,20
0022400357,UTA,17
0022400354,NOP,21
0022400350,DEN,22
0022400351,MIA,15
0022400354,SAS,18
0022400347,PHI,15
0022400350,ATL,22
0022400355,MIN,18
0022400356,LAC,24
0022400356,HOU,16
0022400357,SAC,17
0022400353,WAS,25
0022400353,MEM,20
0022400349,IND,19
0022400359,TOR,16
0022400359,NYK,13
0022401201,ORL,21
0022401201,MIL,17
0022401203,OKC,17
0022401203,DAL,12
0022401202,ATL,13
0022401202,NYK,14
0022401204,HOU,14
0022401204,GSW,11
0022401206,TOR,24
0022401207,NOP,22
0022401205,DET,12
0022401207,SAC,19
0022401206,MIA,11
0022401205,BOS,9
0022401210,MIN,14
0022401210,LAL,21
0022401211,MEM,19
0022401209,PHI,16
0022401209,IND,21
0022401214,UTA,17
0022401215,SAS,13
0022401215,POR,22
0022401208,WAS,28
0022401212,CHA,20
0022401213,LAC,22
0022401213,DEN,16
0022401214,PHX,18
0022401211,BKN,20
0022401208,CLE,14
0022401212,CHI,19
0022401229,ATL,20
0022401229,MIL,27
0022401230,OKC,24
0022401230,HOU,25
0022401220,MEM,31
0022401218,SAS,18
0022401227,ORL,26
0022401227,NYK,16
0022401216,NOP,19
0022401219,POR,22
0022401219,PHX,13
0022401218,MIN,13
0022401217,WAS,25
0022401216,IND,21
0022401228,GSW,17
0022401228,DAL,12
0022401220,LAL,27
0022401217,BOS,15
0022401221,DET,24
0022401224,CLE,19
0022401222,CHA,27
0022401225,DEN,18
0022401224,BKN,28
0022401223,TOR,21
0022401225,SAC,23
0022401226,UTA,20
0022401223,CHI,23
0022401226,LAC,20
0022401221,MIA,19
0022401222,PHI,20
0022400372,SAC,20
0022400367,NYK,12
0022400364,TOR,29
0022400367,MIN,15
0022400361,OKC,20
0022400369,PHX,20
0022400369,IND,21
0022400371,DEN,20
0022400372,LAL,16
0022400370,ATL,22
0022400370,SAS,15
0022400363,CHI,19
0022400365,HOU,20
0022400363,BOS,13
0022400368,LAC,20
0022400371,POR,18
0022400366,MEM,19
0022400365,NOP,22
0022400368,DAL,13
0022400361,ORL,16
0022400364,BKN,21
0022400360,DET,25
0022400366,GSW,16
0022400362,CHA,21
0022400360,UTA,19
0022400362,WAS,18
0022400375,OKC,17
0022400374,CLE,10
0022400373,CHA,19
0022400374,MIL,17
0022400375,MIA,16
0022400373,PHI,21
0022400376,SAC,20
0022400377,ORL,23
0022400382,WAS,10
0022400383,GSW,23
0022400379,UTA,16
0022400384,NOP,20
0022400377,MIA,25
0022400380,CLE,18
0022400387,DET,19
0022400386,SAS,12
0022400376,LAL,14
0022400386,POR,15
0022400378,MEM,22
0022400381,CHI,14
0022400380,PHI,16
0022400384,NYK,18
0022400381,BOS,12
0022400385,LAC,14
0022400383,MIN,18
0022400385,DAL,18
0022400379,BKN,17
0022400378,ATL,14
0022400382,MIL,14
0022400387,PHX,21
0022400389,SAC,11
0022400389,IND,15
0022400390,DEN,19
0022400390,NOP,23
0022400388,TOR,25
0022400388,HOU,14
0022400404,DET,20
0022400396,BKN,18
0022400398,CHI,15
0022400395,ATL,14
0022400396,MIA,17
0022400397,TOR,25
0022400393,BOS,16
0022400403,GSW,13
0022400394,SAS,21
0022400402,DEN,15
0022400401,DAL,21
0022400394,PHI,18
0022400395,MIN,17
0022400393,ORL,24
0022400392,UTA,20
0022400398,MIL,16
0022400401,POR,25
0022400402,PHX,13
0022400403,IND,16
0022400391,CHA,15
0022400399,MEM,18
0022400400,WAS,16
0022400397,NYK,27
0022400392,CLE,23
0022400399,LAC,28
0022400400,OKC,18
0022400404,LAL,10
0022400391,HOU,16
0022400408,GSW,18
0022400406,DAL,13
0022400405,SAS,15
0022400407,BOS,18
0022400409,DEN,16
0022400405,NYK,17
0022400407,PHI,17
0022400406,MIN,14
0022400409,PHX,17
0022400408,LAL,14
0022400411,ORL,15
0022400415,BKN,11
0022400415,MIL,18
0022400411,MIA,20
0022400410,OKC,18
0022400417,UTA,16
0022400418,DET,22
0022400413,CHI,26
0022400416,HOU,14
0022400413,ATL,13
0022400416,NOP,16
0022400410,IND,21
0022400414,MEM,18
0022400417,POR,20
0022400414,TOR,23
0022400412,CHA,23
0022400418,SAC,20
0022400412,WAS,19
0022400422,HOU,16
0022400421,SAS,11
0022400419,ORL,23
0022400419,NYK,20
0022400420,BOS,19
0022400425,DAL,15
0022400421,BKN,22
0022400420,IND,20
0022400424,DEN,20
0022400423,MEM,19
0022400425,PHX,17
0022400424,CLE,17
0022400426,LAC,19
0022400422,MIN,22
0022400426,GSW,16
0022400423,NOP,25
0022400435,SAC,26
0022400427,ATL,16
0022400430,CHI,16
0022400429,WAS,22
0022400433,UTA,25
0022400431,GSW,17
0022400434,DAL,21
0022400435,LAL,13
0022400427,MIA,19
0022400430,MIL,16
0022400434,POR,19
0022400432,DET,25
0022400431,PHX,13
0022400428,CHA,16
0022400433,PHI,22
0022400429,NYK,14
0022400432,DEN,18
0022400428,OKC,19
0022400439,HOU,21
0022400441,SAS,18
0022400436,ORL,23
0022400436,BKN,19
0022400437,BOS,22
0022400441,MIN,23
0022400438,TOR,26
0022400437,IND,17
0022400439,MIA,14
0022400440,MEM,15
0022400438,ATL,19
0022400440,OKC,24
0022400443,WAS,23
0022400447,POR,26
0022400447,PHI,27
0022400448,DAL,20
0022400446,GSW,14
0022400444,LAC,14
0022400442,CHA,20
0022400448,SAC,23
0022400445,UTA,17
0022400446,CLE,25
0022400444,NOP,22
0022400445,DEN,17
0022400443,NYK,19
0022400442,CHI,17
0022400454,CLE,15
0022400450,IND,20
0022400452,OKC,13
0022400450,MIL,22
0022400453,MEM,29
0022400451,LAC,15
0022400449,TOR,16
0022400454,LAL,12
0022400451,SAS,15
0022400452,MIN,18
0022400449,BOS,10
0022400453,PHX,25
0022400457,NOP,15
0022400459,TOR,20
0022400458,UTA,19
0022400455,DET,18
0022400462,SAC,14
0022400462,PHI,22
0022400461,DEN,16
0022400457,MIA,16
0022400456,WAS,13
0022400460,HOU,18
0022400461,ATL,16
0022400460,DAL,20
0022400459,BKN,17
0022400458,NYK,16
0022400456,CHI,13
0022400455,ORL,21
0022400468,POR,15
0022400463,IND,16
0022400465,BKN,21
0022400464,BOS,16
0022400465,MIL,21
0022400463,MIA,13
0022400467,GSW,22
0022400468,LAL,17
0022400464,MIN,11
0022400467,PHI,16
0022400466,OKC,14
0022400466,LAC,18
0022400477,ATL,22
0022400473,OKC,17
0022400470,TOR,11
0022400476,MEM,20
0022400475,DEN,13
0022400477,LAL,21
0022400471,HOU,21
0022400474,DAL,17
0022400472,WAS,23
0022400474,CLE,20
0022400475,SAS,15
0022400471,BOS,13
0022400473,NYK,17
0022400470,ORL,15
0022400476,SAC,23
0022400472,NOP,22
0022400469,CHA,10
0022400469,DET,27
0022400481,UTA,21
0022400483,POR,9
0022400479,DET,22
0022400478,PHI,17
0022400482,CHI,21
0022400480,PHX,14
0022400478,BKN,21
0022400480,IND,16
0022400483,MIL,13
0022400484,DEN,17
0022400486,LAC,17
0022400482,NYK,13
0022400484,SAS,20
0022400485,MEM,18
0022400486,ATL,12
0022400481,MIA,14
0022400485,GSW,18
0022400479,MIN,21
0022400491,HOU,22
0022400490,UTA,19
0022400492,GSW,21
0022400487,OKC,18
0022400488,CHA,18
0022400489,WAS,18
0022400492,SAC,19
0022400491,LAL,21
0022400487,BOS,18
0022400490,ORL,21
0022400489,NOP,13
0022400488,CLE,17
0022400501,SAC,20
0022400497,TOR,15
0022400500,LAC,19
0022400495,IND,17
0022400496,ORL,19
0022400496,NYK,18
0022400495,BKN,19
0022400494,PHX,18
0022400494,PHI,19
0022400493,DET,15
0022400501,MIA,19
0022400498,CHI,9
0022400498,SAS,18
0022400499,MEM,17
0022400500,MIN,20
0022400497,MIL,19
0022400499,DAL,22
0022400493,POR,18
0022400504,DAL,16
0022400508,GSW,15
0022400505,NOP,18
0022400502,CHA,19
0022400506,UTA,17
0022400507,DEN,17
0022400505,MIN,17
0022400504,LAL,13
0022400507,BOS,13
0022400508,MIA,9
0022400503,WAS,19
0022400506,ATL,22
0022400503,HOU,17
0022400502,PHX,23
0022400516,SAS,14
0022400513,DET,20
0022400511,TOR,15
0022400510,CHI,24
0022400512,WAS,18
0022400514,NOP,15
0022400516,MIL,16
0022400509,OKC,24
0022400514,POR,14
0022400510,IND,19
0022400515,LAC,15
0022400515,DEN,24
0022400509,CLE,20
0022400511,NYK,15
0022400512,PHI,14
0022400513,BKN,15
0022400523,UTA,15
0022400519,ORL,22
0022400519,MIN,19
0022400522,ATL,19
0022400521,DAL,18
0022400522,PHX,15
0022400517,TOR,17
0022400521,POR,22
0022400518,DET,19
0022400520,MEM,28
0022400517,CLE,11
0022400523,MIA,12
0022400520,HOU,23
0022400518,GSW,18
0022400526,ORL,19
0022400531,DEN,18
0022400529,OKC,23
0022400526,MIL,18
0022400525,GSW,19
0022400527,NOP,16
0022400528,BOS,14
0022400528,SAC,18
0022400527,PHI,25
0022400530,WAS,15
0022400531,BKN,24
0022400525,IND,13
0022400529,NYK,15
0022400530,CHI,12
0022400536,POR,15
0022400535,MEM,20
0022400533,UTA,18
0022400536,MIA,16
0022400534,DET,22
0022400533,PHX,17
0022400535,MIN,16
0022400534,TOR,21
0022400539,NYK,18
0022400546,UTA,30
0022400539,MIL,20
0022400544,PHI,24
0022400543,CLE,18
0022400544,ORL,23
0022400547,CHA,20
0022400541,CHI,18
0022400542,NOP,19
0022400543,IND,22
0022400542,BOS,18
0022400541,SAC,14
0022400540,DEN,19
0022400540,DAL,20
0022400545,WAS,23
0022400546,BKN,17
0022400545,OKC,22
0022400547,PHX,17
0022400552,SAS,15
0022400553,LAC,15
0022400548,WAS,18
0022400549,DET,21
0022400552,LAL,17
0022400550,TOR,18
0022400551,MEM,25
0022400553,MIA,9
0022400550,GSW,14
0022400551,HOU,16
0022400548,MIN,15
0022400549,NYK,21
0022400558,SAC,16
0022400560,POR,16
0022400554,CLE,18
0022400555,OKC,22
0022400556,ATL,21
0022400560,BKN,21
0022400558,MIL,21
0022400556,PHX,17
0022400554,IND,18
0022400557,CHI,19
0022400557,NOP,13
0022400559,DEN,20
0022400559,DAL,17
0022400555,PHI,18
0022400570,MIA,13
0022400570,LAL,12
0022400564,ORL,24
0022400565,GSW,26
0022400571,LAC,17
0022400561,PHI,19
0022400564,MIL,20
0022400561,NYK,14
0022400567,MEM,19
0022400563,CHI,15
0022400562,TOR,19
0022400566,DAL,17
0022400563,ATL,15
0022400566,NOP,20
0022400568,HOU,19
0022400565,MIN,17
0022400568,DEN,16
0022400571,BKN,16
0022400562,BOS,16
0022400569,CHA,16
0022400567,SAS,17
0022400569,UTA,18
0022400572,DET,20
0022400573,WAS,22
0022400575,LAC,13
0022400576,HOU,18
0022400574,OKC,20
0022400576,SAC,15
0022400575,POR,17
0022400574,CLE,11
0022400573,PHX,23
0022400572,IND,17
0022400585,BKN,14
0022400579,DEN,10
0022400580,TOR,28
0022400578,NYK,13
0022400585,LAL,12
0022400578,MIN,16
0022400577,BOS,23
0022400582,MEM,19
0022400577,ORL,19
0022400581,UTA,20
0022400584,CHA,13
0022400583,OKC,20
0022400579,MIA,15
0022400583,DAL,18
0022400580,MIL,23
0022400581,NOP,24
0022400582,SAS,15
0022400584,CHI,18
0022400590,CLE,18
0022400588,PHI,19
0022400588,IND,21
0022400586,DET,27
0022400591,HOU,18
0022400587,BOS,18
0022400587,ATL,17
0022400590,MIN,19
0022400589,WAS,21
0022400591,POR,24
0022400589,GSW,18
0022400586,PHX,24
0022400596,LAC,12
0022400592,SAS,9
0022400594,PHI,25
0022400595,OKC,19
0022400593,DEN,16
0022400594,MIL,16
0022400597,CHI,19
0022400598,WAS,16
0022400592,MIA,12
0022400597,POR,19
0022400593,ORL,19
0022400596,LAL,14
0022400595,BKN,13
0022400598,SAC,20
0022400601,MEM,22
0022400602,ATL,21
0022400603,CLE,18
0022400602,NYK,21
0022400604,GSW,12
0022400603,PHX,20
0022400605,UTA,19
0022400611,LAC,20
0022400599,CHA,16
0022400604,BOS,8
0022400600,DET,11
0022400611,CHI,17
0022400605,NOP,24
0022400601,MIN,26
0022400600,HOU,17
0022400599,DAL,15
0022400610,WAS,18
0022400607,POR,13
0022400606,NYK,20
0022400606,BKN,18
0022400608,TOR,22
0022400609,DEN,10
0022400607,MIA,14
0022400609,PHI,20
0022400608,ORL,24
0022400610,LAL,11
0022400614,DAL,21
0022400613,PHX,12
0022400613,BKN,11
0022400619,GSW,27
0022400612,DET,19
0022400620,LAC,25
0022400615,HOU,20
0022400614,MIN,18
0022400619,SAC,14
0022400615,CLE,18
0022400620,BOS,14
0022400618,UTA,20
0022400618,OKC,23
0022400616,CHA,19
0022400612,ATL,14
0022400616,MEM,30
0022400629,BOS,17
0022400624,MIL,14
0022400624,MIA,18
0022400622,POR,21
0022400621,SAS,13
0022400622,ORL,18
0022400626,DEN,14
0022400621,IND,9
0022400623,TOR,26
0022400629,LAL,14
0022400628,GSW,21
0022400625,OKC,27
0022400626,SAC,20
0022400628,CHI,16
0022400983,WAS,21
0022400625,DAL,25
0022400623,ATL,21
0022400983,LAC,19
0022400631,CLE,20
0022400630,CHA,28
0022400631,PHI,16
0022400632,MEM,19
0022400632,NOP,10
0022400630,POR,21
0022400644,GSW,15
0022400636,BKN,21
0022400646,LAC,23
0022400634,DEN,13
0022400636,MIA,23
0022400641,SAC,19
0022400638,DET,25
0022400633,SAS,17
0022400642,CHI,16
0022400645,WAS,17
0022400641,NYK,13
0022400633,IND,20
0022400639,TOR,20
0022400635,DAL,20
0022400640,HOU,23
0022400637,CHA,18
0022400642,PHI,15
0022400635,BOS,24
0022400634,MIN,14
0022400644,LAL,13
0022400640,CLE,30
0022400646,MIL,21
0022400639,ATL,20
0022400643,MEM,19
0022400643,UTA,22
0022400645,PHX,11
0022400638,ORL,23
0022400637,NOP,17
0022400647,OKC,19
0022400647,POR,27
0022400648,CHA,19
0022400652,ORL,19
0022400658,UTA,19
0022400656,ATL,20
0022400651,SAC,24
0022400653,MEM,16
0022400652,MIA,21
0022400659,LAC,15
0022400651,BKN,20
0022400656,MIN,18
0022400650,HOU,22
0022400649,DET,17
0022400654,TOR,24
0022400655,DEN,11
0022400657,WAS,15
0022400655,CHI,14
0022400650,BOS,20
0022400659,PHX,17
0022400654,NOP,16
0022400658,MIL,18
0022400653,NYK,16
0022400657,DAL,20
0022400649,CLE,13
0022400648,LAL,18
0022400660,PHI,20
0022400662,POR,18
0022400660,LAL,19
0022400662,MIL,22
0022400532,HOU,20
0022400661,UTA,24
0022400532,ATL,18
0022400661,GSW,24
0022400667,CLE,17
0022400672,PHX,25
0022400663,CHA,19
0022400668,DEN,19
0022400664,DET,21
0022400669,SAC,16
0022400672,MIN,19
0022400669,PHI,20
0022400671,LAC,17
0022400666,CHI,19
0022400667,MIA,5
0022400670,DAL,17
0022400666,BOS,13
0022400670,NOP,15
0022400668,NYK,16
0022400673,OKC,21
0022400671,SAS,22
0022400673,GSW,24
0022400665,WAS,21
0022400665,TOR,27
0022400664,IND,18
0022400663,BKN,18
0022400674,WAS,18
0022400677,UTA,20
0022400678,POR,18
0022400678,ORL,23
0022400675,CLE,19
0022400675,ATL,18
0022400676,MEM,25
0022400677,MIN,18
0022400676,HOU,20
0022400674,LAL,24
0022400684,SAS,20
0022400681,DEN,17
0022400685,GSW,19
0022400684,MIL,19
0022400683,NOP,21
0022400683,BOS,16
0022400682,TOR,13
0022400680,DET,15
0022400681,PHI,16
0022400685,PHX,20
0022400679,CHA,16
0022400682,CHI,18
0022400680,DAL,14
0022400679,LAC,18
0022400692,NYK,16
0022400693,SAS,18
0022400690,WAS,21
0022400689,HOU,20
0022400692,LAL,22
0022400687,UTA,27
0022400686,ATL,23
0022400694,POR,20
0022400694,PHX,21
0022400691,OKC,18
0022400693,MIA,15
0022400686,IND,26
0022400688,CHA,13
0022400689,BKN,16
0022400691,SAC,10
0022400687,ORL,23
0022400690,MIN,16
0022400688,DEN,16
0022400699,MEM,15
0022400698,BOS,21
0022400698,PHI,19
0022400696,DAL,11
0022400695,DET,18
0022400696,CLE,17
0022400697,TOR,17
0022400697,LAC,15
0022400699,MIL,21
0022400695,CHI,11
0022400705,OKC,18
0022400704,SAC,16
0022400702,HOU,26
0022400708,GSW,16
0022400707,UTA,17
0022400709,POR,21
0022400709,PHX,21
0022400704,MIN,16
0022400703,MEM,18
0022400701,DET,25
0022400706,DEN,16
0022400706,NOP,21
0022400708,ORL,26
0022400702,NYK,15
0022400705,MIL,12
0022400707,IND,20
0022400703,SAS,18
0022400700,CHA,17
0022400701,ATL,27
0022400700,WAS,21
0022400715,LAC,17
0022400714,CHI,18
0022400711,HOU,18
0022400713,TOR,22
0022400716,POR,17
0022400712,DAL,19
0022400716,IND,19
0022400710,CLE,23
0022400710,BOS,21
0022400714,MIA,17
0022400712,PHI,21
0022400711,BKN,25
0022400715,LAL,15
0022400713,NYK,15
0022400721,PHI,15
0022400717,CHA,14
0022400723,CHI,22
0022400720,WAS,21
0022400727,SAC,14
0022400721,MIA,13
0022400724,OKC,23
0022400727,ORL,24
0022400719,ATL,14
0022400719,SAS,20
0022400718,DET,21
0022400726,DEN,21
0022400723,MIN,15
0022400726,NOP,10
0022400725,UTA,23
0022400724,PHX,17
0022400722,MEM,19
0022400725,GSW,24
0022400722,TOR,29
0022400720,BKN,20
0022400718,CLE,22
0022400717,MIL,16
0022400731,GSW,25
0022400729,HOU,18
0022400730,DEN,22
0022400733,LAC,16
0022400732,SAC,20
0022400732,POR,18
0022400728,DAL,15
0022400728,BOS,17
0022400730,ORL,15
0022400731,LAL,21
0022400729,MIN,21
0022400733,IND,14
0022400737,BKN,15
0022400736,ATL,14
0022400737,MIA,19
0022400738,DET,24
0022400740,UTA,16
0022400734,CHA,22
0022400736,MIL,17
0022400735,WAS,17
0022400739,TOR,24
0022400739,OKC,14
0022400740,PHX,17
0022400735,CLE,20
0022400738,PHI,20
0022400734,SAS,13
0022400742,IND,20
0022400747,POR,24
0022400748,BOS,21
0022400743,SAS,14
0022400742,LAL,22
0022400749,DEN,13
0022400747,MIN,18
0022400750,NOP,24
0022400743,ORL,18
0022400744,WAS,18
0022400748,NYK,15
0022400750,SAC,22
0022400745,GSW,23
0022400741,HOU,22
0022400749,PHX,15
0022400745,CHI,19
0022400741,DAL,18
0022400751,UTA,21
0022400746,MEM,21
0022400751,LAC,20
0022400746,OKC,27
0022400744,ATL,19
0022400754,PHI,21
0022400754,MIL,18
0022400753,TOR,21
0022400753,HOU,19
0022400752,CHA,18
0022400752,DET,21
0022400768,UTA,17
0022400759,BOS,11
0022400760,GSW,23
0022400755,CLE,24
0022400758,CHA,10
0022400756,ATL,17
0022400763,DEN,23
0022400762,DAL,19
0022400757,WAS,23
0022400756,ORL,21
0022400759,MIA,10
0022400755,MIN,19
0022400761,OKC,20
0022400762,SAC,22
0022400763,POR,20
0022400760,MIL,25
0022400761,NOP,14
0022400768,LAL,22
0022400757,SAS,17
0022400758,BKN,24
0022400765,IND,17
0022400765,NYK,22
0022400764,TOR,20
0022400767,MEM,22
0022400766,DET,19
0022400764,PHI,18
0022400767,PHX,17
0022400766,CHI,10
0022400781,UTA,21
0022400778,OKC,19
0022400776,MIN,13
0022400776,MIL,15
0022400772,PHI,15
0022400773,ATL,29
0022400770,CHA,15
0022400771,WAS,20
0022400772,BKN,18
0022400779,HOU,15
0022400780,DEN,20
0022400777,NOP,23
0022400769,BOS,12
0022400773,NYK,23
0022400769,SAS,16
0022400774,TOR,14
0022400777,SAC,16
0022400775,DET,22
0022400782,GSW,16
0022400780,POR,19
0022400782,DAL,16
0022400779,PHX,19
0022400783,MEM,21
0022400778,MIA,17
0022400774,CLE,19
0022400781,LAL,20
0022400783,LAC,15
0022400771,IND,17
0022400775,CHI,27
0022400770,ORL,12
0022400786,DAL,17
0022400787,OKC,17
0022400785,NOP,17
0022400785,SAC,19
0022400786,MIA,14
0022400784,HOU,20
0022400784,GSW,18
0022401004,UTA,25
0022400787,MIN,17
0022401004,LAC,22
0022400524,CHA,16
0022400524,LAL,17
0022400796,POR,24
0022400793,LAC,27
0022400791,CLE,20
0022400792,CHI,12
0022400790,ATL,25
0022400788,MEM,19
0022400789,BOS,16
0022400795,SAS,20
0022400796,LAL,17
0022400795,PHX,21
0022400790,ORL,22
0022400789,PHI,17
0022400791,BKN,23
0022400792,NYK,12
0022400794,CHA,21
0022400793,MIL,18
0022400788,IND,20
0022400794,DEN,14
0022400800,TOR,19
0022400799,WAS,21
0022400801,HOU,25
0022400797,CLE,15
0022400798,MEM,26
0022400805,GSW,19
0022400802,DET,17
0022400797,NYK,12
0022400803,DAL,18
0022400803,NOP,23
0022400805,SAC,16
0022400801,MIN,22
0022400804,UTA,15
0022400800,MIA,22
0022400804,OKC,20
0022400798,ORL,21
0022400799,MIL,24
0022400802,SAS,20
0022400808,DEN,18
0022400807,PHI,15
0022400807,BKN,19
0022400806,CHI,21
0022400810,CHA,21
0022400806,PHX,11
0022400808,LAL,20
0022400809,UTA,18
0022400809,HOU,17
0022400810,POR,22
0022400817,MIL,23
0022400817,MIA,22
0022400820,OKC,22
0022400811,BOS,14
0022400815,WAS,23
0022400813,LAC,18
0022400816,TOR,23
0022400818,NOP,19
0022400814,DET,23
0022400811,NYK,15
0022400819,MEM,26
0022400818,SAS,19
0022400812,GSW,17
0022400812,DAL,22
0022400813,IND,24
0022400820,MIN,22
0022400816,PHX,19
0022400819,CLE,25
0022400815,ORL,23
0022400814,ATL,21
0022400825,ATL,22
0022400826,OKC,30
0022400824,WAS,26
0022400822,DEN,21
0022400823,CHI,19
0022400827,UTA,18
0022400828,CHA,16
0022400825,MIA,9
0022400823,PHI,23
0022400822,IND,14
0022400821,DET,18
0022400826,MIN,23
0022400827,POR,16
0022400824,BKN,28
0022400821,LAC,24
0022400828,SAC,18
0022400835,DAL,14
0022400831,HOU,17
0022400830,CLE,13
0022400832,MEM,22
0022400833,NOP,17
0022400829,TOR,14
0022400830,ORL,14
0022400833,SAS,19
0022400835,LAL,13
0022400834,CHA,15
0022400831,MIL,13
0022400829,BOS,16
0022400832,PHX,25
0022400834,GSW,20
0022400841,ATL,15
0022400840,OKC,21
0022400838,PHI,19
0022400837,TOR,15
0022400838,NYK,15
0022400839,WAS,26
0022400843,UTA,13
0022400844,HOU,14
0022400841,MIA,13
0022400836,DET,16
0022400842,LAC,16
0022400844,SAS,14
0022400842,CHI,12
0022400840,BKN,25
0022400837,IND,18
0022400843,SAC,13
0022400839,POR,28
0022400836,BOS,15
0022400849,MIN,29
0022400846,DEN,17
0022400849,LAL,18
0022400845,GSW,18
0022400848,NOP,12
0022400848,PHX,15
0022400847,CHA,16
0022400846,MIL,11
0022400845,ORL,25
0022400847,DAL,11
0022400859,LAC,19
0022400854,IND,11
0022400858,UTA,13
0022400853,POR,20
0022400856,MEM,17
0022400854,MIA,11
0022400857,NOP,13
0022400853,BKN,23
0022400851,OKC,18
0022400852,CLE,14
0022400852,BOS,19
0022400857,PHX,18
0022400855,TOR,21
0022400850,DET,22
0022400859,LAL,14
0022400851,ATL,14
0022400855,CHI,16
0022400858,MIN,13
0022400856,NYK,16
0022400850,DEN,18
0022400865,DAL,23
0022400861,DET,29
0022400864,GSW,19
0022400862,HOU,16
0022400863,MEM,16
0022400865,MIL,19
0022400864,PHI,19
0022400862,SAC,17
0022400863,SAS,18
0022400860,CHA,14
0022400861,BKN,24
0022400860,WAS,10
0022400874,LAC,22
0022400869,NYK,16
0022400873,PHX,16
0022400869,MIA,16
0022400870,TOR,33
0022400868,CHI,17
0022400873,MIN,17
0022400867,CLE,27
0022400871,OKC,16
0022400866,DEN,18
0022400867,POR,26
0022400872,UTA,14
0022400868,IND,16
0022400866,BOS,18
0022400874,LAL,16
0022400871,SAS,17
0022400870,ORL,26
0022400872,NOP,15
0022400877,WAS,17
0022400876,POR,13
0022400876,PHI,15
0022400880,DAL,13
0022400878,MEM,16
0022400880,SAC,16
0022400875,CHA,19
0022400879,OKC,18
0022400879,HOU,21
0022400881,DET,23
0022400878,ATL,24
0022400877,MIA,19
0022400881,UTA,23
0022400875,GSW,23
0022400890,NOP,17
0022400884,ATL,21
0022400887,PHI,16
0022400888,SAS,15
0022400885,GSW,14
0022400883,TOR,25
0022400882,HOU,14
0022400887,MIN,21
0022400889,LAC,22
0022400888,BKN,16
0022400884,MIL,13
0022400886,CHI,21
0022400890,LAL,12
0022400886,CLE,14
0022400885,NYK,17
0022400882,IND,19
0022400889,PHX,20
0022400883,ORL,27
0022400893,CLE,19
0022400897,DAL,13
0022400892,CHA,18
0022400891,BOS,14
0022400896,DEN,14
0022400891,POR,16
0022400893,MIA,19
0022400897,MIL,9
0022400896,SAC,20
0022400898,DET,20
0022400895,MEM,18
0022400894,WAS,18
0022400895,OKC,22
0022400894,UTA,19
0022400898,LAC,16
0022400892,MIN,17
0022400903,NYK,21
0022400901,GSW,19
0022400903,LAL,28
0022400944,CHI,31
0022400899,ATL,16
0022400900,BOS,16
0022400899,IND,18
0022400900,PHI,15
0022400902,HOU,24
0022400944,ORL,21
0022400901,BKN,24
0022400902,NOP,19
0022400907,MIN,12
0022400907,MIA,16
0022400911,LAC,17
0022400909,DEN,22
0022400908,OKC,13
0022400910,SAS,17
0022400910,SAC,16
0022400904,CHA,33
0022400906,MEM,20
0022400909,PHX,18
0022400911,NYK,15
0022400908,POR,16
0022400905,UTA,18
0022400905,TOR,29
0022400906,DAL,13
0022400904,CLE,19
0022400918,BOS,11
0022400916,CHI,14
0022400917,ORL,24
0022400912,CHA,13
0022400917,MIL,18
0022400914,ATL,22
0022400914,IND,21
0022400918,LAL,17
0022400913,HOU,13
0022400916,MIA,17
0022400919,DET,29
0022400913,NOP,17
0022400915,WAS,18
0022400915,TOR,17
0022400919,GSW,27
0022400912,BKN,19
0022400922,CLE,15
0022400925,SAS,14
0022400924,UTA,21
0022400921,DAL,13
0022400926,DET,24
0022400927,LAC,20
0022400925,MIN,17
0022400922,MIL,15
0022400923,MEM,22
0022400921,PHX,10
0022400920,OKC,20
0022400927,SAC,19
0022400920,DEN,18
0022400924,PHI,23
0022400923,NOP,15
0022400926,POR,27
0022400930,BKN,16
0022400931,CHA,16
0022400930,LAL,20
0022400939,SAC,20
0022400934,HOU,18
0022400933,CHI,19
0022400928,ATL,18
0022400935,MEM,22
0022400938,GSW,16
0022400939,NYK,24
0022400937,DAL,18
0022400928,PHI,15
0022400929,UTA,13
0022400933,IND,13
0022400937,SAS,24
0022400936,OKC,16
0022400938,POR,13
0022400934,ORL,19
0022400936,DEN,18
0022400932,WAS,20
0022400929,BOS,12
0022400935,PHX,22
0022400932,TOR,18
0022400931,MIA,15
0022400942,IND,20
0022400940,CLE,10
0022400942,MIL,19
0022400940,BKN,21
0022400943,LAC,16
0022400943,NOP,16
0022400941,DET,18
0022400941,WAS,18
0022400948,LAC,10
0022400952,DEN,16
0022400953,POR,18
0022400947,TOR,17
0022400949,HOU,19
0022400953,NYK,21
0022400951,DAL,12
0022400945,CHA,26
0022400946,OKC,17
0022400951,SAS,19
0022400952,MIN,16
0022400949,PHX,18
0022400948,MIA,17
0022400946,BOS,25
0022400947,PHI,20
0022400950,MEM,21
0022400950,UTA,17
0022400945,ATL,16
0022400955,MIL,21
0022400955,LAL,23
0022400956,CHI,16
0022401141,NOP,16
0022400957,GSW,21
0022401141,ORL,20
0022400956,BKN,26
0022400957,SAC,15
0022400954,DET,23
0022400954,WAS,29
0022400965,DEN,15
0022400958,BOS,17
0022400963,ORL,22
0022400963,MIN,21
0022400959,PHI,19
0022400959,IND,17
0022400967,SAC,18
0022400967,PHX,15
0022400964,CHA,17
0022400960,LAC,15
0022400958,MIA,12
0022400962,MEM,25
0022400961,HOU,13
0022400965,LAL,25
0022400961,DAL,11
0022400960,ATL,18
0022400966,UTA,25
0022400966,TOR,26
0022400962,CLE,17
0022400964,SAS,17
0022400971,MEM,16
0022400972,IND,15
0022400968,BOS,14
0022400974,GSW,13
0022400972,MIL,16
0022400973,NOP,20
0022400968,BKN,21
0022400973,SAS,15
0022400970,HOU,18
0022400975,WAS,17
0022400974,NYK,16
0022400970,CHI,23
0022400969,DET,21
0022400971,MIA,16
0022400975,DEN,20
0022400969,OKC,20
0022400977,PHX,27
0022400982,OKC,20
0022400981,UTA,20
0022400978,ATL,17
0022400979,CLE,22
0022400976,DAL,19
0022400977,LAL,20
0022400980,TOR,22
0022400978,BKN,18
0022400979,ORL,20
0022400976,PHI,21
0022400538,CHA,18
0022400982,MIL,23
0022400980,POR,20
0022400981,MIN,16
0022400538,LAC,12
0022400537,SAS,18
0022400984,NYK,14
0022400986,IND,25
0022400984,MIA,11
0022400986,MIN,22
0022400985,HOU,27
0022400991,TOR,15
0022400995,WAS,16
0022400992,MEM,22
0022400537,LAL,10
0022400987,DET,19
0022400989,UTA,19
0022400990,GSW,21
0022400990,DEN,24
0022400985,PHI,20
0022400991,PHX,21
0022400989,CHI,14
0022400992,SAC,21
0022400995,POR,10
0022400987,NOP,15
0022401012,GSW,24
0022400994,BOS,14
0022400993,CHA,16
0022400994,BKN,19
0022400997,LAC,26
0022401012,MIL,15
0022400997,CLE,21
0022400993,ATL,17
0022401006,DEN,17
0022401000,DET,20
0022401001,NOP,25
0022401003,SAS,22
0022400999,HOU,18
0022400998,DAL,26
0022401002,OKC,12
0022401007,CHI,19
0022401008,MEM,20
0022401009,CLE,14
0022401003,NYK,18
0022401009,SAC,20
0022401001,MIN,19
0022401007,PHX,13
0022400998,IND,26
0022401006,LAL,17
0022400999,ORL,20
0022401002,PHI,15
0022400627,WAS,13
0022401008,POR,17
0022400627,UTA,16
0022401000,MIA,15
0022400996,MIL,14
0022400996,LAL,25
0022401011,IND,21
0022401010,CHA,20
0022401011,BKN,24
0022401013,CHI,19
0022401013,SAC,22
0022401005,TOR,24
0022401005,GSW,15
0022401010,NYK,18
0022401015,HOU,14
0022401016,NOP,20
0022401014,WAS,10
0022401018,SAS,14
0022401021,CLE,12
0022401022,DEN,25
0022401018,PHI,15
0022401020,UTA,17
0022401021,PHX,16
0022401016,MIN,17
0022401019,DET,22
0022401022,POR,18
0022401015,MIA,16
0022401023,MEM,20
0022401017,CHA,13
0022401020,BOS,15
0022401023,LAC,14
0022401014,ORL,17
0022401019,DAL,16
0022401017,OKC,13
0022401028,CHI,16
0022401027,SAC,17
0022401024,IND,24
0022401026,WAS,23
0022401024,BKN,20
0022401027,MIL,17
0022401025,GSW,16
0022401028,LAL,16
0022401025,ATL,23
0022401026,NYK,17
0022401032,CHA,15
0022401031,ATL,26
0022401034,BOS,14
0022401033,TOR,21
0022401031,PHI,18
0022401034,POR,11
0022401030,UTA,24
0022401029,DET,20
0022401035,HOU,20
0022401035,DEN,23
0022401036,OKC,22
0022401036,LAC,19
0022401033,SAS,14
0022401030,CLE,16
0022401029,NOP,30
0022401032,MIA,13
0022401038,ORL,18
0022401043,PHX,21
0022401037,IND,12
0022401040,DAL,15
0022401038,LAL,20
0022401037,MIN,13
0022401041,NOP,17
0022401043,MIL,16
0022401044,BOS,14
0022401044,SAC,18
0022401041,PHI,16
0022401042,DEN,16
0022401040,BKN,15
0022401042,CHI,17
0022401039,WAS,19
0022401039,TOR,23
0022401047,GSW,14
0022401048,DAL,16
0022401045,CHA,22
0022401051,CLE,18
0022401052,OKC,18
0022401046,DET,19
0022401049,HOU,12
0022401051,POR,15
0022401048,NYK,18
0022401047,MIA,15
0022401049,ATL,26
0022401052,SAC,15
0022401050,MEM,21
0022401050,UTA,16
0022401046,SAS,19
0022401045,ORL,21
0022401055,IND,16
0022401057,DEN,12
0022401054,TOR,22
0022401056,LAC,21
0022401055,LAL,22
0022401053,WAS,12
0022401058,BOS,18
0022401058,PHX,18
0022401057,MIL,14
0022401056,NYK,14
0022401054,BKN,21
0022401053,PHI,15
0022401063,CHI,15
0022401062,ATL,11
0022401060,DAL,17
0022401061,WAS,15
0022401066,SAC,23
0022401066,POR,20
0022401059,CLE,14
0022401062,MIA,10
0022401059,SAS,20
0022401063,LAL,19
0022401060,ORL,20
0022401065,UTA,20
0022401064,MEM,20
0022401065,HOU,14
0022401064,OKC,17
0022401061,IND,19
0022401070,NYK,14
0022401071,PHX,16
0022401068,LAC,22
0022401070,MIL,14
0022401071,MIN,18
0022401067,DET,29
0022401072,GSW,22
0022401073,UTA,19
0022401072,NOP,23
0022401068,BKN,21
0022401069,CHA,12
0022401073,DEN,16
0022401067,CLE,27
0022401069,TOR,15
0022401078,MEM,27
0022401076,PHI,15
0022401075,WAS,15
0022401074,SAC,21
0022401079,OKC,17
0022401076,MIA,13
0022401074,ORL,18
0022401080,BOS,18
0022401080,SAS,16
0022401077,DAL,18
0022401077,CHI,17
0022401079,IND,16
0022401078,LAL,21
0022401075,BKN,23
0022401083,ATL,29
0022401084,DET,24
0022401082,POR,12
0022401087,TOR,13
0022401088,HOU,15
0022401082,NYK,17
0022401086,GSW,15
0022401083,MIL,24
0022401081,LAC,17
0022401085,CHA,17
0022401086,SAS,20
0022401088,PHX,21
0022401081,CLE,17
0022401087,PHI,12
0022401084,MIN,24
0022401085,NOP,17
0022401096,HOU,20
0022401092,WAS,20
0022401095,DAL,19
0022401091,LAC,19
0022401090,SAC,18
0022401090,IND,14
0022401093,MEM,16
0022401094,OKC,16
0022401095,BKN,23
0022401096,LAL,15
0022401091,ORL,17
0022401094,CHI,16
0022401089,CHA,14
0022401093,BOS,11
0022401092,MIA,16
0022401089,UTA,15
0022401101,PHX,19
0022401102,DEN,22
0022401098,PHI,21
0022400988,SAS,14
0022401098,NYK,18
0022401101,MIL,22
0022401097,ATL,22
0022400988,ORL,15
0022401097,POR,18
0022401099,TOR,20
0022401102,MIN,34
0022401100,MEM,23
0022401099,CHI,9
0022401100,GSW,22
0022401106,BOS,17
0022401103,CLE,18
0022401104,CHA,15
0022401105,WAS,21
0022401110,DEN,12
0022401109,DAL,16
0022401106,MIA,13
0022401103,NYK,19
0022401111,LAC,9
0022401109,ATL,19
0022401110,SAS,17
0022401107,UTA,14
0022401111,NOP,21
0022401108,DET,25
0022401107,HOU,18
0022401105,SAC,16
0022401108,OKC,19
0022401104,IND,16
0022401117,GSW,21
0022401114,MEM,18
0022401115,PHI,18
0022401113,BKN,17
0022401113,MIN,13
0022401112,WAS,20
0022401115,MIL,14
0022401116,TOR,19
0022401117,LAL,23
0022401116,POR,13
0022401114,MIA,21
0022401112,ORL,12
0022401126,NOP,22
0022401119,UTA,24
0022401120,BOS,13
0022401122,CHI,16
0022401118,CHA,19
0022401124,CLE,13
0022401120,PHX,15
0022401124,SAS,15
0022401126,LAL,18
0022401122,POR,21
0022401127,LAC,23
0022401125,GSW,15
0022401125,DEN,18
0022401123,OKC,20
0022401127,DAL,14
0022401123,HOU,16
0022401121,DET,14
0022401119,IND,17
0022401121,TOR,24
0022401118,SAC,28
0022401131,MIL,17
0022401131,MIA,21
0022401130,PHI,23
0022401128,ATL,18
0022401130,MIN,15
0022401128,NYK,13
0022401132,LAC,22
0022401132,DAL,18
0022401129,DET,19
0022401129,MEM,18
0022401135,OKC,17
0022400617,NOP,14
0022401134,TOR,21
0022401140,PHX,22
0022401142,DEN,17
0022401140,NYK,18
0022401139,SAS,21
0022401138,CLE,17
0022401139,POR,20
0022401136,UTA,18
0022401137,WAS,10
0022401138,SAC,14
0022400617,MIL,14
0022401133,CHA,22
0022401142,IND,17
0022401143,HOU,15
0022401143,GSW,14
0022401135,LAL,15
0022401134,BKN,18
0022401136,ATL,19
0022401137,BOS,9
0022401133,CHI,23
0022401145,PHI,14
0022401145,MIA,17
0022401144,DET,23
0022401144,SAC,21
0022401153,OKC,26
0022401152,MIN,20
0022401152,MIL,15
0022401150,NOP,18
0022401151,BOS,17
0022401149,ATL,26
0022401148,WAS,27
0022401154,GSW,10
0022401155,LAC,14
0022401149,ORL,20
0022401151,NYK,21
0022401147,CHI,15
0022401150,BKN,22
0022401147,CLE,15
0022401154,PHX,19
0022401155,SAS,16
0022401153,LAL,15
0022401146,CHA,18
0022401148,IND,16
0022401146,MEM,18
0022401159,DAL,14
0022401160,CHI,14
0022401156,BOS,11
0022401157,WAS,25
0022401164,OKC,18
0022401162,UTA,26
0022401165,DEN,16
0022401163,GSW,19
0022401156,ORL,9
0022401160,MIA,10
0022401159,LAL,16
0022401165,SAC,22
0022401163,SAS,23
0022401166,LAC,11
0022401166,HOU,14
0022401164,PHX,17
0022401158,CHA,13
0022401162,POR,23
0022401157,PHI,20
0022401158,TOR,16
0022401161,NOP,21
0022401170,MEM,22
0022401169,ATL,19
0022401167,DET,23
0022401168,CLE,16
0022401169,BKN,26
0022401168,IND,16
0022401161,MIL,17
0022401170,MIN,25
0022401167,NYK,19
0022401185,HOU,17
0022401177,NOP,16
0022401171,DET,19
0022401179,BKN,24
0022401179,MIN,15
0022401175,CLE,17
0022401172,IND,19
0022401172,ORL,28
0022401173,ATL,15
0022401182,SAS,7
0022401183,GSW,19
0022401184,LAC,19
0022401182,PHX,9
0022401173,PHI,17
0022401174,CHA,14
0022401175,NYK,18
0022401177,MIA,13
0022401176,WAS,16
0022401178,TOR,15
0022401180,MEM,24
0022401183,POR,20
0022401185,LAL,15
0022401184,SAC,18
0022401181,UTA,14
0022401178,DAL,12
0022401181,OKC,17
0022401180,DEN,17
0022401176,CHI,13
0022401171,MIL,17
0022401174,BOS,11
0022401199,POR,16
0022401190,WAS,14
0022401192,DET,19
0022401195,UTA,15
0022401188,NYK,25
0022401188,BKN,24
0022401186,ATL,15
0022401189,CLE,23
0022401191,CHI,17
0022401200,SAC,7
0022401199,LAL,21
0022401200,PHX,9
0022401197,TOR,23
0022401186,ORL,8
0022401187,CHA,16
0022401189,IND,20
0022401196,OKC,25
0022401191,PHI,15
0022401194,MEM,15
0022401193,HOU,24
0022401198,LAC,21
0022401193,DEN,13
0022401198,GSW,20
0022401196,NOP,19
0022401197,SAS,13
0022401195,MIN,16
0022401194,DAL,13
0022401190,MIA,12
0022401192,MIL,17
0022401187,BOS,14
0022500001,OKC,27
0022500002,GSW,27
0022500001,HOU,26
0022500002,LAL,21
0022500086,MIL,22
0022500089,MIN,29
0022500080,BKN,28
0022500003,NYK,23
0022500081,ORL,20
0022500083,PHI,23
0022500088,PHX,25
0022500089,POR,17
0022500088,SAC,22
0022500004,SAS,24
0022500082,ATL,24
0022500083,BOS,28
0022500003,CLE,25
0022500085,NOP,30
0022500084,CHI,23
0022500004,DAL,24
0022500087,LAC,21
0022500081,MIA,28
0022500082,TOR,31
0022500087,UTA,21
0022500085,MEM,29
0022500086,WAS,19
0022500084,DET,29
0022500080,CHA,25
0022500005,IND,37
0022500005,OKC,33
0022500006,DEN,22
0022500006,GSW,16
0022500092,MIL,24
0022500019,MIN,27
0022500091,BKN,28
0022500018,NYK,17
0022500090,ORL,26
0022500099,PHX,25
0022500097,POR,28
0022500098,SAC,18
0022500095,SAS,27
0022500090,ATL,21
0022500018,BOS,25
0022500091,CLE,18
0022500095,NOP,21
0022500096,DAL,19
0022500097,GSW,22
0022500093,HOU,24
0022500099,LAC,19
0022500019,LAL,20
0022500094,MIA,25
0022500092,TOR,21
0022500098,UTA,16
0022500094,MEM,19
0022500096,WAS,24
0022500093,DET,31
0022500100,ORL,25
0022500103,IND,21
0022500102,PHI,25
0022500104,PHX,29
0022500101,OKC,19
0022500101,ATL,23
0022500100,CHI,26
0022500104,DEN,23
0022500103,MEM,22
0022500102,CHA,26
0022500107,MIL,26
0022500110,MIN,24
0022500105,BKN,30
0022500108,NYK,24
0022500110,IND,27
0022500112,POR,21
0022500113,SAC,26
0022500105,SAS,23
0022500106,BOS,26
0022500107,CLE,23
0022500111,DAL,26
0022500112,LAC,27
0022500113,LAL,17
0022500108,MIA,16
0022500111,TOR,28
0022500109,WAS,27
0022500106,DET,24
0022500109,CHA,16
0022500008,MIN,22
0022500116,BKN,24
0022500114,ORL,22
0022500114,PHI,27
0022500120,PHX,29
0022500122,POR,17
0022500118,SAS,17
0022500119,OKC,23
0022500115,ATL,17
0022500117,BOS,24
0022500007,CLE,25
0022500117,NOP,19
0022500115,CHI,20
0022500119,DAL,15
0022500008,DEN,24
0022500121,GSW,24
0022500116,HOU,22
0022500122,LAL,19
0022500118,TOR,23
0022500120,UTA,27
0022500121,MEM,20
0022500007,DET,29
0022500125,MIL,21
0022500125,NYK,21
0022500123,PHI,21
0022500126,SAC,16
0022500126,OKC,19
0022500127,GSW,15
0022500127,LAC,5
0022500124,MIA,16
0022500123,WAS,30
0022500124,CHA,18
0022500136,MIN,23
0022500130,BKN,17
0022500129,ORL,27
0022500133,IND,29
0022500137,PHX,20
0022500135,POR,33
0022500132,SAC,17
0022500130,ATL,26
0022500128,BOS,19
0022500128,CLE,22
0022500134,NOP,15
0022500132,CHI,20
0022500133,DAL,22
0022500134,DEN,23
0022500131,HOU,16
0022500136,LAL,22
0022500131,TOR,26
0022500135,UTA,24
0022500137,MEM,17
0022500129,DET,28
0022500139,MIL,22
0022500138,ORL,19
0022500141,SAS,17
0022500140,OKC,15
0022500139,GSW,17
0022500141,MIA,20
0022500140,WAS,26
0022500138,CHA,22
0022500023,NYK,25
0022500020,IND,16
0022500021,PHI,13
0022500025,PHX,25
0022500026,POR,24
0022500020,ATL,23
0022500021,BOS,24
0022500022,CLE,15
0022500027,NOP,18
0022500023,CHI,22
0022500026,DEN,21
0022500027,LAC,19
0022500024,LAL,16
0022500022,TOR,18
0022500025,UTA,22
0022500024,MEM,25
0022500142,MIL,26
0022500143,MIN,22
0022500145,ORL,16
0022500144,IND,19
0022500142,SAC,21
0022500146,BOS,25
0022500147,DAL,25
0022500144,GSW,27
0022500146,HOU,14
0022500145,WAS,23
0022500147,DET,22
0022500143,CHA,16
0022500149,BKN,15
0022500153,NYK,12
0022500149,PHI,25
0022500154,PHX,26
0022500154,SAS,21
0022500148,OKC,22
0022500151,ATL,21
0022500151,CLE,28
0022500148,NOP,22
0022500153,CHI,20
0022500155,LAL,26
0022500155,MIA,20
0022500152,TOR,23
0022500150,UTA,24
0022500152,MEM,18
0022500150,CHA,25
0022500157,MIL,28
0022500156,MIN,26
0022500156,BKN,24
0022500159,NYK,16
0022500157,IND,24
0022500163,POR,18
0022500162,SAC,24
0022500158,BOS,22
0022500160,DAL,25
0022500162,DEN,18
0022500160,HOU,17
0022500164,LAC,24
0022500163,LAL,22
0022500164,MIA,15
0022500158,UTA,21
0022500161,MEM,22
0022500159,WAS,21
0022500161,DET,21
0022500165,MIL,26
0022500166,ORL,30
0022500167,PHI,21
0022500169,PHX,17
0022500170,OKC,23
0022500166,ATL,24
0022500168,NOP,20
0022500167,CHI,19
0022500169,GSW,18
0022500170,LAC,20
0022500165,TOR,23
0022500168,CHA,23
0022500175,MIN,14
0022500173,BKN,17
0022500175,NYK,21
0022500173,IND,23
0022500171,PHI,23
0022500180,POR,24
0022500181,SAC,18
0022500179,SAS,36
0022500180,OKC,27
0022500174,BOS,24
0022500171,CLE,22
0022500177,NOP,18
0022500177,DAL,15
0022500178,DEN,16
0022500181,GSW,26
0022500176,HOU,21
0022500179,LAL,30
0022500178,MIA,20
0022500172,UTA,17
0022500176,MEM,19
0022500174,WAS,18
0022500172,DET,23
0022500182,PHX,23
0022500182,LAC,19
0022500035,MIL,16
0022500036,MIN,23
0022500031,BKN,24
0022500028,ORL,18
0022500038,SAC,20
0022500032,SAS,19
0022500038,OKC,16
0022500030,ATL,19
0022500028,BOS,27
0022500029,CLE,17
0022500035,CHI,19
0022500034,DAL,20
0022500037,DEN,15
0022500037,GSW,18
0022500032,HOU,24
0022500033,MIA,21
0022500030,TOR,21
0022500036,UTA,22
0022500034,MEM,20
0022500029,WAS,24
0022500031,DET,19
0022500033,CHA,18
0022500189,IND,23
0022500184,PHI,22
0022500190,PHX,19
0022500187,POR,32
0022500188,SAS,20
0022500185,ATL,14
0022500186,CLE,27
0022500188,NOP,19
0022500186,CHI,25
0022500183,DAL,17
0022500189,DEN,25
0022500190,LAC,15
0022500185,LAL,11
0022500187,MIA,23
0022500184,TOR,25
0022500183,WAS,21
0022500191,MIL,20
0022500197,MIN,23
0022500192,BKN,25
0022500192,NYK,25
0022500193,ORL,24
0022500196,IND,25
0022500195,PHI,22
0022500197,SAC,20
0022500194,OKC,17
0022500193,BOS,27
0022500196,GSW,16
0022500191,HOU,19
0022500194,MEM,25
0022500195,DET,21
0022500203,MIL,26
0022500205,MIN,21
0022500200,ORL,23
0022500204,PHX,18
0022500200,POR,24
0022500202,SAS,17
0022500206,ATL,22
0022500201,CLE,27
0022500204,NOP,23
0022500202,CHI,20
0022500203,DAL,22
0022500206,LAC,14
0022500198,LAL,22
0022500201,MIA,27
0022500205,UTA,24
0022500199,WAS,28
0022500199,DET,18
0022500198,CHA,25
0022500207,BKN,20
0022500208,NYK,21
0022500211,IND,26
0022500209,PHI,22
0022500212,SAC,23
0022500210,OKC,21
0022500209,BOS,17
0022500212,DEN,19
0022500210,GSW,28
0022500207,TOR,23
0022500211,UTA,27
0022500208,MEM,20
0022500213,MIL,22
0022500215,NYK,25
0022500215,ORL,23
0022500221,PHX,20
0022500219,POR,22
0022500223,SAC,19
0022500220,SAS,24
0022500222,OKC,19
0022500223,ATL,20
0022500216,BOS,20
0022500217,CLE,21
0022500219,NOP,20
0022500214,CHI,18
0022500221,DAL,23
0022500224,DEN,14
0022500220,GSW,18
0022500218,HOU,18
0022500224,LAC,30
0022500222,LAL,19
0022500217,MIA,29
0022500216,MEM,18
0022500218,WAS,22
0022500214,DET,25
0022500213,CHA,15
0022500226,IND,22
0022500226,PHX,24
0022500227,ATL,18
0022500225,CLE,20
0022500225,TOR,20
0022500227,UTA,19
0022500043,MIL,25
0022500044,MIN,20
0022500040,BKN,19
0022500039,NYK,23
0022500040,ORL,16
0022500041,PHI,20
0022500042,POR,18
0022500044,SAC,26
0022500047,SAS,19
0022500045,NOP,23
0022500046,DAL,25
0022500047,GSW,20
0022500042,HOU,22
0022500046,LAC,32
0022500045,LAL,17
0022500039,MIA,23
0022500041,DET,17
0022500043,CHA,21
0022500231,MIL,23
0022500232,MIN,27
0022500230,IND,25
0022500229,OKC,15
0022500228,CLE,28
0022500232,DEN,19
0022500231,LAL,20
0022500230,TOR,20
0022500228,MEM,25
0022500229,CHA,10
0022500235,BKN,18
0022500236,ORL,22
0022500239,PHX,24
0022500238,POR,32
0022500234,SAC,17
0022500234,SAS,17
0022500239,ATL,19
0022500233,BOS,21
0022500237,NOP,16
0022500240,CHI,29
0022500238,DAL,22
0022500237,GSW,23
0022500236,HOU,23
0022500233,LAC,20
0022500240,UTA,28
0022500235,WAS,25
0022500241,MIL,17
0022500246,MIN,24
0022500244,NYK,18
0022500242,IND,26
0022500243,PHI,20
0022500247,OKC,20
0022500241,CLE,17
0022500247,NOP,26
0022500248,CHI,18
0022500246,DAL,22
0022500248,DEN,14
0022500243,LAC,26
0022500244,MIA,21
0022500245,TOR,21
0022500242,DET,28
0022500245,CHA,14
0022500250,BKN,22
0022500249,ORL,20
0022500254,PHX,27
0022500254,POR,12
0022500252,SAS,16
0022500251,ATL,24
0022500250,BOS,24
0022500249,GSW,18
0022500253,LAL,21
0022500253,UTA,30
0022500252,MEM,15
0022500251,DET,16
0022500259,MIN,15
0022500262,NYK,22
0022500256,IND,22
0022500258,PHI,20
0022500263,POR,16
0022500261,SAC,22
0022500261,OKC,21
0022500255,CLE,18
0022500260,NOP,24
0022500263,CHI,26
0022500262,DAL,26
0022500260,DEN,26
0022500257,GSW,20
0022500255,HOU,23
0022500257,MIA,17
0022500258,TOR,19
0022500259,WAS,26
0022500256,CHA,18
0022500266,MIL,19
0022500264,ORL,17
0022500266,PHI,15
0022500265,SAC,22
0022500267,SAS,15
0022500267,ATL,24
0022500264,LAC,20
0022500265,MEM,11
0022500053,MIN,23
0022500049,BKN,17
0022500048,IND,22
0022500053,PHX,29
0022500056,POR,25
0022500055,OKC,16
0022500049,BOS,25
0022500048,CLE,22
0022500052,NOP,20
0022500051,CHI,27
0022500052,DAL,19
0022500054,DEN,20
0022500056,GSW,25
0022500054,HOU,22
0022500051,MIA,22
0022500050,TOR,20
0022500055,UTA,25
0022500050,WAS,22
0022500272,MIL,19
0022500269,NYK,28
0022500269,ORL,26
0022500274,SAC,20
0022500270,ATL,20
0022500270,NOP,17
0022500271,CHI,15
0022500273,DAL,21
0022500274,DEN,21
0022500268,LAC,19
0022500273,MEM,18
0022500271,WAS,23
0022500272,DET,17
0022500268,CHA,20
0022500279,BKN,20
0022500277,ORL,17
0022500275,PHI,21
0022500281,PHX,23
0022500280,POR,19
0022500281,SAS,17
0022500280,OKC,23
0022500276,ATL,21
0022500277,BOS,21
0022500278,CLE,22
0022500278,LAC,17
0022500282,LAL,18
0022500275,MIA,17
0022500279,TOR,22
0022500282,UTA,21
0022500276,CHA,15
0022500288,MIL,26
0022500292,MIN,28
0022500285,BKN,14
0022500285,NYK,21
0022500283,IND,27
0022500290,PHX,20
0022500288,POR,16
0022500292,SAC,21
0022500284,CLE,13
0022500289,NOP,21
0022500289,CHI,21
0022500286,DAL,19
0022500287,DEN,15
0022500291,GSW,14
0022500290,HOU,20
0022500286,MIA,16
0022500284,TOR,14
0022500291,UTA,14
0022500287,MEM,16
0022500283,DET,27
0022500058,ORL,20
0022500058,PHI,20
0022500057,ATL,19
0022500059,LAC,22
0022500059,LAL,22
0022500057,WAS,19
0022500062,MIL,15
0022500064,MIN,25
0022500061,NYK,22
0022500063,IND,22
0022500068,PHX,14
0022500067,POR,22
0022500068,SAC,17
0022500067,SAS,22
0022500064,OKC,25
0022500060,BOS,27
0022500065,NOP,18
0022500066,GSW,26
0022500066,HOU,20
0022500062,MIA,10
0022500063,TOR,19
0022500065,MEM,18
0022500060,DET,18
0022500061,CHA,16
0022500074,MIL,26
0022500070,BKN,16
0022500074,NYK,21
0022500072,ORL,25
0022500073,IND,16
0022500070,PHI,20
0022500075,PHX,24
0022500077,SAC,22
0022500076,SAS,27
0022500075,OKC,22
0022500069,ATL,14
0022500069,CLE,17
0022500071,CHI,18
0022500078,DAL,23
0022500076,DEN,22
0022500079,LAC,21
0022500078,LAL,20
0022500077,UTA,22
0022500079,MEM,19
0022500073,WAS,17
0022500072,DET,27
0022500071,CHA,19
0022500297,MIL,16
0022500293,MIN,16
0022500297,BKN,16
0022500295,IND,15
0022500299,PHX,23
0022500293,BOS,21
0022500298,NOP,21
0022500295,CHI,14
0022500300,DAL,19
0022500299,DEN,20
0022500298,GSW,23
0022500300,LAC,21
0022500296,MIA,20
0022500294,TOR,26
0022500296,DET,27
0022500294,CHA,19
0022500306,MIN,16
0022500303,NYK,15
0022500304,PHI,28
0022500305,POR,22
0022500307,SAC,22
0022500306,SAS,15
0022500305,OKC,29
0022500304,ATL,27
0022500302,BOS,17
0022500302,CLE,22
0022500308,NOP,27
0022500301,HOU,18
0022500308,LAL,14
0022500303,TOR,15
0022500301,UTA,23
0022500307,MEM,22
0022500311,MIL,16
0022500312,BKN,23
0022500314,ORL,16
0022500310,IND,22
0022500317,PHX,16
0022500309,ATL,16
0022500310,CLE,28
0022500314,CHI,23
0022500315,DAL,19
0022500315,DEN,11
0022500316,HOU,26
0022500313,LAC,10
0022500317,LAL,13
0022500313,MIA,25
0022500316,UTA,31
0022500311,WAS,17
0022500309,DET,12
0022500312,CHA,15
0022500321,MIN,25
0022500320,NYK,15
0022500318,PHI,21
0022500319,POR,21
0022500322,SAS,22
0022500323,OKC,13
0022500320,BOS,20
0022500321,NOP,23
0022500323,GSW,22
0022500319,TOR,28
0022500322,MEM,28
0022500318,WAS,15
0022500331,MIL,20
0022500329,BKN,19
0022500328,NYK,19
0022500326,ORL,19
0022500325,IND,24
0022500324,POR,21
0022500330,SAC,17
0022500326,SAS,20
0022500327,ATL,17
0022500324,CLE,24
0022500329,CHI,15
0022500332,DAL,15
0022500325,DEN,21
0022500330,HOU,10
0022500327,LAC,18
0022500332,MIA,13
0022500331,DET,18
0022500328,CHA,18
0022500337,MIN,22
0022500335,BKN,19
0022500333,PHI,14
0022500334,BOS,20
0022500337,NOP,22
0022500333,GSW,20
0022500336,LAL,17
0022500336,TOR,20
0022500335,UTA,23
0022500334,WAS,22
0022500348,MIL,21
0022500343,NYK,22
0022500339,ORL,19
0022500345,IND,21
0022500348,PHI,24
0022500346,PHX,22
0022500342,POR,35
0022500341,SAS,22
0022500349,OKC,21
0022500340,ATL,25
0022500338,BOS,20
0022500341,CLE,22
0022500345,CHI,15
0022500349,DAL,17
0022500340,DEN,15
0022500346,HOU,20
0022500347,LAC,18
0022500338,LAL,14
0022500339,MIA,18
0022500344,TOR,25
0022500343,UTA,18
0022500347,MEM,18
0022500342,DET,29
0022500344,CHA,20
0022500353,MIL,26
0022500355,MIN,22
0022500350,BKN,17
0022500354,SAC,19
0022500351,ATL,16
0022500352,CLE,18
0022500350,NOP,15
0022500356,DAL,14
0022500352,GSW,19
0022500356,HOU,20
0022500355,LAC,28
0022500354,MIA,17
0022500351,WAS,18
0022500353,DET,26
0022500357,NYK,21
0022500357,ORL,16
0022500362,PHI,17
0022500360,POR,27
0022500363,OKC,20
0022500358,BOS,22
0022500361,CHI,15
0022500359,DEN,19
0022500361,GSW,16
0022500362,LAL,22
0022500358,TOR,18
0022500363,UTA,17
0022500360,MEM,25
0022500359,CHA,22
0022500365,MIN,20
0022500364,IND,15
0022500365,PHX,20
0022500364,SAC,18
0022500366,SAS,19
0022500366,NOP,23
0022501202,NYK,19
0022501201,ORL,19
0022501201,MIA,16
0022501202,TOR,22
0022501203,PHX,13
0022501204,SAS,19
0022501203,OKC,14
0022501204,LAL,23
0022501206,MIL,24
0022501207,POR,19
0022501208,SAC,20
0022501206,BOS,15
0022501207,NOP,16
0022501208,DEN,18
0022501205,HOU,22
0022501205,LAC,20
0022501215,MIN,22
0022501214,BKN,22
0022501211,IND,27
0022501211,PHI,19
0022501210,ATL,18
0022501212,CLE,20
0022501209,CHI,11
0022501214,DAL,20
0022501215,GSW,23
0022501213,UTA,23
0022501213,MEM,21
0022501212,WAS,27
0022501210,DET,22
0022501209,CHA,19
0022501229,NYK,23
0022501229,ORL,24
0022501230,SAS,23
0022501230,OKC,25
0022501219,MIL,18
0022501220,MIN,26
0022501219,BKN,15
0022501216,IND,18
0022501217,PHI,15
0022501228,PHX,28
0022501221,POR,21
0022501220,SAC,21
0022501217,ATL,23
0022501218,CLE,24
0022501223,NOP,17
0022501223,CHI,24
0022501221,GSW,24
0022501228,LAL,23
0022501216,WAS,21
0022501218,CHA,26
0022501222,BOS,20
0022501224,DAL,26
0022501225,DEN,28
0022501225,HOU,25
0022501226,LAC,15
0022501227,MIA,14
0022501227,TOR,20
0022501224,UTA,32
0022501226,MEM,21
0022501222,DET,20
0022500368,MIN,25
0022500367,CLE,16
0022500367,CHI,17
0022500368,MEM,25
0022500374,MIL,19
0022500373,BKN,17
0022500372,NYK,19
0022500377,ORL,17
0022500372,IND,20
0022500378,PHX,17
0022500380,POR,27
0022500380,SAC,29
0022500370,SAS,12
0022500369,OKC,19
0022500371,ATL,20
0022500375,NOP,24
0022500376,DAL,21
0022500377,DEN,18
0022500378,GSW,20
0022500375,HOU,21
0022500369,LAC,17
0022500379,LAL,31
0022500373,MIA,12
0022500374,TOR,20
0022500379,UTA,29
0022500370,WAS,18
0022500376,DET,27
0022500371,CHA,21
0022500385,MIN,24
0022500382,NYK,21
0022500382,PHI,24
0022500383,SAS,12
0022500385,OKC,30
0022500383,ATL,14
0022500381,BOS,19
0022500384,CLE,17
0022500384,CHI,14
0022500381,MIA,20
0022500393,ORL,29
0022500389,IND,26
0022500387,PHI,13
0022500392,PHX,24
0022500394,POR,20
0022500394,SAC,19
0022500388,BOS,21
0022500389,NOP,25
0022500387,DAL,22
0022500386,DEN,20
0022500392,GSW,22
0022500386,HOU,20
0022500395,LAC,23
0022500395,LAL,19
0022500388,TOR,18
0022500393,UTA,29
0022500391,MEM,19
0022500391,WAS,20
0022500390,DET,25
0022500390,CHA,23
0022500400,MIL,15
0022500400,MIN,18
0022500397,BKN,17
0022500398,NYK,25
0022500401,SAC,21
0022500399,SAS,19
0022500396,ATL,25
0022500396,CHI,21
0022500401,HOU,20
0022500398,MIA,14
0022500397,TOR,19
0022500399,WAS,25
0022500407,ORL,21
0022500403,IND,21
0022500408,POR,22
0022500406,OKC,18
0022500403,BOS,16
0022500402,CLE,20
0022500404,NOP,16
0022500404,DAL,19
0022500405,DEN,17
0022500407,GSW,20
0022500405,UTA,19
0022500406,MEM,14
0022500408,DET,28
0022500402,CHA,18
0022500413,MIL,26
0022500416,MIN,15
0022500410,BKN,25
0022500416,NYK,21
0022500420,ORL,21
0022500413,IND,21
0022500410,PHI,26
0022500418,PHX,24
0022500420,POR,22
0022500421,SAC,25
0022500417,SAS,13
0022500417,OKC,17
0022500411,ATL,24
0022500412,CLE,21
0022500412,NOP,16
0022500411,CHI,18
0022500415,DAL,12
0022500415,DEN,16
0022500422,HOU,20
0022500422,LAC,19
0022500418,LAL,22
0022500414,MIA,18
0022500414,TOR,19
0022500419,UTA,21
0022500419,MEM,23
0022500409,WAS,20
0022500421,DET,23
0022500409,CHA,16
0022500013,MIN,27
0022500009,NYK,17
0022500010,SAS,16
0022500010,OKC,18
0022500009,CLE,22
0022500011,DAL,16
0022500013,DEN,18
0022500011,GSW,22
0022500012,HOU,13
0022500012,LAL,17
0022500428,MIL,25
0022500424,ORL,25
0022500426,IND,28
0022500427,PHI,20
0022500429,PHX,27
0022500431,POR,20
0022500423,ATL,16
0022500426,BOS,22
0022500429,NOP,22
0022500427,CHI,18
0022500431,LAC,18
0022500423,MIA,16
0022500425,TOR,16
0022500430,UTA,20
0022500428,MEM,19
0022500425,WAS,23
0022500430,DET,23
0022500424,CHA,19
0022500437,MIL,16
0022500439,MIN,20
0022500439,BKN,22
0022500435,NYK,25
0022500433,ORL,25
0022500436,IND,22
0022500434,PHX,23
0022500432,SAC,15
0022500440,SAS,22
0022500435,ATL,20
0022500438,CLE,15
0022500434,NOP,22
0022500437,CHI,18
0022500432,DAL,11
0022500433,DEN,23
0022500438,HOU,14
0022500436,MIA,15
0022500440,UTA,19
0022500442,PHI,22
0022500444,POR,19
0022500446,SAC,20
0022500442,OKC,18
0022500444,BOS,23
0022500441,GSW,20
0022500445,LAC,26
0022500446,LAL,19
0022500441,TOR,26
0022500443,MEM,17
0022500443,WAS,21
0022500445,DET,20
0022500447,MIL,17
0022500452,MIN,12
0022500449,BKN,27
0022500454,NYK,19
0022500451,ORL,24
0022500453,IND,22
0022500448,PHX,14
0022500457,POR,24
0022500456,SAS,17
0022500455,OKC,18
0022500455,ATL,20
0022500456,CLE,24
0022500454,NOP,15
0022500452,CHI,17
0022500457,DAL,19
0022500450,DEN,21
0022500449,GSW,21
0022500453,HOU,17
0022500450,MIA,22
0022500451,TOR,22
0022500448,WAS,20
0022500447,CHA,21
0022500458,PHI,23
0022500461,SAC,20
0022500459,BOS,17
0022500461,LAC,14
0022500460,LAL,24
0022500459,UTA,17
0022500458,MEM,18
0022500460,DET,26
0022500469,MIL,14
0022500463,MIN,16
0022500467,NYK,30
0022500464,ORL,23
0022500464,IND,24
0022500465,PHX,20
0022500470,POR,21
0022500467,SAS,17
0022500470,OKC,18
0022500463,ATL,15
0022500465,CLE,17
0022500466,NOP,24
0022500466,CHI,18
0022500468,DEN,18
0022500462,GSW,20
0022500468,TOR,25
0022500469,WAS,18
0022500462,CHA,23
0022500471,BKN,17
0022500473,PHI,19
0022500474,SAC,17
0022500474,BOS,12
0022500473,DAL,12
0022500471,HOU,22
0022500475,LAC,22
0022500472,MIA,19
0022500475,UTA,21
0022500472,DET,20
0022500481,MIL,23
0022500477,BKN,16
0022500479,NYK,17
0022500480,ORL,23
0022500476,IND,28
0022500483,PHX,23
0022500482,POR,17
0022500483,SAC,23
0022500476,SAS,17
0022500484,OKC,21
0022500479,ATL,21
0022500478,CLE,18
0022500482,NOP,22
0022500480,CHI,15
0022500478,DEN,15
0022500484,GSW,18
0022500485,LAL,21
0022500485,MEM,20
0022500477,WAS,20
0022500481,CHA,18
0022500486,MIN,20
0022500487,NYK,18
0022500487,PHI,23
0022500490,POR,16
0022500490,SAS,20
0022500488,ATL,19
0022500493,BOS,20
0022500489,CHI,16
0022500491,DAL,15
0022500492,GSW,13
0022500491,HOU,17
0022500493,LAC,15
0022500486,MIA,22
0022500488,TOR,20
0022500492,UTA,20
0022500489,CHA,12
0022500500,MIL,21
0022500498,MIN,17
0022500496,BKN,22
0022500495,ORL,19
0022500495,IND,26
0022500499,PHX,23
0022500500,SAC,22
0022500499,OKC,20
0022500494,CLE,18
0022500497,NOP,14
0022500496,DEN,24
0022500501,LAL,18
0022500497,MIA,14
0022500501,MEM,31
0022500498,WAS,20
0022500494,DET,24
0022500502,NYK,17
0022500507,PHI,20
0022500505,PHX,14
0022500509,POR,16
0022500506,OKC,14
0022500504,ATL,21
0022500503,BOS,11
0022500503,CHI,13
0022500507,DEN,18
0022500508,GSW,18
0022500505,HOU,11
0022500508,LAC,21
0022500504,TOR,16
0022500509,UTA,19
0022500502,DET,15
0022500506,CHA,23
0022500513,MIN,23
0022500511,ORL,23
0022500510,IND,14
0022500515,SAC,20
0022500512,SAS,18
0022500510,CLE,23
0022500514,NOP,19
0022500515,DAL,12
0022500514,LAL,21
0022500513,MIA,20
0022500512,MEM,15
0022500511,WAS,25
0022500526,MIL,15
0022500521,BKN,18
0022500522,NYK,17
0022500521,ORL,19
0022500518,PHI,11
0022500524,PHX,17
0022500527,POR,21
0022500523,SAS,20
0022500525,OKC,21
0022500519,ATL,19
0022500520,BOS,20
0022500519,NOP,15
0022500517,CHI,15
0022500520,DEN,15
0022500526,GSW,15
0022500527,HOU,26
0022500522,LAC,16
0022500523,LAL,21
0022500516,TOR,19
0022500525,UTA,31
0022500524,MEM,11
0022500518,WAS,20
0022500517,DET,14
0022500516,CHA,19
0022500530,MIN,21
0022500528,IND,27
0022500530,CLE,17
0022500531,DAL,13
0022500531,UTA,11
0022500528,CHA,22
0022500541,MIL,16
0022500535,BKN,18
0022500538,NYK,23
0022500533,ORL,18
0022500533,PHI,20
0022500538,PHX,21
0022500540,POR,17
0022500539,SAC,15
0022500536,OKC,22
0022500537,ATL,17
0022500532,BOS,12
0022500534,NOP,22
0022500537,DEN,11
0022500539,GSW,13
0022500540,HOU,17
0022500535,LAC,13
0022500541,LAL,20
0022500532,TOR,18
0022500536,MEM,26
0022500534,WAS,23
0022500542,MIN,19
0022500543,IND,23
0022500545,SAS,13
0022500545,BOS,18
0022500542,CLE,18
0022500546,CHI,20
0022500546,DAL,13
0022500544,LAC,17
0022500543,MIA,18
0022500547,UTA,21
0022500544,DET,26
0022500547,CHA,18
0022500554,MIL,19
0022500552,MIN,19
0022500549,BKN,17
0022500551,NYK,18
0022500548,ORL,16
0022500550,PHI,29
0022500555,PHX,19
0022500551,POR,8
0022500557,SAC,22
0022500552,SAS,22
0022500553,OKC,18
0022500556,ATL,21
0022500548,NOP,25
0022500554,DEN,15
0022500556,GSW,21
0022500557,HOU,16
0022500553,MIA,24
0022500550,TOR,28
0022500549,MEM,15
0022500555,WAS,16
0022500561,BKN,20
0022500559,IND,7
0022500560,PHI,24
0022500562,SAC,18
0022500559,BOS,7
0022500558,CLE,19
0022500561,DAL,16
0022500563,LAC,15
0022500562,LAL,9
0022500560,TOR,19
0022500558,UTA,14
0022500563,CHA,17
0022500566,MIL,14
0022500566,MIN,16
0022500564,PHX,22
0022500570,POR,16
0022500568,SAS,25
0022500568,OKC,23
0022500569,ATL,23
0022500567,NOP,20
0022500565,CHI,19
0022500567,DEN,22
0022500570,GSW,14
0022500565,HOU,18
0022500569,LAL,17
0022500564,MIA,22
0022500574,BKN,21
0022500576,NYK,24
0022500571,IND,21
0022500572,PHI,15
0022500576,SAC,21
0022500572,CLE,19
0022500574,NOP,11
0022500573,CHI,19
0022500575,DAL,20
0022500575,DEN,25
0022500577,LAC,14
0022500571,TOR,23
0022500573,UTA,20
0022500577,WAS,17
0022500582,MIL,21
0022500584,NYK,14
0022500578,ORL,15
0022500579,PHX,25
0022500585,POR,15
0022500582,SAS,19
0022500581,OKC,16
0022500585,ATL,19
0022500580,BOS,22
0022500583,DAL,19
0022500584,GSW,16
0022500581,HOU,12
0022500586,LAL,17
0022500580,MIA,20
0022500583,UTA,14
0022500578,MEM,18
0022500579,DET,15
0022500586,CHA,21
0022500591,MIN,27
0022500587,BKN,17
0022500588,IND,22
0022500589,PHI,15
0022500592,SAC,19
0022500589,CLE,15
0022500588,NOP,16
0022500587,CHI,14
0022500591,HOU,23
0022500590,LAC,19
0022500590,TOR,21
0022500592,WAS,22
0022500598,MIN,22
0022500596,NYK,19
0022500595,IND,18
0022500596,PHX,20
0022500601,POR,17
0022500598,SAS,20
0022500597,OKC,19
0022500594,ATL,17
0022500594,BOS,17
0022500593,DAL,18
0022500600,DEN,21
0022500599,GSW,23
0022500601,LAL,25
0022500597,MIA,21
0022500593,UTA,27
0022500600,WAS,17
0022500595,DET,26
0022500599,CHA,22
0022500603,BKN,15
0022500602,ORL,20
0022500606,POR,18
0022500606,SAC,26
0022500604,NOP,16
0022500603,CHI,18
0022500605,DEN,18
0022500604,HOU,12
0022500607,LAL,15
0022500607,TOR,15
0022500602,MEM,18
0022500605,CHA,19
0022500014,MIL,20
0022500610,BKN,21
0022500016,NYK,25
0022500609,IND,22
0022500609,PHI,14
0022500610,PHX,17
0022500611,SAS,21
0022500015,OKC,24
0022500014,ATL,19
0022500017,BOS,23
0022500015,CLE,21
0022500016,DAL,21
0022500612,GSW,17
0022500608,LAC,16
0022500612,MIA,18
0022500611,UTA,22
0022500608,WAS,22
0022500017,DET,25
0022500616,MIN,17
0022500613,PHI,22
0022500613,PHX,21
0022500619,SAC,20
0022500615,SAS,16
0022500614,CHI,15
0022500617,DEN,21
0022500618,GSW,20
0022500615,HOU,11
0022500614,LAC,13
0022500617,LAL,18
0022500619,MIA,13
0022500618,TOR,22
0022500616,UTA,22
0022500625,MIL,19
0022500622,BKN,16
0022500622,NYK,18
0022500621,IND,20
0022500626,SAC,16
0022500625,OKC,11
0022500623,ATL,24
0022500621,BOS,19
0022500620,CLE,21
0022500624,NOP,20
0022500626,TOR,19
0022500623,MEM,23
0022500624,DET,21
0022500620,CHA,23
0022500631,MIN,27
0022500627,ORL,23
0022500628,PHI,23
0022500634,POR,17
0022500632,SAS,13
0022500631,CHI,18
0022500630,DAL,17
0022500629,DEN,14
0022500630,GSW,24
0022500628,HOU,18
0022500633,LAC,17
0022500633,LAL,17
0022500634,MIA,10
0022500632,UTA,16
0022500629,WAS,21
0022500627,CHA,18
0022500640,MIL,19
0022500637,BKN,26
0022500641,IND,24
0022500636,PHX,12
0022500642,POR,11
0022500638,SAC,25
0022500641,OKC,22
0022500636,ATL,13
0022500637,BOS,28
0022500638,CLE,17
0022500639,NOP,20
0022500640,DEN,19
0022500635,HOU,18
0022500642,TOR,17
0022500639,MEM,23
0022500635,DET,24
0022500643,NYK,22
0022500646,ORL,20
0022500643,PHI,21
0022500647,BOS,9
0022500646,CLE,25
0022500647,CHI,15
0022500648,DAL,19
0022500648,LAL,20
0022500649,MIA,21
0022500649,UTA,26
0022500645,WAS,22
0022500645,CHA,10
0022500644,MIN,16
0022500656,BKN,19
0022500655,PHX,24
0022500650,SAC,21
0022500654,SAS,16
0022500653,OKC,17
0022500654,NOP,23
0022500644,GSW,20
0022500656,LAC,15
0022500655,MIA,21
0022500653,TOR,22
0022500650,DET,21
0022500663,MIN,15
0022500658,ORL,19
0022500659,IND,12
0022500657,PHI,21
0022500660,POR,22
0022500659,ATL,20
0022500660,BOS,21
0022500658,CLE,15
0022500661,CHI,20
0022500663,GSW,19
0022500662,HOU,13
0022500661,LAL,15
0022500662,MEM,21
0022500657,CHA,22
0022500666,MIL,12
0022500669,BKN,21
0022500665,NYK,16
0022500666,PHI,22
0022500669,PHX,18
0022500664,POR,17
0022500665,SAC,16
0022500667,OKC,15
0022500667,NOP,21
0022500668,DEN,16
0022500670,LAC,19
0022500670,UTA,17
0022500664,WAS,17
0022500668,DET,21
0022500677,MIN,25
0022500675,NYK,21
0022500674,ORL,16
0022500672,IND,18
0022500679,SAS,15
0022500673,ATL,19
0022500673,BOS,13
0022500671,CLE,15
0022500672,CHI,22
0022500677,DAL,19
0022500678,GSW,17
0022500679,HOU,18
0022500671,LAL,16
0022500674,MIA,18
0022500675,TOR,19
0022500678,UTA,22
0022500676,MEM,10
0022500676,CHA,11
0022500681,MIL,20
0022500686,MIN,21
0022500684,BKN,21
0022500680,PHI,19
0022500685,PHX,23
0022500680,SAC,26
0022500686,OKC,15
0022500682,ATL,16
0022500529,CHI,20
0022500683,DAL,15
0022500684,DEN,14
0022500682,HOU,11
0022500529,MIA,19
0022500681,WAS,11
0022500685,DET,19
0022500683,CHA,17
0022500694,BKN,20
0022500690,NYK,21
0022500687,ORL,23
0022500693,PHX,19
0022500690,POR,13
0022500689,SAC,18
0022500689,BOS,17
0022500693,CLE,17
0022500691,NOP,16
0022500695,DEN,18
0022500696,GSW,20
0022500695,LAC,21
0022500688,LAL,8
0022500687,TOR,24
0022500694,UTA,23
0022500691,MEM,19
0022500688,WAS,19
0022500696,DET,23
0022500700,MIN,21
0022500698,IND,21
0022500699,PHI,17
0022500697,SAS,16
0022500698,ATL,18
0022500699,NOP,16
0022500692,CHI,21
0022500701,DAL,12
0022500701,HOU,20
0022500692,MIA,19
0022500700,MEM,16
0022500697,CHA,19
0022500702,MIL,17
0022500704,BKN,19
0022500708,NYK,15
0022500703,ORL,19
0022500709,PHX,26
0022500710,POR,17
0022500707,SAC,15
0022500703,SAS,22
0022500711,OKC,21
0022500702,BOS,16
0022500710,CLE,15
0022500705,CHI,16
0022500711,DEN,20
0022500709,LAC,18
0022500708,LAL,14
0022500705,MIA,25
0022500706,TOR,23
0022500706,UTA,21
0022500707,WAS,22
0022500704,DET,21
0022500714,MIN,25
0022500713,IND,27
0022500715,PHI,22
0022500712,NOP,23
0022500713,HOU,17
0022500715,LAC,19
0022500714,MEM,22
0022500712,CHA,19
0022500722,MIL,20
0022500719,BKN,21
0022500718,NYK,22
0022500723,ORL,24
0022500717,IND,18
0022500724,PHI,6
0022500725,PHX,19
0022500725,POR,16
0022500723,OKC,15
0022500720,ATL,22
0022500721,BOS,20
0022500722,CHI,14
0022500721,DAL,11
0022500716,DEN,20
0022500724,GSW,16
0022500719,LAL,13
0022500720,MIA,15
0022500717,UTA,17
0022500718,WAS,22
0022500716,DET,27
0022500729,MIL,18
0022500727,MIN,20
0022500726,NYK,23
0022500731,SAC,21
0022500730,SAS,15
0022500730,OKC,16
0022500728,BOS,18
0022500732,CLE,12
0022500729,NOP,14
0022500726,DEN,21
0022500728,HOU,17
0022500732,LAC,13
0022500727,TOR,21
0022500731,MEM,26
0022500734,BKN,24
0022500734,ORL,21
0022500740,PHI,22
0022500739,PHX,15
0022500738,SAS,18
0022500735,ATL,18
0022500736,CHI,13
0022500738,DAL,20
0022500739,GSW,12
0022500737,HOU,16
0022500740,LAL,17
0022500736,TOR,11
0022500735,UTA,24
0022500733,WAS,26
0022500733,DET,17
0022500737,CHA,15
0022500743,MIL,16
0022500744,MIN,18
0022500742,NYK,15
0022500743,IND,12
0022500745,POR,17
0022500746,SAC,22
0022500741,BOS,16
0022500744,NOP,20
0022500746,LAC,18
0022500741,MIA,18
0022500745,MEM,18
0022500742,DET,21
0022500747,BKN,22
0022500750,ORL,17
0022500754,PHI,25
0022500754,PHX,23
0022500755,POR,21
0022500756,SAC,21
0022500749,SAS,17
0022500748,OKC,20
0022500751,ATL,20
0022500756,CLE,14
0022500752,CHI,24
0022500749,DAL,16
0022500752,DEN,17
0022500753,GSW,25
0022500748,HOU,23
0022500753,LAL,14
0022500750,UTA,25
0022500755,MEM,15
0022500747,WAS,21
0022500751,CHA,16
0022500760,MIN,22
0022500757,NYK,17
0022500759,IND,24
0022500757,BOS,21
0022500760,LAC,21
0022500758,MIA,19
0022500759,TOR,19
0022500758,WAS,12
0022500764,MIL,21
0022500765,MIN,19
0022500762,BKN,22
0022500764,ORL,18
0022500770,PHI,22
0022500770,POR,25
0022500766,SAC,13
0022500769,OKC,19
0022500765,ATL,19
0022500767,CLE,29
0022500766,NOP,18
0022500762,CHI,22
0022500767,DEN,23
0022500768,GSW,17
0022500769,LAL,21
0022500763,MIA,22
0022500763,UTA,25
0022500768,MEM,18
0022500761,DET,20
0022500761,CHA,24
0022500771,NYK,30
0022500771,IND,23
0022500773,PHX,27
0022500774,SAS,18
0022500773,DAL,12
0022500772,HOU,15
0022500772,LAC,18
0022500774,LAL,20
0022500777,MIL,14
0022500783,MIN,21
0022500779,BKN,18
0022500780,NYK,16
0022500777,ORL,24
0022500779,IND,18
0022500780,PHI,18
0022500785,PHX,12
0022500783,POR,22
0022500786,SAC,15
0022500788,SAS,18
0022500785,OKC,8
0022500775,ATL,21
0022500778,BOS,15
0022500776,CLE,15
0022500784,NOP,23
0022500778,CHI,18
0022500787,DEN,19
0022500788,GSW,24
0022500782,HOU,17
0022500782,LAC,15
0022500784,MIA,15
0022500781,TOR,20
0022500786,UTA,21
0022500787,MEM,32
0022500776,WAS,21
0022500781,DET,21
0022500775,CHA,23
0022500789,MIL,17
0022500790,POR,23
0022500789,OKC,8
0022500791,DAL,18
0022500791,LAL,20
0022500790,UTA,27
0022500793,BKN,19
0022500796,NYK,22
0022500800,ORL,17
0022500795,IND,22
0022500794,PHI,27
0022500798,PHX,16
0022500800,SAC,16
0022500798,SAS,12
0022500794,ATL,23
0022500799,BOS,6
0022500793,CLE,13
0022500797,CHI,18
0022500801,DEN,24
0022500799,GSW,11
0022500792,HOU,15
0022500801,LAC,23
0022500797,TOR,20
0022500795,WAS,17
0022500796,DET,20
0022500792,CHA,12
0022500807,MIL,17
0022500806,MIN,22
0022500808,BKN,23
0022500803,IND,16
0022500810,POR,20
0022500808,OKC,19
0022500805,ATL,16
0022500802,CLE,21
0022500807,NOP,17
0022500806,DAL,18
0022500810,DEN,22
0022500809,LAC,20
0022500809,LAL,24
0022500805,MIA,21
0022500804,UTA,24
0022500804,MEM,16
0022500803,WAS,15
0022500802,CHA,23
0022500816,NYK,19
0022500811,ORL,21
0022500812,PHI,25
0022500811,PHX,20
0022500815,SAC,20
0022500815,SAS,20
0022500812,NOP,25
0022500814,CHI,17
0022500816,HOU,20
0022500813,MIA,21
0022500813,MEM,22
0022500814,DET,20
0022500819,MIL,16
0022500824,MIN,15
0022500818,BKN,18
0022500825,NYK,17
0022500827,ORL,21
0022500821,IND,23
0022500824,PHI,22
0022500826,PHX,16
0022500826,POR,11
0022500817,OKC,19
0022500818,ATL,16
0022500823,BOS,19
0022500817,CLE,22
0022500825,CHI,17
0022500821,DAL,13
0022500820,DEN,11
0022500820,GSW,24
0022500827,LAC,18
0022500823,LAL,19
0022500819,TOR,19
0022500822,WAS,17
0022500822,CHA,17
0022500829,SAC,15
0022500828,SAS,22
0022500830,HOU,20
0022500830,UTA,10
0022500829,MEM,18
0022500828,DET,19
0022500837,MIL,20
0022500841,MIN,25
0022500833,BKN,21
0022500835,NYK,22
0022500840,ORL,20
0022500831,IND,19
0022500831,PHI,21
0022500839,PHX,16
0022500841,POR,17
0022500834,OKC,19
0022500832,ATL,18
0022500839,BOS,13
0022500835,CLE,18
0022500838,NOP,19
0022500836,CHI,12
0022500833,DAL,19
0022500838,GSW,21
0022500840,LAL,19
0022500837,MIA,18
0022500834,TOR,22
0022500832,WAS,19
0022500836,CHA,14
0022500846,MIL,20
0022500845,SAC,15
0022500843,SAS,20
0022500842,OKC,20
0022500847,BOS,20
0022500846,CLE,10
0022500847,DEN,18
0022500844,GSW,21
0022500845,HOU,14
0022500843,TOR,20
0022500844,MEM,16
0022500842,DET,21
0022500857,MIN,19
0022500851,BKN,19
0022500852,ORL,16
0022500848,IND,15
0022500849,PHI,22
0022500855,PHX,23
0022500853,POR,19
0022500854,SAC,22
0022500851,SAS,19
0022500850,ATL,17
0022500856,NOP,22
0022500853,CHI,24
0022500854,DAL,16
0022500852,HOU,17
0022500857,LAC,17
0022500855,LAL,15
0022500849,MIA,14
0022500856,UTA,21
0022500850,WAS,22
0022500848,CHA,19
0022500860,MIL,16
0022500859,BKN,25
0022500860,NYK,20
0022500862,OKC,16
0022500859,BOS,17
0022500858,CLE,24
0022500861,DAL,13
0022500862,DEN,22
0022500861,MEM,26
0022500858,DET,27
0022500863,POR,19
0022500867,NOP,23
0022500866,GSW,19
0022500864,HOU,18
0022500866,LAL,11
0022500864,MIA,18
0022500865,TOR,22
0022500867,UTA,20
0022500865,WAS,20
0022500863,CHA,22
0022500870,MIL,19
0022500871,MIN,21
0022500869,BKN,28
0022500868,NYK,19
0022500875,ORL,17
0022500872,IND,13
0022500874,PHI,17
0022500873,POR,15
0022500878,SAC,16
0022500868,SAS,21
0022500876,OKC,17
0022500873,ATL,25
0022500874,BOS,19
0022500869,CLE,21
0022500877,NOP,21
0022500870,CHI,14
0022500876,DAL,18
0022500871,DEN,14
0022500877,LAC,22
0022500878,LAL,12
0022500872,MEM,16
0022500875,DET,21
0022500880,MIL,13
0022500880,BOS,16
0022500881,DEN,20
0022500882,GSW,17
0022500879,HOU,17
0022500882,LAC,17
0022500881,UTA,28
0022500879,WAS,24
0022500890,MIN,24
0022500886,BKN,19
0022500887,NYK,17
0022500885,ORL,22
0022500888,PHI,16
0022500892,PHX,13
0022500892,SAC,14
0022500888,SAS,20
0022500889,OKC,13
0022500884,CLE,20
0022500891,NOP,24
0022500889,CHI,22
0022500883,DAL,19
0022500891,LAL,17
0022500886,MIA,19
0022500887,TOR,15
0022500890,MEM,26
0022500885,WAS,24
0022500884,DET,23
0022500883,CHA,31
0022500897,MIL,15
0022500893,NYK,24
0022500898,IND,21
0022500895,PHI,17
0022500896,POR,22
0022500893,OKC,22
0022500897,ATL,17
0022500894,BOS,14
0022500898,LAC,23
0022500895,UTA,24
0022500896,MEM,23
0022500894,CHA,19
0022500903,MIN,22
0022500901,BKN,19
0022500899,ORL,21
0022500905,PHX,19
0022500907,SAC,19
0022500904,SAS,20
0022500907,NOP,18
0022500905,CHI,22
0022500899,DAL,17
0022500906,DEN,16
0022500902,GSW,23
0022500902,HOU,17
0022500906,LAL,21
0022500901,MIA,20
0022500903,TOR,19
0022500900,UTA,22
0022500900,WAS,20
0022500904,DET,23
0022500911,NYK,24
0022500914,IND,19
0022500912,PHX,23
0022500910,POR,20
0022500913,SAS,17
0022500908,BOS,10
0022500912,NOP,24
0022500908,DAL,16
0022500911,DEN,19
0022500910,HOU,25
0022500913,LAC,15
0022500914,LAL,22
0022500909,MIA,14
0022500909,CHA,18
0022500919,MIL,20
0022500915,MIN,21
0022500916,BKN,24
0022500915,ORL,24
0022500917,PHI,20
0022500920,OKC,18
0022500917,ATL,18
0022500920,GSW,18
0022500918,LAC,20
0022500919,UTA,19
0022500918,MEM,29
0022500916,DET,22
0022500926,MIL,23
0022500922,NYK,23
0022500926,ORL,19
0022500929,IND,22
0022500928,PHX,17
0022500929,POR,19
0022500930,SAC,21
0022500927,SAS,26
0022500921,BOS,20
0022500921,CLE,19
0022500925,NOP,20
0022500930,CHI,19
0022500924,DAL,20
0022500927,HOU,23
0022500922,LAL,20
0022500923,MIA,23
0022500924,TOR,19
0022500925,WAS,31
0022500923,DET,23
0022500928,CHA,21
0022500932,BKN,21
0022500935,NYK,23
0022500931,PHI,21
0022500933,OKC,20
0022500931,CLE,16
0022500933,DEN,20
0022500934,GSW,20
0022500935,LAC,19
0022500934,UTA,17
0022500932,MEM,15
0022500941,MIL,13
0022500946,MIN,24
0022500937,BKN,29
0022500945,IND,23
0022500936,PHI,25
0022500941,PHX,19
0022500944,POR,24
0022500945,SAC,18
0022500942,SAS,19
0022500939,ATL,18
0022500942,BOS,18
0022500943,CHI,18
0022500939,DAL,16
0022500943,GSW,18
0022500940,HOU,19
0022500946,LAL,20
0022500938,MIA,22
0022500940,TOR,23
0022500936,MEM,31
0022500938,WAS,34
0022500937,DET,24
0022500944,CHA,20
0022500952,MIN,24
0022500949,NYK,16
0022500947,ORL,23
0022500951,SAC,18
0022500947,CLE,22
0022500948,NOP,16
0022500950,DEN,15
0022500950,HOU,18
0022500952,LAC,24
0022500948,TOR,17
0022500949,UTA,20
0022500951,CHA,12
0022500957,MIL,30
0022500956,BKN,29
0022500955,ORL,22
0022500954,IND,19
0022500953,PHI,17
0022500954,PHX,21
0022500958,SAS,25
0022500959,OKC,18
0022500956,ATL,14
0022500959,BOS,18
0022500960,CHI,18
0022501111,DAL,17
0022500958,DEN,20
0022500960,LAL,15
0022500957,MIA,14
0022501111,MEM,18
0022500955,WAS,27
0022500953,DET,20
0022500966,MIN,19
0022500962,NYK,22
0022500962,IND,21
0022500963,PHX,21
0022500967,POR,19
0022500965,CLE,22
0022500964,NOP,19
0022500968,CHI,19
0022500965,DAL,14
0022500966,GSW,20
0022500964,HOU,21
0022500968,LAC,13
0022500963,TOR,27
0022500967,UTA,17
0022500961,MEM,20
0022500961,DET,19
0022500970,MIL,18
0022500969,BKN,22
0022500972,ORL,23
0022500969,PHI,16
0022500975,SAC,25
0022500973,SAS,20
0022500970,ATL,19
0022500971,BOS,20
0022500974,DEN,22
0022500975,LAC,13
0022500974,LAL,20
0022500972,MIA,21
0022500971,WAS,18
0022500973,CHA,21
0022500979,MIL,17
0022500976,MIN,19
0022500981,NYK,15
0022500979,IND,15
0022500980,PHI,19
0022500980,POR,14
0022500982,SAC,19
0022500976,OKC,16
0022500977,CLE,21
0022500977,DAL,21
0022500981,GSW,20
0022500978,TOR,20
0022500982,UTA,16
0022500978,DET,26
0022500985,BKN,24
0022500983,ORL,19
0022500986,PHX,20
0022500985,POR,25
0022500990,SAS,23
0022500983,ATL,20
0022500986,BOS,21
0022500988,NOP,16
0022500987,CHI,16
0022500988,DAL,22
0022500984,GSW,21
0022500989,HOU,18
0022500990,LAC,23
0022500989,LAL,18
0022500987,MEM,18
0022500984,WAS,25
0022500995,MIL,22
0022500996,MIN,20
0022500994,NYK,12
0022500992,ORL,19
0022500994,IND,15
0022500997,PHI,26
0022500996,PHX,23
0022500998,SAC,14
0022500998,SAS,11
0022500992,OKC,16
0022500995,CLE,20
0022500997,DEN,16
0022500991,MIA,22
0022500993,WAS,23
0022500993,DET,23
0022500991,CHA,25
0022501004,MIN,23
0022501000,BKN,21
0022501001,IND,24
0022501001,POR,16
0022501000,OKC,20
0022501006,ATL,21
0022500999,BOS,20
0022501005,NOP,14
0022501002,CHI,24
0022501006,DAL,12
0022500651,DEN,24
0022500999,GSW,17
0022501007,HOU,21
0022501005,LAC,17
0022501007,LAL,20
0022501002,TOR,23
0022501004,UTA,23
0022500651,MEM,17
0022501014,MIL,18
0022501008,ORL,23
0022501015,PHI,22
0022501013,PHX,21
0022501015,SAC,18
0022501013,SAS,19
0022501011,CLE,17
0022501012,NOP,19
0022501011,CHI,24
0022501012,LAC,21
0022501010,LAL,20
0022501010,MIA,26
0022501014,UTA,18
0022501009,WAS,21
0022501009,DET,14
0022501008,CHA,24
0022501020,MIN,19
0022501016,BKN,28
0022501016,NYK,15
0022501020,POR,22
0022501018,ATL,21
0022501019,BOS,20
0022501021,DEN,20
0022501017,GSW,17
0022501018,HOU,13
0022501021,TOR,24
0022501019,MEM,23
0022501017,DET,20
0022501031,MIL,17
0022501024,ORL,27
0022501028,IND,14
0022501030,PHI,26
0022501031,PHX,21
0022501028,SAS,19
0022501022,OKC,16
0022501026,ATL,17
0022501025,CLE,17
0022501025,NOP,19
0022501029,DAL,16
0022501026,GSW,21
0022501027,HOU,16
0022501029,LAC,22
0022501024,LAL,20
0022501027,MIA,19
0022501030,UTA,25
0022501023,MEM,20
0022501022,WAS,26
0022501023,CHA,17
0022501035,MIN,16
0022501033,BKN,26
0022501034,NYK,12
0022501036,PHX,20
0022501032,POR,16
0022501033,SAC,18
0022501035,BOS,13
0022501032,DEN,19
0022501036,TOR,18
0022501034,WAS,20
0022501046,MIL,17
0022501045,BKN,33
0022501039,ORL,18
0022501039,IND,21
0022501040,PHI,12
0022501045,POR,24
0022501041,SAS,18
0022501040,OKC,15
0022501037,ATL,19
0022501042,CHI,21
0022501044,DAL,23
0022501044,GSW,25
0022501042,HOU,18
0022501046,LAC,18
0022501038,LAL,18
0022501041,MIA,19
0022501043,TOR,30
0022501043,UTA,19
0022501037,MEM,20
0022501038,DET,23
0022501048,NYK,18
0022501049,ORL,23
0022501050,PHX,20
0022501047,SAC,15
0022501049,CLE,22
0022501048,NOP,19
0022501050,DEN,27
0022501047,CHA,16
0022501061,MIL,25
0022501058,MIN,23
0022501060,BKN,30
0022501052,IND,25
0022501053,PHI,24
0022501061,POR,13
0022501056,SAS,17
0022501054,OKC,22
0022501051,ATL,19
0022501054,BOS,21
0022501055,CLE,21
0022501053,CHI,21
0022501059,DAL,22
0022501059,DEN,27
0022501060,GSW,22
0022501058,HOU,15
0022501062,LAC,14
0022501052,LAL,22
0022501055,MIA,17
0022501062,TOR,20
0022501057,UTA,17
0022501056,MEM,18
0022501057,WAS,26
0022501051,DET,20
0022501063,NYK,21
0022501065,ORL,14
0022501065,SAC,24
0022501064,NOP,20
0022501064,DET,18
0022501063,CHA,19
0022501075,BKN,28
0022501066,IND,24
0022501074,POR,23
0022501070,OKC,19
0022501067,ATL,21
0022501067,BOS,20
0022501068,CLE,26
0022501071,NOP,18
0022501070,CHI,21
0022501074,DAL,22
0022501072,DEN,17
0022501073,GSW,14
0022501069,HOU,14
0022501066,LAC,19
0022501075,LAL,16
0022501068,MIA,22
0022501071,TOR,24
0022501072,UTA,24
0022501069,MEM,20
0022501073,WAS,23
0022501076,MIL,18
0022501080,MIN,13
0022501077,PHI,25
0022501081,PHX,17
0022501078,SAC,18
0022501076,SAS,6
0022501078,ATL,12
0022501079,CHI,20
0022501081,UTA,18
0022501079,MEM,32
0022501080,DET,24
0022501077,CHA,22
0022501082,MIL,30
0022501084,BKN,21
0022501089,NYK,25
0022501086,ORL,20
0022501083,IND,17
0022501087,POR,24
0022501084,SAC,23
0022501089,OKC,22
0022501085,BOS,18
0022501088,NOP,18
0022501090,DEN,18
0022501090,GSW,18
0022501088,HOU,17
0022501082,LAC,19
0022501083,MIA,17
0022501086,TOR,18
0022501087,WAS,28
0022501085,CHA,17
0022501095,MIN,27
0022501091,PHI,22
0022501093,PHX,15
0022501094,SAS,14
0022501097,OKC,24
0022501092,ATL,21
0022501092,BOS,18
0022501096,CLE,17
0022501094,CHI,20
0022501095,DAL,14
0022501098,LAL,15
0022501091,MIA,14
0022501096,UTA,23
0022501093,MEM,13
0022501098,WAS,22
0022501097,DET,28
0022500652,MIL,19
0022501100,BKN,19
0022501102,NYK,16
0022501099,ORL,29
0022501099,PHX,32
0022501104,POR,17
0022501103,CLE,19
0022500652,DAL,19
0022501102,HOU,17
0022501104,LAC,15
0022501103,LAL,19
0022501101,TOR,22
0022501101,DET,22
0022501100,CHA,22
0022501110,MIL,16
0022501003,NYK,19
0022501107,ORL,24
0022501109,IND,22
0022501105,PHI,18
0022501108,SAC,22
0022501113,SAS,20
0022501107,ATL,29
0022501106,BOS,17
0022501109,CHI,14
0022501112,DEN,18
0022501113,GSW,26
0022501110,HOU,13
0022501106,MIA,16
0022501108,TOR,21
0022501112,UTA,22
0022501003,MEM,22
0022501105,WAS,14
0022501115,MIN,20
0022501114,PHX,21
0022501118,POR,17
0022501119,SAS,21
0022501116,OKC,18
0022501117,CLE,14
0022501118,NOP,21
0022501117,GSW,20
0022501119,LAC,18
0022501116,LAL,10
0022501115,DET,19
0022501114,CHA,19
0022501126,MIL,21
0022501121,MIN,21
0022501122,BKN,21
0022501123,NYK,21
0022501127,ORL,25
0022501120,IND,18
0022501121,PHI,16
0022501128,SAC,16
0022501122,ATL,18
0022501126,BOS,13
0022501128,NOP,18
0022501123,CHI,23
0022501127,DAL,24
0022501124,HOU,18
0022501125,TOR,21
0022501124,UTA,21
0022501125,MEM,31
0022501120,CHA,18
0022501131,PHI,17
0022501130,SAS,22
0022501130,DEN,22
0022501129,MIA,17
0022501129,WAS,25
0022501131,DET,15
0022501135,MIL,19
0022501137,MIN,18
0022501133,BKN,19
0022501138,ORL,23
0022501136,IND,15
0022501134,PHX,22
0022501141,SAC,19
0022501139,OKC,13
0022501132,BOS,19
0022501136,CLE,20
0022501138,NOP,27
0022501134,CHI,23
0022501140,DAL,22
0022501142,GSW,19
0022501142,HOU,16
0022501141,LAC,20
0022501140,LAL,23
0022501132,TOR,16
0022501139,UTA,13
0022501135,MEM,21
0022501133,WAS,18
0022501137,CHA,20
0022501143,NYK,14
0022501144,ORL,19
0022501146,PHI,21
0022501147,POR,24
0022501146,SAS,23
0022501143,ATL,18
0022501145,CLE,11
0022501147,DEN,26
0022501145,MEM,27
0022501144,DET,24
0022501150,MIL,20
0022501152,MIN,22
0022501150,BKN,13
0022501152,IND,16
0022501157,PHX,20
0022501154,SAC,21
0022501155,OKC,21
0022501149,BOS,13
0022501153,NOP,18
0022501148,CHI,22
0022501156,DAL,20
0022501154,GSW,15
0022501157,HOU,30
0022501156,LAC,18
0022501155,LAL,12
0022501151,MIA,15
0022501151,TOR,19
0022501153,UTA,18
0022501148,WAS,19
0022501149,CHA,16
0022501160,MIL,24
0022501159,MIN,20
0022501159,ORL,18
0022501164,PHX,16
0022501161,POR,15
0022501161,SAS,14
0022501163,OKC,23
0022501158,ATL,25
0022501158,CLE,14
0022501164,DAL,14
0022501162,DEN,20
0022501163,LAC,18
0022501162,MEM,20
0022501160,DET,21
0022501167,BKN,21
0022501168,NYK,17
0022501167,IND,16
0022501169,PHI,24
0022501168,BOS,16
0022501166,CHI,21
0022501170,GSW,6
0022501169,HOU,18
0022501170,LAL,13
0022501165,MIA,25
0022501165,TOR,15
0022501166,WAS,18
0022501179,MIL,15
0022501178,MIN,21
0022501179,BKN,13
0022501176,NYK,16
0022501177,ORL,22
0022501175,IND,15
0022501175,PHI,14
0022501185,PHX,18
0022501183,POR,15
0022501184,SAC,21
0022501180,SAS,15
0022501182,OKC,15
0022501173,ATL,18
0022501174,BOS,26
0022501173,CLE,20
0022501174,NOP,19
0022501177,CHI,20
0022501180,DAL,19
0022501182,DEN,10
0022501184,GSW,22
0022501178,HOU,18
0022501183,LAC,27
0022501185,LAL,18
0022501172,MIA,20
0022501176,TOR,24
0022501181,UTA,9
0022501181,MEM,15
0022501172,WAS,17
0022501171,DET,20
0022501171,CHA,17
0022501191,MIL,15
0022501195,MIN,27
0022501192,BKN,27
0022501190,NYK,25
0022501186,ORL,19
0022501188,IND,17
0022501191,PHI,19
0022501196,PHX,9
0022501200,POR,21
0022501200,SAC,18
0022501197,SAS,18
0022501196,OKC,8
0022501189,ATL,17
0022501186,BOS,23
0022501187,CLE,18
0022501195,NOP,28
0022501193,CHI,20
0022501193,DAL,24
0022501197,DEN,16
0022501199,GSW,21
0022501194,HOU,10
0022501199,LAC,24
0022501198,LAL,20
0022501189,MIA,14
0022501192,TOR,20
0022501198,UTA,14
0022501194,MEM,24
0022501187,WAS,21
0022501188,DET,17
0022501190,CHA,13
